"2017-01-02 13:00:01";"Запрос на запуск хрона"
"2017-01-02 13:00:01";"Запуск в режиме рассылки"
"2017-01-02 14:00:00";"Запрос на запуск хрона"
"2017-01-02 14:00:00";"Запуск в режиме рассылки"
"2017-01-02 15:00:00";"Запрос на запуск хрона"
"2017-01-02 15:00:00";"Запуск в режиме рассылки"
"2017-01-02 16:00:00";"Запрос на запуск хрона"
"2017-01-02 16:00:00";"Запуск в режиме рассылки"
"2017-01-02 17:00:00";"Запрос на запуск хрона"
"2017-01-02 17:00:00";"Запуск в режиме рассылки"
"2017-01-02 18:00:01";"Запрос на запуск хрона"
"2017-01-02 18:00:01";"Запуск в режиме рассылки"
"2017-01-02 19:00:01";"Запрос на запуск хрона"
"2017-01-02 19:00:01";"Запуск в режиме рассылки"
"2017-01-02 20:00:01";"Запрос на запуск хрона"
"2017-01-02 20:00:01";"Запуск в режиме рассылки"
"2017-01-02 21:00:01";"Запрос на запуск хрона"
"2017-01-02 21:00:01";"Запуск в режиме рассылки"
"2017-01-02 22:00:01";"Запрос на запуск хрона"
"2017-01-02 22:00:01";"Запуск в режиме рассылки"
"2017-01-02 23:00:01";"Запрос на запуск хрона"
"2017-01-02 23:00:01";"Запуск в режиме рассылки"
"2017-01-03 10:00:02";"Запрос на запуск хрона"
"2017-01-03 10:00:02";"Запуск в режиме обслуживания"
"2017-01-03 10:00:02";"Запуск в режиме рассылки"
"2017-01-04 10:00:01";"Запрос на запуск хрона"
"2017-01-04 10:00:01";"Запуск в режиме обслуживания"
"2017-01-04 10:00:01";"Запуск в режиме рассылки"
"2017-01-05 15:00:01";"Запрос на запуск хрона"
"2017-01-05 15:00:01";"Запуск в режиме обслуживания"
"2017-01-05 15:00:01";"Запуск в режиме рассылки"
"2017-01-05 16:00:00";"Запрос на запуск хрона"
"2017-01-05 16:00:00";"Запуск в режиме рассылки"
"2017-01-05 17:00:00";"Запрос на запуск хрона"
"2017-01-05 17:00:00";"Запуск в режиме рассылки"
"2017-01-05 18:00:01";"Запрос на запуск хрона"
"2017-01-05 18:00:01";"Запуск в режиме рассылки"
"2017-01-05 19:00:00";"Запрос на запуск хрона"
"2017-01-05 19:00:00";"Запуск в режиме рассылки"
"2017-01-06 09:00:01";"Запрос на запуск хрона"
"2017-01-06 09:00:01";"Запуск в режиме обслуживания"
"2017-01-06 09:00:01";"Запуск в режиме рассылки"
"2017-01-06 10:00:01";"Запрос на запуск хрона"
"2017-01-06 10:00:01";"Запуск в режиме рассылки"
"2017-01-06 11:00:01";"Запрос на запуск хрона"
"2017-01-06 11:00:01";"Запуск в режиме рассылки"
"2017-01-06 12:00:01";"Запрос на запуск хрона"
"2017-01-06 12:00:01";"Запуск в режиме рассылки"
"2017-01-06 13:00:01";"Запрос на запуск хрона"
"2017-01-06 13:00:01";"Запуск в режиме рассылки"
"2017-01-06 14:00:01";"Запрос на запуск хрона"
"2017-01-06 14:00:01";"Запуск в режиме рассылки"
"2017-01-06 15:00:00";"Запрос на запуск хрона"
"2017-01-06 15:00:00";"Запуск в режиме рассылки"
"2017-01-06 16:00:01";"Запрос на запуск хрона"
"2017-01-06 16:00:01";"Запуск в режиме рассылки"
"2017-01-06 17:00:01";"Запрос на запуск хрона"
"2017-01-06 17:00:01";"Запуск в режиме рассылки"
"2017-01-06 18:00:01";"Запрос на запуск хрона"
"2017-01-06 18:00:01";"Запуск в режиме рассылки"
"2017-01-06 19:00:00";"Запрос на запуск хрона"
"2017-01-06 19:00:00";"Запуск в режиме рассылки"
"2017-01-06 20:00:00";"Запрос на запуск хрона"
"2017-01-06 20:00:00";"Запуск в режиме рассылки"
"2017-01-06 21:00:00";"Запрос на запуск хрона"
"2017-01-06 21:00:00";"Запуск в режиме рассылки"
"2017-01-06 22:00:01";"Запрос на запуск хрона"
"2017-01-06 22:00:01";"Запуск в режиме рассылки"
"2017-01-07 08:00:01";"Запрос на запуск хрона"
"2017-01-07 08:00:01";"Запуск в режиме обслуживания"
"2017-01-07 08:00:01";"Запуск в режиме рассылки"
"2017-01-07 09:00:00";"Запрос на запуск хрона"
"2017-01-07 09:00:00";"Запуск в режиме рассылки"
"2017-01-07 10:00:01";"Запрос на запуск хрона"
"2017-01-07 10:00:01";"Запуск в режиме рассылки"
"2017-01-07 16:00:01";"Запрос на запуск хрона"
"2017-01-07 16:00:01";"Запуск в режиме рассылки"
"2017-01-07 17:00:01";"Запрос на запуск хрона"
"2017-01-07 17:00:01";"Запуск в режиме рассылки"
"2017-01-07 18:00:00";"Запрос на запуск хрона"
"2017-01-07 18:00:00";"Запуск в режиме рассылки"
"2017-01-07 19:00:00";"Запрос на запуск хрона"
"2017-01-07 19:00:00";"Запуск в режиме рассылки"
"2017-01-07 20:00:00";"Запрос на запуск хрона"
"2017-01-07 20:00:00";"Запуск в режиме рассылки"
"2017-01-07 21:00:01";"Запрос на запуск хрона"
"2017-01-07 21:00:01";"Запуск в режиме рассылки"
"2017-01-07 22:00:00";"Запрос на запуск хрона"
"2017-01-07 22:00:00";"Запуск в режиме рассылки"
"2017-01-08 10:00:01";"Запрос на запуск хрона"
"2017-01-08 10:00:01";"Запуск в режиме обслуживания"
"2017-01-08 10:00:01";"Запуск в режиме рассылки"
"2017-01-08 11:00:01";"Запрос на запуск хрона"
"2017-01-08 11:00:01";"Запуск в режиме рассылки"
"2017-01-08 12:00:01";"Запрос на запуск хрона"
"2017-01-08 12:00:01";"Запуск в режиме рассылки"
"2017-01-08 13:00:01";"Запрос на запуск хрона"
"2017-01-08 13:00:01";"Запуск в режиме рассылки"
"2017-01-08 14:00:00";"Запрос на запуск хрона"
"2017-01-08 14:00:00";"Запуск в режиме рассылки"
"2017-01-08 15:00:00";"Запрос на запуск хрона"
"2017-01-08 15:00:00";"Запуск в режиме рассылки"
"2017-01-08 16:00:00";"Запрос на запуск хрона"
"2017-01-08 16:00:00";"Запуск в режиме рассылки"
"2017-01-08 17:00:01";"Запрос на запуск хрона"
"2017-01-08 17:00:01";"Запуск в режиме рассылки"
"2017-01-08 18:00:00";"Запрос на запуск хрона"
"2017-01-08 18:00:00";"Запуск в режиме рассылки"
"2017-01-08 19:00:00";"Запрос на запуск хрона"
"2017-01-08 19:00:00";"Запуск в режиме рассылки"
"2017-01-08 20:00:00";"Запрос на запуск хрона"
"2017-01-08 20:00:00";"Запуск в режиме рассылки"
"2017-01-08 21:00:00";"Запрос на запуск хрона"
"2017-01-08 21:00:00";"Запуск в режиме рассылки"
"2017-01-08 22:00:00";"Запрос на запуск хрона"
"2017-01-08 22:00:00";"Запуск в режиме рассылки"
"2017-01-09 10:00:02";"Запрос на запуск хрона"
"2017-01-09 10:00:02";"Запуск в режиме обслуживания"
"2017-01-09 10:00:02";"Запуск в режиме рассылки"
"2017-01-09 11:00:01";"Запрос на запуск хрона"
"2017-01-09 11:00:01";"Запуск в режиме рассылки"
"2017-01-09 12:00:00";"Запрос на запуск хрона"
"2017-01-09 12:00:00";"Запуск в режиме рассылки"
"2017-01-09 13:00:01";"Запрос на запуск хрона"
"2017-01-09 13:00:01";"Запуск в режиме рассылки"
"2017-01-09 14:00:01";"Запрос на запуск хрона"
"2017-01-09 14:00:01";"Запуск в режиме рассылки"
"2017-01-09 15:00:01";"Запрос на запуск хрона"
"2017-01-09 15:00:01";"Запуск в режиме рассылки"
"2017-01-09 16:00:00";"Запрос на запуск хрона"
"2017-01-09 16:00:00";"Запуск в режиме рассылки"
"2017-01-09 17:00:00";"Запрос на запуск хрона"
"2017-01-09 17:00:00";"Запуск в режиме рассылки"
"2017-01-09 18:00:00";"Запрос на запуск хрона"
"2017-01-09 18:00:00";"Запуск в режиме рассылки"
"2017-01-09 19:00:01";"Запрос на запуск хрона"
"2017-01-09 19:00:01";"Запуск в режиме рассылки"
"2017-01-09 20:00:00";"Запрос на запуск хрона"
"2017-01-09 20:00:00";"Запуск в режиме рассылки"
"2017-01-09 21:00:00";"Запрос на запуск хрона"
"2017-01-09 21:00:00";"Запуск в режиме рассылки"
"2017-01-10 10:00:01";"Запрос на запуск хрона"
"2017-01-10 10:00:01";"Запуск в режиме обслуживания"
"2017-01-10 10:00:01";"Запуск в режиме рассылки"
"2017-01-10 11:00:01";"Запрос на запуск хрона"
"2017-01-10 11:00:01";"Запуск в режиме рассылки"
"2017-01-10 12:00:01";"Запрос на запуск хрона"
"2017-01-10 12:00:01";"Запуск в режиме рассылки"
"2017-01-10 13:00:01";"Запрос на запуск хрона"
"2017-01-10 13:00:01";"Запуск в режиме рассылки"
"2017-01-10 14:00:01";"Запрос на запуск хрона"
"2017-01-10 14:00:01";"Запуск в режиме рассылки"
"2017-01-10 15:00:01";"Запрос на запуск хрона"
"2017-01-10 15:00:01";"Запуск в режиме рассылки"
"2017-01-10 16:00:01";"Запрос на запуск хрона"
"2017-01-10 16:00:01";"Запуск в режиме рассылки"
"2017-01-10 17:00:01";"Запрос на запуск хрона"
"2017-01-10 17:00:01";"Запуск в режиме рассылки"
"2017-01-10 18:00:00";"Запрос на запуск хрона"
"2017-01-10 18:00:00";"Запуск в режиме рассылки"
"2017-01-10 19:00:00";"Запрос на запуск хрона"
"2017-01-10 19:00:00";"Запуск в режиме рассылки"
"2017-01-10 20:00:01";"Запрос на запуск хрона"
"2017-01-10 20:00:01";"Запуск в режиме рассылки"
"2017-01-11 16:00:01";"Запрос на запуск хрона"
"2017-01-11 16:00:01";"Запуск в режиме обслуживания"
"2017-01-11 16:00:01";"Запуск в режиме рассылки"
"2017-01-11 17:00:01";"Запрос на запуск хрона"
"2017-01-11 17:00:01";"Запуск в режиме рассылки"
"2017-01-11 18:00:01";"Запрос на запуск хрона"
"2017-01-11 18:00:01";"Запуск в режиме рассылки"
"2017-01-11 19:00:01";"Запрос на запуск хрона"
"2017-01-11 19:00:01";"Запуск в режиме рассылки"
"2017-01-11 20:00:00";"Запрос на запуск хрона"
"2017-01-11 20:00:00";"Запуск в режиме рассылки"
"2017-01-11 21:00:00";"Запрос на запуск хрона"
"2017-01-11 21:00:00";"Запуск в режиме рассылки"
"2017-01-11 22:00:01";"Запрос на запуск хрона"
"2017-01-11 22:00:01";"Запуск в режиме рассылки"
"2017-01-12 11:00:01";"Запрос на запуск хрона"
"2017-01-12 11:00:01";"Запуск в режиме обслуживания"
"2017-01-12 11:00:01";"Запуск в режиме рассылки"
"2017-01-12 12:00:01";"Запрос на запуск хрона"
"2017-01-12 12:00:01";"Запуск в режиме рассылки"
"2017-01-12 13:00:02";"Запрос на запуск хрона"
"2017-01-12 13:00:02";"Запуск в режиме рассылки"
"2017-01-12 14:00:00";"Запрос на запуск хрона"
"2017-01-12 14:00:00";"Запуск в режиме рассылки"
"2017-01-12 15:00:01";"Запрос на запуск хрона"
"2017-01-12 15:00:01";"Запуск в режиме рассылки"
"2017-01-12 16:00:01";"Запрос на запуск хрона"
"2017-01-12 16:00:01";"Запуск в режиме рассылки"
"2017-01-12 17:00:00";"Запрос на запуск хрона"
"2017-01-12 17:00:00";"Запуск в режиме рассылки"
"2017-01-12 18:00:00";"Запрос на запуск хрона"
"2017-01-12 18:00:00";"Запуск в режиме рассылки"
"2017-01-12 19:00:00";"Запрос на запуск хрона"
"2017-01-12 19:00:00";"Запуск в режиме рассылки"
"2017-01-12 20:00:01";"Запрос на запуск хрона"
"2017-01-12 20:00:01";"Запуск в режиме рассылки"
"2017-01-13 10:00:01";"Запрос на запуск хрона"
"2017-01-13 10:00:01";"Запуск в режиме обслуживания"
"2017-01-13 10:00:01";"Запуск в режиме рассылки"
"2017-01-13 11:00:00";"Запрос на запуск хрона"
"2017-01-13 11:00:00";"Запуск в режиме рассылки"
"2017-01-13 12:00:01";"Запрос на запуск хрона"
"2017-01-13 12:00:01";"Запуск в режиме рассылки"
"2017-01-13 13:00:01";"Запрос на запуск хрона"
"2017-01-13 13:00:01";"Запуск в режиме рассылки"
"2017-01-13 14:00:01";"Запрос на запуск хрона"
"2017-01-13 14:00:01";"Запуск в режиме рассылки"
"2017-01-13 15:00:00";"Запрос на запуск хрона"
"2017-01-13 15:00:00";"Запуск в режиме рассылки"
"2017-01-13 16:00:00";"Запрос на запуск хрона"
"2017-01-13 16:00:00";"Запуск в режиме рассылки"
"2017-01-13 17:00:01";"Запрос на запуск хрона"
"2017-01-13 17:00:01";"Запуск в режиме рассылки"
"2017-01-13 18:00:01";"Запрос на запуск хрона"
"2017-01-13 18:00:01";"Запуск в режиме рассылки"
"2017-01-13 19:00:00";"Запрос на запуск хрона"
"2017-01-13 19:00:00";"Запуск в режиме рассылки"
"2017-01-13 20:00:00";"Запрос на запуск хрона"
"2017-01-13 20:00:00";"Запуск в режиме рассылки"
"2017-01-13 21:00:00";"Запрос на запуск хрона"
"2017-01-13 21:00:00";"Запуск в режиме рассылки"
"2017-01-13 22:00:00";"Запрос на запуск хрона"
"2017-01-13 22:00:00";"Запуск в режиме рассылки"
"2017-01-14 10:00:00";"Запрос на запуск хрона"
"2017-01-14 10:00:00";"Запуск в режиме обслуживания"
"2017-01-14 10:00:00";"Запуск в режиме рассылки"
"2017-01-14 11:00:00";"Запрос на запуск хрона"
"2017-01-14 11:00:00";"Запуск в режиме рассылки"
"2017-01-14 12:00:00";"Запрос на запуск хрона"
"2017-01-14 12:00:00";"Запуск в режиме рассылки"
"2017-01-14 13:00:01";"Запрос на запуск хрона"
"2017-01-14 13:00:01";"Запуск в режиме рассылки"
"2017-01-14 14:00:00";"Запрос на запуск хрона"
"2017-01-14 14:00:00";"Запуск в режиме рассылки"
"2017-01-14 15:00:01";"Запрос на запуск хрона"
"2017-01-14 15:00:01";"Запуск в режиме рассылки"
"2017-01-14 16:00:00";"Запрос на запуск хрона"
"2017-01-14 16:00:00";"Запуск в режиме рассылки"
"2017-01-14 17:00:01";"Запрос на запуск хрона"
"2017-01-14 17:00:01";"Запуск в режиме рассылки"
"2017-01-14 18:00:01";"Запрос на запуск хрона"
"2017-01-14 18:00:01";"Запуск в режиме рассылки"
"2017-01-14 19:00:00";"Запрос на запуск хрона"
"2017-01-14 19:00:00";"Запуск в режиме рассылки"
"2017-01-14 20:00:00";"Запрос на запуск хрона"
"2017-01-14 20:00:00";"Запуск в режиме рассылки"
"2017-01-14 21:00:00";"Запрос на запуск хрона"
"2017-01-14 21:00:00";"Запуск в режиме рассылки"
"2017-01-14 22:00:01";"Запрос на запуск хрона"
"2017-01-14 22:00:01";"Запуск в режиме рассылки"
"2017-01-15 08:00:01";"Запрос на запуск хрона"
"2017-01-15 08:00:01";"Запуск в режиме обслуживания"
"2017-01-15 08:00:02";"Обслуживание. Добавлено писем в рассылочную базу - 1 шт."
"2017-01-15 08:00:02";"Запуск в режиме рассылки"
"2017-01-15 08:00:04";"Рассылка. Разослано писем - 1 шт."
"2017-01-15 09:00:01";"Запрос на запуск хрона"
"2017-01-15 09:00:01";"Запуск в режиме рассылки"
"2017-01-15 10:00:00";"Запрос на запуск хрона"
"2017-01-15 10:00:00";"Запуск в режиме рассылки"
"2017-01-15 11:00:00";"Запрос на запуск хрона"
"2017-01-15 11:00:00";"Запуск в режиме рассылки"
"2017-01-15 12:00:00";"Запрос на запуск хрона"
"2017-01-15 12:00:00";"Запуск в режиме рассылки"
"2017-01-15 13:00:01";"Запрос на запуск хрона"
"2017-01-15 13:00:01";"Запуск в режиме рассылки"
"2017-01-15 14:00:00";"Запрос на запуск хрона"
"2017-01-15 14:00:00";"Запуск в режиме рассылки"
"2017-01-15 15:00:01";"Запрос на запуск хрона"
"2017-01-15 15:00:01";"Запуск в режиме рассылки"
"2017-01-15 16:00:00";"Запрос на запуск хрона"
"2017-01-15 16:00:00";"Запуск в режиме рассылки"
"2017-01-15 17:00:01";"Запрос на запуск хрона"
"2017-01-15 17:00:01";"Запуск в режиме рассылки"
"2017-01-15 18:00:00";"Запрос на запуск хрона"
"2017-01-15 18:00:00";"Запуск в режиме рассылки"
"2017-01-15 19:00:01";"Запрос на запуск хрона"
"2017-01-15 19:00:01";"Запуск в режиме рассылки"
"2017-01-15 20:00:01";"Запрос на запуск хрона"
"2017-01-15 20:00:01";"Запуск в режиме рассылки"
"2017-01-15 21:00:01";"Запрос на запуск хрона"
"2017-01-15 21:00:01";"Запуск в режиме рассылки"
"2017-01-15 22:00:00";"Запрос на запуск хрона"
"2017-01-15 22:00:00";"Запуск в режиме рассылки"
"2017-01-15 23:00:00";"Запрос на запуск хрона"
"2017-01-15 23:00:00";"Запуск в режиме рассылки"
"2017-01-16 00:00:01";"Запрос на запуск хрона"
"2017-01-16 00:00:01";"Запуск в режиме рассылки"
"2017-01-16 01:00:01";"Запрос на запуск хрона"
"2017-01-16 01:00:01";"Запуск в режиме рассылки"
"2017-01-16 02:00:01";"Запрос на запуск хрона"
"2017-01-16 02:00:01";"Запуск в режиме рассылки"
"2017-01-16 03:00:00";"Запрос на запуск хрона"
"2017-01-16 03:00:00";"Запуск в режиме рассылки"
"2017-01-16 04:00:01";"Запрос на запуск хрона"
"2017-01-16 04:00:01";"Запуск в режиме рассылки"
"2017-01-16 05:00:00";"Запрос на запуск хрона"
"2017-01-16 05:00:00";"Запуск в режиме рассылки"
"2017-01-16 06:00:00";"Запрос на запуск хрона"
"2017-01-16 06:00:00";"Запуск в режиме рассылки"
"2017-01-16 07:00:00";"Запрос на запуск хрона"
"2017-01-16 07:00:00";"Запуск в режиме рассылки"
"2017-01-16 08:00:00";"Запрос на запуск хрона"
"2017-01-16 08:00:00";"Запуск в режиме обслуживания"
"2017-01-16 08:00:01";"Обслуживание. Добавлено писем в рассылочную базу - 1 шт."
"2017-01-16 08:00:01";"Запуск в режиме рассылки"
"2017-01-16 08:00:03";"Рассылка. Разослано писем - 1 шт."
"2017-01-16 09:00:00";"Запрос на запуск хрона"
"2017-01-16 09:00:00";"Запуск в режиме рассылки"
"2017-01-16 10:00:01";"Запрос на запуск хрона"
"2017-01-16 10:00:01";"Запуск в режиме рассылки"
"2017-01-16 11:00:00";"Запрос на запуск хрона"
"2017-01-16 11:00:00";"Запуск в режиме рассылки"
"2017-01-16 12:00:00";"Запрос на запуск хрона"
"2017-01-16 12:00:00";"Запуск в режиме рассылки"
"2017-01-16 13:00:00";"Запрос на запуск хрона"
"2017-01-16 13:00:00";"Запуск в режиме рассылки"
"2017-01-16 14:00:01";"Запрос на запуск хрона"
"2017-01-16 14:00:01";"Запуск в режиме рассылки"
"2017-01-16 15:00:01";"Запрос на запуск хрона"
"2017-01-16 15:00:01";"Запуск в режиме рассылки"
"2017-01-16 16:00:00";"Запрос на запуск хрона"
"2017-01-16 16:00:00";"Запуск в режиме рассылки"
"2017-01-16 17:00:00";"Запрос на запуск хрона"
"2017-01-16 17:00:00";"Запуск в режиме рассылки"
"2017-01-16 18:00:00";"Запрос на запуск хрона"
"2017-01-16 18:00:00";"Запуск в режиме рассылки"
"2017-01-16 19:00:01";"Запрос на запуск хрона"
"2017-01-16 19:00:01";"Запуск в режиме рассылки"
"2017-01-16 20:00:00";"Запрос на запуск хрона"
"2017-01-16 20:00:00";"Запуск в режиме рассылки"
"2017-01-17 09:00:01";"Запрос на запуск хрона"
"2017-01-17 09:00:01";"Запуск в режиме обслуживания"
"2017-01-17 09:00:01";"Запуск в режиме рассылки"
"2017-01-17 10:00:00";"Запрос на запуск хрона"
"2017-01-17 10:00:00";"Запуск в режиме рассылки"
"2017-01-17 11:00:01";"Запрос на запуск хрона"
"2017-01-17 11:00:01";"Запуск в режиме рассылки"
"2017-01-17 12:00:00";"Запрос на запуск хрона"
"2017-01-17 12:00:00";"Запуск в режиме рассылки"
"2017-01-17 13:00:01";"Запрос на запуск хрона"
"2017-01-17 13:00:01";"Запуск в режиме рассылки"
"2017-01-17 14:00:01";"Запрос на запуск хрона"
"2017-01-17 14:00:01";"Запуск в режиме рассылки"
"2017-01-17 15:00:01";"Запрос на запуск хрона"
"2017-01-17 15:00:01";"Запуск в режиме рассылки"
"2017-01-17 16:00:01";"Запрос на запуск хрона"
"2017-01-17 16:00:01";"Запуск в режиме рассылки"
"2017-01-17 17:00:01";"Запрос на запуск хрона"
"2017-01-17 17:00:01";"Запуск в режиме рассылки"
"2017-01-17 18:00:00";"Запрос на запуск хрона"
"2017-01-17 18:00:00";"Запуск в режиме рассылки"
"2017-01-17 19:00:00";"Запрос на запуск хрона"
"2017-01-17 19:00:00";"Запуск в режиме рассылки"
"2017-01-17 20:00:00";"Запрос на запуск хрона"
"2017-01-17 20:00:00";"Запуск в режиме рассылки"
"2017-01-17 21:00:01";"Запрос на запуск хрона"
"2017-01-17 21:00:01";"Запуск в режиме рассылки"
"2017-01-18 21:00:02";"Запрос на запуск хрона"
"2017-01-18 21:00:02";"Запуск в режиме обслуживания"
"2017-01-18 21:00:02";"Обслуживание. Добавлено писем в рассылочную базу - 1 шт."
"2017-01-18 21:00:02";"Запуск в режиме рассылки"
"2017-01-18 21:00:03";"Рассылка. Разослано писем - 1 шт."
"2017-01-18 22:00:00";"Запрос на запуск хрона"
"2017-01-18 22:00:00";"Запуск в режиме рассылки"
"2017-01-19 09:00:01";"Запрос на запуск хрона"
"2017-01-19 09:00:01";"Запуск в режиме обслуживания"
"2017-01-19 09:00:01";"Обслуживание. Добавлено писем в рассылочную базу - 1 шт."
"2017-01-19 09:00:01";"Запуск в режиме рассылки"
"2017-01-19 09:00:03";"Рассылка. Разослано писем - 1 шт."
"2017-01-19 10:00:01";"Запрос на запуск хрона"
"2017-01-19 10:00:01";"Запуск в режиме рассылки"
"2017-01-19 11:00:01";"Запрос на запуск хрона"
"2017-01-19 11:00:01";"Запуск в режиме рассылки"
"2017-01-19 12:00:00";"Запрос на запуск хрона"
"2017-01-19 12:00:00";"Запуск в режиме рассылки"
"2017-01-19 13:00:01";"Запрос на запуск хрона"
"2017-01-19 13:00:01";"Запуск в режиме рассылки"
"2017-01-19 14:00:01";"Запрос на запуск хрона"
"2017-01-19 14:00:01";"Запуск в режиме рассылки"
"2017-01-19 15:00:01";"Запрос на запуск хрона"
"2017-01-19 15:00:01";"Запуск в режиме рассылки"
"2017-01-19 16:00:01";"Запрос на запуск хрона"
"2017-01-19 16:00:01";"Запуск в режиме рассылки"
"2017-01-19 17:00:00";"Запрос на запуск хрона"
"2017-01-19 17:00:00";"Запуск в режиме рассылки"
"2017-01-19 18:00:00";"Запрос на запуск хрона"
"2017-01-19 18:00:00";"Запуск в режиме рассылки"
"2017-01-19 19:00:01";"Запрос на запуск хрона"
"2017-01-19 19:00:01";"Запуск в режиме рассылки"
"2017-01-19 20:00:01";"Запрос на запуск хрона"
"2017-01-19 20:00:01";"Запуск в режиме рассылки"
"2017-01-20 10:00:01";"Запрос на запуск хрона"
"2017-01-20 10:00:01";"Запуск в режиме обслуживания"
"2017-01-20 10:00:01";"Запуск в режиме рассылки"
"2017-01-20 11:00:00";"Запрос на запуск хрона"
"2017-01-20 11:00:00";"Запуск в режиме рассылки"
"2017-01-20 12:00:00";"Запрос на запуск хрона"
"2017-01-20 12:00:00";"Запуск в режиме рассылки"
"2017-01-20 13:00:01";"Запрос на запуск хрона"
"2017-01-20 13:00:01";"Запуск в режиме рассылки"
"2017-01-20 14:00:00";"Запрос на запуск хрона"
"2017-01-20 14:00:00";"Запуск в режиме рассылки"
"2017-01-20 15:00:01";"Запрос на запуск хрона"
"2017-01-20 15:00:01";"Запуск в режиме рассылки"
"2017-01-20 16:00:01";"Запрос на запуск хрона"
"2017-01-20 16:00:01";"Запуск в режиме рассылки"
"2017-01-20 17:00:01";"Запрос на запуск хрона"
"2017-01-20 17:00:01";"Запуск в режиме рассылки"
"2017-01-20 18:00:01";"Запрос на запуск хрона"
"2017-01-20 18:00:01";"Запуск в режиме рассылки"
"2017-01-20 19:00:01";"Запрос на запуск хрона"
"2017-01-20 19:00:01";"Запуск в режиме рассылки"
"2017-01-20 20:00:01";"Запрос на запуск хрона"
"2017-01-20 20:00:01";"Запуск в режиме рассылки"
"2017-01-20 21:00:00";"Запрос на запуск хрона"
"2017-01-20 21:00:00";"Запуск в режиме рассылки"
"2017-01-21 04:00:01";"Запрос на запуск хрона"
"2017-01-21 04:00:01";"Запуск в режиме рассылки"
"2017-01-21 05:00:00";"Запрос на запуск хрона"
"2017-01-21 05:00:00";"Запуск в режиме рассылки"
"2017-01-21 06:00:01";"Запрос на запуск хрона"
"2017-01-21 06:00:01";"Запуск в режиме рассылки"
"2017-01-21 07:00:01";"Запрос на запуск хрона"
"2017-01-21 07:00:01";"Запуск в режиме рассылки"
"2017-01-21 08:00:01";"Запрос на запуск хрона"
"2017-01-21 08:00:01";"Запуск в режиме обслуживания"
"2017-01-21 08:00:01";"Обслуживание. Добавлено писем в рассылочную базу - 1 шт."
"2017-01-21 08:00:01";"Запуск в режиме рассылки"
"2017-01-21 08:00:03";"Рассылка. Разослано писем - 1 шт."
"2017-01-21 09:00:01";"Запрос на запуск хрона"
"2017-01-21 09:00:01";"Запуск в режиме рассылки"
"2017-01-21 10:00:00";"Запрос на запуск хрона"
"2017-01-21 10:00:00";"Запуск в режиме рассылки"
"2017-01-21 11:00:00";"Запрос на запуск хрона"
"2017-01-21 11:00:00";"Запуск в режиме рассылки"
"2017-01-21 12:00:01";"Запрос на запуск хрона"
"2017-01-21 12:00:01";"Запуск в режиме рассылки"
"2017-01-21 13:00:01";"Запрос на запуск хрона"
"2017-01-21 13:00:01";"Запуск в режиме рассылки"
"2017-01-21 14:00:01";"Запрос на запуск хрона"
"2017-01-21 14:00:01";"Запуск в режиме рассылки"
"2017-01-21 15:00:01";"Запрос на запуск хрона"
"2017-01-21 15:00:01";"Запуск в режиме рассылки"
"2017-01-21 16:00:00";"Запрос на запуск хрона"
"2017-01-21 16:00:00";"Запуск в режиме рассылки"
"2017-01-21 17:00:01";"Запрос на запуск хрона"
"2017-01-21 17:00:01";"Запуск в режиме рассылки"
"2017-01-21 18:00:01";"Запрос на запуск хрона"
"2017-01-21 18:00:01";"Запуск в режиме рассылки"
"2017-01-21 19:00:01";"Запрос на запуск хрона"
"2017-01-21 19:00:01";"Запуск в режиме рассылки"
"2017-01-21 20:00:00";"Запрос на запуск хрона"
"2017-01-21 20:00:00";"Запуск в режиме рассылки"
"2017-01-21 21:00:00";"Запрос на запуск хрона"
"2017-01-21 21:00:00";"Запуск в режиме рассылки"
"2017-01-22 09:00:01";"Запрос на запуск хрона"
"2017-01-22 09:00:01";"Запуск в режиме обслуживания"
"2017-01-22 09:00:02";"Обслуживание. Добавлено писем в рассылочную базу - 1 шт."
"2017-01-22 09:00:02";"Запуск в режиме рассылки"
"2017-01-22 09:00:05";"Рассылка. Разослано писем - 1 шт."
"2017-01-22 10:00:00";"Запрос на запуск хрона"
"2017-01-22 10:00:00";"Запуск в режиме рассылки"
"2017-01-22 11:00:00";"Запрос на запуск хрона"
"2017-01-22 11:00:00";"Запуск в режиме рассылки"
"2017-01-22 12:00:00";"Запрос на запуск хрона"
"2017-01-22 12:00:00";"Запуск в режиме рассылки"
"2017-01-22 13:00:00";"Запрос на запуск хрона"
"2017-01-22 13:00:00";"Запуск в режиме рассылки"
"2017-01-22 14:00:00";"Запрос на запуск хрона"
"2017-01-22 14:00:00";"Запуск в режиме рассылки"
"2017-01-22 15:00:00";"Запрос на запуск хрона"
"2017-01-22 15:00:00";"Запуск в режиме рассылки"
"2017-01-22 16:00:01";"Запрос на запуск хрона"
"2017-01-22 16:00:01";"Запуск в режиме рассылки"
"2017-01-22 17:00:01";"Запрос на запуск хрона"
"2017-01-22 17:00:01";"Запуск в режиме рассылки"
"2017-01-22 18:00:01";"Запрос на запуск хрона"
"2017-01-22 18:00:01";"Запуск в режиме рассылки"
"2017-01-22 19:00:00";"Запрос на запуск хрона"
"2017-01-22 19:00:00";"Запуск в режиме рассылки"
"2017-01-22 20:00:00";"Запрос на запуск хрона"
"2017-01-22 20:00:00";"Запуск в режиме рассылки"
"2017-01-22 21:00:00";"Запрос на запуск хрона"
"2017-01-22 21:00:00";"Запуск в режиме рассылки"
"2017-01-22 22:00:01";"Запрос на запуск хрона"
"2017-01-22 22:00:01";"Запуск в режиме рассылки"
"2017-01-23 09:00:01";"Запрос на запуск хрона"
"2017-01-23 09:00:01";"Запуск в режиме обслуживания"
"2017-01-23 09:00:01";"Запуск в режиме рассылки"
"2017-01-23 10:00:01";"Запрос на запуск хрона"
"2017-01-23 10:00:01";"Запуск в режиме рассылки"
"2017-01-23 11:00:01";"Запрос на запуск хрона"
"2017-01-23 11:00:01";"Запуск в режиме рассылки"
"2017-01-23 12:00:00";"Запрос на запуск хрона"
"2017-01-23 12:00:00";"Запуск в режиме рассылки"
"2017-01-23 13:00:00";"Запрос на запуск хрона"
"2017-01-23 13:00:00";"Запуск в режиме рассылки"
"2017-01-23 14:00:01";"Запрос на запуск хрона"
"2017-01-23 14:00:01";"Запуск в режиме рассылки"
"2017-01-23 15:00:01";"Запрос на запуск хрона"
"2017-01-23 15:00:01";"Запуск в режиме рассылки"
"2017-01-23 16:00:00";"Запрос на запуск хрона"
"2017-01-23 16:00:00";"Запуск в режиме рассылки"
"2017-01-23 17:00:00";"Запрос на запуск хрона"
"2017-01-23 17:00:00";"Запуск в режиме рассылки"
"2017-01-23 18:00:00";"Запрос на запуск хрона"
"2017-01-23 18:00:00";"Запуск в режиме рассылки"
"2017-01-24 09:00:01";"Запрос на запуск хрона"
"2017-01-24 09:00:01";"Запуск в режиме обслуживания"
"2017-01-24 09:00:01";"Запуск в режиме рассылки"
"2017-01-24 10:00:00";"Запрос на запуск хрона"
"2017-01-24 10:00:00";"Запуск в режиме рассылки"
"2017-01-24 11:00:01";"Запрос на запуск хрона"
"2017-01-24 11:00:01";"Запуск в режиме рассылки"
"2017-01-24 12:00:00";"Запрос на запуск хрона"
"2017-01-24 12:00:00";"Запуск в режиме рассылки"
"2017-01-24 13:00:00";"Запрос на запуск хрона"
"2017-01-24 13:00:00";"Запуск в режиме рассылки"
"2017-01-24 14:00:00";"Запрос на запуск хрона"
"2017-01-24 14:00:00";"Запуск в режиме рассылки"
"2017-01-24 15:00:00";"Запрос на запуск хрона"
"2017-01-24 15:00:00";"Запуск в режиме рассылки"
"2017-01-24 16:00:01";"Запрос на запуск хрона"
"2017-01-24 16:00:01";"Запуск в режиме рассылки"
"2017-01-24 17:00:01";"Запрос на запуск хрона"
"2017-01-24 17:00:01";"Запуск в режиме рассылки"
"2017-01-24 18:00:00";"Запрос на запуск хрона"
"2017-01-24 18:00:00";"Запуск в режиме рассылки"
"2017-01-24 19:00:00";"Запрос на запуск хрона"
"2017-01-24 19:00:00";"Запуск в режиме рассылки"
"2017-01-24 20:00:00";"Запрос на запуск хрона"
"2017-01-24 20:00:00";"Запуск в режиме рассылки"
"2017-01-25 09:00:01";"Запрос на запуск хрона"
"2017-01-25 09:00:01";"Запуск в режиме обслуживания"
"2017-01-25 09:00:01";"Обслуживание. Добавлено писем в рассылочную базу - 1 шт."
"2017-01-25 09:00:01";"Запуск в режиме рассылки"
"2017-01-25 09:00:03";"Рассылка. Разослано писем - 1 шт."
"2017-01-25 10:00:01";"Запрос на запуск хрона"
"2017-01-25 10:00:01";"Запуск в режиме рассылки"
"2017-01-25 11:00:00";"Запрос на запуск хрона"
"2017-01-25 11:00:00";"Запуск в режиме рассылки"
"2017-01-25 12:00:00";"Запрос на запуск хрона"
"2017-01-25 12:00:00";"Запуск в режиме рассылки"
"2017-01-25 13:00:01";"Запрос на запуск хрона"
"2017-01-25 13:00:01";"Запуск в режиме рассылки"
"2017-01-25 14:00:01";"Запрос на запуск хрона"
"2017-01-25 14:00:01";"Запуск в режиме рассылки"
"2017-01-25 15:00:00";"Запрос на запуск хрона"
"2017-01-25 15:00:00";"Запуск в режиме рассылки"
"2017-01-25 16:00:00";"Запрос на запуск хрона"
"2017-01-25 16:00:00";"Запуск в режиме рассылки"
"2017-01-25 17:00:01";"Запрос на запуск хрона"
"2017-01-25 17:00:01";"Запуск в режиме рассылки"
"2017-01-25 18:00:01";"Запрос на запуск хрона"
"2017-01-25 18:00:01";"Запуск в режиме рассылки"
"2017-01-25 19:00:01";"Запрос на запуск хрона"
"2017-01-25 19:00:01";"Запуск в режиме рассылки"
"2017-01-25 20:00:00";"Запрос на запуск хрона"
"2017-01-25 20:00:00";"Запуск в режиме рассылки"
"2017-01-25 21:00:00";"Запрос на запуск хрона"
"2017-01-25 21:00:00";"Запуск в режиме рассылки"
"2017-01-25 22:00:00";"Запрос на запуск хрона"
"2017-01-25 22:00:00";"Запуск в режиме рассылки"
"2017-01-26 09:00:01";"Запрос на запуск хрона"
"2017-01-26 09:00:01";"Запуск в режиме обслуживания"
"2017-01-26 09:00:01";"Обслуживание. Добавлено писем в рассылочную базу - 1 шт."
"2017-01-26 09:00:01";"Запуск в режиме рассылки"
"2017-01-26 09:00:03";"Рассылка. Разослано писем - 1 шт."
"2017-01-26 10:00:00";"Запрос на запуск хрона"
"2017-01-26 10:00:00";"Запуск в режиме рассылки"
"2017-01-26 11:00:00";"Запрос на запуск хрона"
"2017-01-26 11:00:00";"Запуск в режиме рассылки"
"2017-01-26 12:00:00";"Запрос на запуск хрона"
"2017-01-26 12:00:00";"Запуск в режиме рассылки"
"2017-01-26 14:00:01";"Запрос на запуск хрона"
"2017-01-26 14:00:01";"Запуск в режиме рассылки"
"2017-01-26 15:00:00";"Запрос на запуск хрона"
"2017-01-26 15:00:00";"Запуск в режиме рассылки"
"2017-01-26 16:00:01";"Запрос на запуск хрона"
"2017-01-26 16:00:01";"Запуск в режиме рассылки"
"2017-01-26 17:00:01";"Запрос на запуск хрона"
"2017-01-26 17:00:01";"Запуск в режиме рассылки"
"2017-01-26 18:00:01";"Запрос на запуск хрона"
"2017-01-26 18:00:01";"Запуск в режиме рассылки"
"2017-01-26 19:00:00";"Запрос на запуск хрона"
"2017-01-26 19:00:00";"Запуск в режиме рассылки"
"2017-01-26 20:00:00";"Запрос на запуск хрона"
"2017-01-26 20:00:00";"Запуск в режиме рассылки"
"2017-01-26 21:00:01";"Запрос на запуск хрона"
"2017-01-26 21:00:01";"Запуск в режиме рассылки"
"2017-01-27 17:00:01";"Запрос на запуск хрона"
"2017-01-27 17:00:01";"Запуск в режиме обслуживания"
"2017-01-27 17:00:01";"Запуск в режиме рассылки"
"2017-01-27 18:00:00";"Запрос на запуск хрона"
"2017-01-27 18:00:00";"Запуск в режиме рассылки"
"2017-01-27 19:00:00";"Запрос на запуск хрона"
"2017-01-27 19:00:00";"Запуск в режиме рассылки"
"2017-01-27 20:00:00";"Запрос на запуск хрона"
"2017-01-27 20:00:00";"Запуск в режиме рассылки"
"2017-01-27 21:00:00";"Запрос на запуск хрона"
"2017-01-27 21:00:00";"Запуск в режиме рассылки"
"2017-01-27 22:00:00";"Запрос на запуск хрона"
"2017-01-27 22:00:00";"Запуск в режиме рассылки"
"2017-01-28 09:00:01";"Запрос на запуск хрона"
"2017-01-28 09:00:01";"Запуск в режиме обслуживания"
"2017-01-28 09:00:01";"Обслуживание. Добавлено писем в рассылочную базу - 2 шт."
"2017-01-28 09:00:01";"Запуск в режиме рассылки"
"2017-01-28 09:00:05";"Рассылка. Разослано писем - 2 шт."
"2017-01-28 10:00:02";"Запрос на запуск хрона"
"2017-01-28 10:00:02";"Запуск в режиме рассылки"
"2017-01-28 11:00:00";"Запрос на запуск хрона"
"2017-01-28 11:00:00";"Запуск в режиме рассылки"
"2017-01-28 12:00:01";"Запрос на запуск хрона"
"2017-01-28 12:00:01";"Запуск в режиме рассылки"
"2017-01-28 13:00:01";"Запрос на запуск хрона"
"2017-01-28 13:00:01";"Запуск в режиме рассылки"
"2017-01-28 14:00:01";"Запрос на запуск хрона"
"2017-01-28 14:00:01";"Запуск в режиме рассылки"
"2017-01-28 15:00:01";"Запрос на запуск хрона"
"2017-01-28 15:00:01";"Запуск в режиме рассылки"
"2017-01-28 16:00:00";"Запрос на запуск хрона"
"2017-01-28 16:00:01";"Запуск в режиме рассылки"
"2017-01-28 17:00:01";"Запрос на запуск хрона"
"2017-01-28 17:00:01";"Запуск в режиме рассылки"
"2017-01-28 18:00:01";"Запрос на запуск хрона"
"2017-01-28 18:00:01";"Запуск в режиме рассылки"
"2017-01-28 19:00:00";"Запрос на запуск хрона"
"2017-01-28 19:00:00";"Запуск в режиме рассылки"
"2017-01-28 20:00:00";"Запрос на запуск хрона"
"2017-01-28 20:00:00";"Запуск в режиме рассылки"
"2017-01-28 21:00:00";"Запрос на запуск хрона"
"2017-01-28 21:00:00";"Запуск в режиме рассылки"
"2017-01-29 16:00:01";"Запрос на запуск хрона"
"2017-01-29 16:00:01";"Запуск в режиме обслуживания"
"2017-01-29 16:00:01";"Обслуживание. Добавлено писем в рассылочную базу - 2 шт."
"2017-01-29 16:00:01";"Запуск в режиме рассылки"
"2017-01-29 16:00:05";"Рассылка. Разослано писем - 2 шт."
"2017-01-29 17:00:00";"Запрос на запуск хрона"
"2017-01-29 17:00:00";"Запуск в режиме рассылки"
"2017-01-29 18:00:01";"Запрос на запуск хрона"
"2017-01-29 18:00:01";"Запуск в режиме рассылки"
"2017-01-29 19:00:01";"Запрос на запуск хрона"
"2017-01-29 19:00:01";"Запуск в режиме рассылки"
"2017-01-29 20:00:00";"Запрос на запуск хрона"
"2017-01-29 20:00:00";"Запуск в режиме рассылки"
"2017-01-29 21:00:00";"Запрос на запуск хрона"
"2017-01-29 21:00:00";"Запуск в режиме рассылки"
"2017-01-29 22:00:00";"Запрос на запуск хрона"
"2017-01-29 22:00:00";"Запуск в режиме рассылки"
"2017-01-30 09:00:01";"Запрос на запуск хрона"
"2017-01-30 09:00:01";"Запуск в режиме обслуживания"
"2017-01-30 09:00:01";"Запуск в режиме рассылки"
"2017-01-30 10:00:00";"Запрос на запуск хрона"
"2017-01-30 10:00:00";"Запуск в режиме рассылки"
"2017-01-30 11:00:00";"Запрос на запуск хрона"
"2017-01-30 11:00:00";"Запуск в режиме рассылки"
"2017-01-30 12:00:01";"Запрос на запуск хрона"
"2017-01-30 12:00:01";"Запуск в режиме рассылки"
"2017-01-30 13:00:03";"Запрос на запуск хрона"
"2017-01-30 13:00:03";"Запуск в режиме рассылки"
"2017-01-30 14:00:00";"Запрос на запуск хрона"
"2017-01-30 14:00:00";"Запуск в режиме рассылки"
"2017-01-30 15:00:01";"Запрос на запуск хрона"
"2017-01-30 15:00:01";"Запуск в режиме рассылки"
"2017-01-30 16:00:01";"Запрос на запуск хрона"
"2017-01-30 16:00:01";"Запуск в режиме рассылки"
"2017-01-30 17:00:00";"Запрос на запуск хрона"
"2017-01-30 17:00:00";"Запуск в режиме рассылки"
"2017-01-30 18:00:00";"Запрос на запуск хрона"
"2017-01-30 18:00:00";"Запуск в режиме рассылки"
"2017-01-30 19:00:00";"Запрос на запуск хрона"
"2017-01-30 19:00:00";"Запуск в режиме рассылки"
"2017-01-30 20:00:00";"Запрос на запуск хрона"
"2017-01-30 20:00:00";"Запуск в режиме рассылки"
"2017-01-30 21:00:00";"Запрос на запуск хрона"
"2017-01-30 21:00:00";"Запуск в режиме рассылки"
"2017-01-30 22:00:00";"Запрос на запуск хрона"
"2017-01-30 22:00:00";"Запуск в режиме рассылки"
"2017-01-30 23:00:00";"Запрос на запуск хрона"
"2017-01-30 23:00:00";"Запуск в режиме рассылки"
"2017-01-31 09:00:01";"Запрос на запуск хрона"
"2017-01-31 09:00:01";"Запуск в режиме обслуживания"
"2017-01-31 09:00:01";"Запуск в режиме рассылки"
"2017-01-31 10:00:00";"Запрос на запуск хрона"
"2017-01-31 10:00:00";"Запуск в режиме рассылки"
"2017-01-31 11:00:01";"Запрос на запуск хрона"
"2017-01-31 11:00:01";"Запуск в режиме рассылки"
"2017-01-31 12:00:00";"Запрос на запуск хрона"
"2017-01-31 12:00:00";"Запуск в режиме рассылки"
"2017-01-31 13:00:01";"Запрос на запуск хрона"
"2017-01-31 13:00:01";"Запуск в режиме рассылки"
"2017-01-31 14:00:00";"Запрос на запуск хрона"
"2017-01-31 14:00:00";"Запуск в режиме рассылки"
"2017-01-31 15:00:00";"Запрос на запуск хрона"
"2017-01-31 15:00:00";"Запуск в режиме рассылки"
"2017-01-31 16:00:01";"Запрос на запуск хрона"
"2017-01-31 16:00:01";"Запуск в режиме рассылки"
"2017-01-31 17:00:00";"Запрос на запуск хрона"
"2017-01-31 17:00:00";"Запуск в режиме рассылки"
"2017-01-31 18:00:00";"Запрос на запуск хрона"
"2017-01-31 18:00:00";"Запуск в режиме рассылки"
"2017-01-31 19:00:00";"Запрос на запуск хрона"
"2017-01-31 19:00:00";"Запуск в режиме рассылки"
"2017-01-31 20:00:01";"Запрос на запуск хрона"
"2017-01-31 20:00:01";"Запуск в режиме рассылки"
"2017-01-31 21:00:01";"Запрос на запуск хрона"
"2017-01-31 21:00:01";"Запуск в режиме рассылки"
"2017-02-01 09:00:01";"Запрос на запуск хрона"
"2017-02-01 09:00:01";"Запуск в режиме обслуживания"
"2017-02-01 09:00:01";"Обслуживание. Добавлено писем в рассылочную базу - 1 шт."
"2017-02-01 09:00:01";"Запуск в режиме рассылки"
"2017-02-01 09:00:03";"Рассылка. Разослано писем - 1 шт."
"2017-02-01 09:00:03";"Запуск в режиме архивации журналов"
