"2017-01-15 08:00:04";dm84ya08@yandex.ru;robot@raznosilka.ru;"Не забудьте проставить оплаты"
"2017-01-16 08:00:03";dm84ya08@yandex.ru;robot@raznosilka.ru;"Возможно, вы забыли проставить оплаты"
"2017-01-18 21:00:03";dm84ya08@yandex.ru;robot@raznosilka.ru;"Не забудьте проставить оплаты"
"2017-01-19 09:00:03";dm84ya08@yandex.ru;robot@raznosilka.ru;"Возможно, вы забыли проставить оплаты"
"2017-01-19 14:50:36";dm84ya08@yandex.ru;robot@raznosilka.ru;"Разносилка. Новый аккаунт."
"2017-01-19 14:50:38";dm84ya08@yandex.ru;robot@raznosilka.ru;"Разносилка. Добро пожаловать."
"2017-01-19 19:02:34";dm84ya08@yandex.ru;robot@raznosilka.ru;"Разносилка. Новый аккаунт."
"2017-01-19 19:02:35";dm84ya08@yandex.ru;robot@raznosilka.ru;"Разносилка. Добро пожаловать."
"2017-01-21 08:00:03";dm84ya08@yandex.ru;robot@raznosilka.ru;"Не забудьте проставить оплаты"
"2017-01-22 09:00:05";dm84ya08@yandex.ru;robot@raznosilka.ru;"Возможно, вы забыли проставить оплаты"
"2017-01-25 09:00:03";dm84ya08@yandex.ru;robot@raznosilka.ru;"Не забудьте проставить оплаты"
"2017-01-26 09:00:03";dm84ya08@yandex.ru;robot@raznosilka.ru;"Возможно, вы забыли проставить оплаты"
"2017-01-26 19:50:04";dm84ya08@yandex.ru;robot@raznosilka.ru;"Разносилка. Пробный период получен."
"2017-01-26 19:50:54";dm84ya08@yandex.ru;robot@raznosilka.ru;"Разносилка. Пробный период получен."
"2017-01-28 09:00:03";dm84ya08@yandex.ru;robot@raznosilka.ru;"Не забудьте проставить оплаты"
"2017-01-28 09:00:05";dm84ya08@yandex.ru;robot@raznosilka.ru;"Не забудьте проставить оплаты"
"2017-01-28 21:19:17";dm84ya08@yandex.ru;robot@raznosilka.ru;"Разносилка. Пробный период получен."
"2017-01-28 21:20:23";dm84ya08@yandex.ru;robot@raznosilka.ru;"Разносилка. Пробный период получен."
"2017-01-28 20:23:57";dm84ya08@yandex.ru;robot@raznosilka.ru;"Разносилка. Новый аккаунт."
"2017-01-28 20:23:59";dm84ya08@yandex.ru;robot@raznosilka.ru;"Разносилка. Добро пожаловать."
"2017-01-28 20:25:54";dm84ya08@yandex.ru;robot@raznosilka.ru;"Разносилка. Новый аккаунт."
"2017-01-28 20:25:56";dm84ya08@yandex.ru;robot@raznosilka.ru;"Разносилка. Добро пожаловать."
"2017-01-29 16:00:03";dm84ya08@yandex.ru;robot@raznosilka.ru;"Возможно, вы забыли проставить оплаты"
"2017-01-29 16:00:05";dm84ya08@yandex.ru;robot@raznosilka.ru;"Возможно, вы забыли проставить оплаты"
"2017-01-30 11:02:06";dm84ya08@yandex.ru;robot@raznosilka.ru;"Разносилка. Услуга оплачена."
"2017-02-01 09:00:03";dm84ya08@yandex.ru;robot@raznosilka.ru;"Не забудьте проставить оплаты"
