"2017-01-30 10:28:55";paymentAviso
"2017-01-30 10:28:55";"Запрос: route = pay/aviso, requestDatetime = 2011-05-04T20:38:00.000+04:00, action = paymentAviso, md5 = 0146A80DD73236EAC806C0B78DCE0901, shopId = 13, shopArticleId = 456, invoiceId = 1234567, customerNumber = 1, orderCreatedDatetime = 2011-05-04T20:38:00.000+04:00, orderSumAmount = 500, orderSumCurrencyPaycash = 643, orderSumBankPaycash = 1001, shopSumAmount = 490, shopSumCurrencyPaycash = 643, shopSumBankPaycash = 1001, paymentDatetime = 2011-05-04T20:38:10.000+04:00, paymentPayerCode = 42007148320, paymentType = AC, cps_user_country_code = RU"
"2017-01-30 10:28:55";"Ошибка: Не удалось предоставить услугу пользователю"
"2017-01-30 10:28:55";"Ответ: <?xml version=""1.0"" encoding=""UTF-8""?><paymentAvisoResponse performedDatetime=""2017-01-30T10:28:55.000+03:00"" code=""200"" message=""Ошибка: Не удалось предоставить услугу пользователю"" invoiceId=""1234567"" shopId=""115982"" />"
"2017-01-30 10:58:10";paymentAviso
"2017-01-30 10:58:10";"Запрос: route = pay/aviso, requestDatetime = 2011-05-04T20:38:00.000+04:00, action = paymentAviso, md5 = 0146A80DD73236EAC806C0B78DCE0901, shopId = 13, shopArticleId = 456, invoiceId = 2, customerNumber = 46, orderCreatedDatetime = 2011-05-04T20:38:00.000+04:00, orderSumAmount = 500, orderSumCurrencyPaycash = 643, orderSumBankPaycash = 1001, shopSumAmount = 490, shopSumCurrencyPaycash = 643, shopSumBankPaycash = 1001, paymentDatetime = 2011-05-04T20:38:10.000+04:00, paymentPayerCode = 42007148320, paymentType = AC, cps_user_country_code = RU"
"2017-01-30 10:58:10";"Ошибка: Ожидаемый MD5-хэш: 0487913067C1F543F9F23308FD1E05E7, не совпал с полученным MD5-хэшем: 0146A80DD73236EAC806C0B78DCE0901"
"2017-01-30 10:58:10";"Ответ: <?xml version=""1.0"" encoding=""UTF-8""?><paymentAvisoResponse performedDatetime=""2017-01-30T10:58:10.000+03:00"" code=""1"" invoiceId=""2"" shopId=""115982"" />"
"2017-01-30 11:00:30";paymentAviso
"2017-01-30 11:00:30";"Запрос: route = pay/aviso, md5 = 0487913067C1F543F9F23308FD1E05E7, invoiceId = 2, customerNumber = 46, requestDatetime = 2011-05-04T20:38:00.000+04:00, action = paymentAviso, shopId = 13, shopArticleId = 456, orderCreatedDatetime = 2011-05-04T20:38:00.000+04:00, orderSumAmount = 500, orderSumCurrencyPaycash = 643, orderSumBankPaycash = 1001, shopSumAmount = 490, shopSumCurrencyPaycash = 643, shopSumBankPaycash = 1001, paymentDatetime = 2011-05-04T20:38:10.000+04:00, paymentPayerCode = 42007148320, paymentType = AC, cps_user_country_code = RU"
"2017-01-30 11:00:30";"Ошибка: Не удалось предоставить услугу пользователю"
"2017-01-30 11:00:30";"Ответ: <?xml version=""1.0"" encoding=""UTF-8""?><paymentAvisoResponse performedDatetime=""2017-01-30T11:00:30.000+03:00"" code=""200"" message=""Ошибка: Не удалось предоставить услугу пользователю"" invoiceId=""2"" shopId=""115982"" />"
"2017-01-30 11:01:33";paymentAviso
"2017-01-30 11:01:33";"Запрос: route = pay/aviso, md5 = 0487913067C1F543F9F23308FD1E05E7, invoiceId = 4, customerNumber = 46, requestDatetime = 2011-05-04T20:38:00.000+04:00, action = paymentAviso, shopId = 13, shopArticleId = 456, orderCreatedDatetime = 2011-05-04T20:38:00.000+04:00, orderSumAmount = 500, orderSumCurrencyPaycash = 643, orderSumBankPaycash = 1001, shopSumAmount = 490, shopSumCurrencyPaycash = 643, shopSumBankPaycash = 1001, paymentDatetime = 2011-05-04T20:38:10.000+04:00, paymentPayerCode = 42007148320, paymentType = AC, cps_user_country_code = RU"
"2017-01-30 11:01:33";"Ошибка: Ожидаемый MD5-хэш: B870101AED1EE87A6E3E6BDA2A9EA225, не совпал с полученным MD5-хэшем: 0487913067C1F543F9F23308FD1E05E7"
"2017-01-30 11:01:33";"Ответ: <?xml version=""1.0"" encoding=""UTF-8""?><paymentAvisoResponse performedDatetime=""2017-01-30T11:01:33.000+03:00"" code=""1"" invoiceId=""4"" shopId=""115982"" />"
"2017-01-30 11:02:04";paymentAviso
"2017-01-30 11:02:04";"Запрос: route = pay/aviso, md5 = B870101AED1EE87A6E3E6BDA2A9EA225, invoiceId = 4, customerNumber = 46, requestDatetime = 2011-05-04T20:38:00.000+04:00, action = paymentAviso, shopId = 13, shopArticleId = 456, orderCreatedDatetime = 2011-05-04T20:38:00.000+04:00, orderSumAmount = 500, orderSumCurrencyPaycash = 643, orderSumBankPaycash = 1001, shopSumAmount = 490, shopSumCurrencyPaycash = 643, shopSumBankPaycash = 1001, paymentDatetime = 2011-05-04T20:38:10.000+04:00, paymentPayerCode = 42007148320, paymentType = AC, cps_user_country_code = RU"
"2017-01-30 11:02:06";"Платёж успешно обработан"
"2017-01-30 11:02:06";"Ответ: <?xml version=""1.0"" encoding=""UTF-8""?><paymentAvisoResponse performedDatetime=""2017-01-30T11:02:06.000+03:00"" code=""0"" invoiceId=""4"" shopId=""115982"" />"
