"2017-05-01 09:00:01";"Запрос на запуск хрона"
"2017-05-01 09:00:01";"Запуск в режиме рассылки"
"2017-05-01 10:00:00";"Запрос на запуск хрона"
"2017-05-01 10:00:00";"Запуск в режиме рассылки"
"2017-05-01 11:00:00";"Запрос на запуск хрона"
"2017-05-01 11:00:00";"Запуск в режиме рассылки"
"2017-05-01 12:00:00";"Запрос на запуск хрона"
"2017-05-01 12:00:00";"Запуск в режиме рассылки"
"2017-05-01 13:00:00";"Запрос на запуск хрона"
"2017-05-01 13:00:00";"Запуск в режиме рассылки"
"2017-05-01 14:00:01";"Запрос на запуск хрона"
"2017-05-01 14:00:01";"Запуск в режиме рассылки"
"2017-05-01 15:00:01";"Запрос на запуск хрона"
"2017-05-01 15:00:01";"Запуск в режиме рассылки"
"2017-05-01 16:00:00";"Запрос на запуск хрона"
"2017-05-01 16:00:00";"Запуск в режиме рассылки"
"2017-05-01 17:00:00";"Запрос на запуск хрона"
"2017-05-01 17:00:00";"Запуск в режиме рассылки"
"2017-05-01 18:00:00";"Запрос на запуск хрона"
"2017-05-01 18:00:00";"Запуск в режиме рассылки"
"2017-05-01 19:00:00";"Запрос на запуск хрона"
"2017-05-01 19:00:00";"Запуск в режиме рассылки"
"2017-05-01 20:00:00";"Запрос на запуск хрона"
"2017-05-01 20:00:00";"Запуск в режиме рассылки"
"2017-05-01 21:00:00";"Запрос на запуск хрона"
"2017-05-01 21:00:00";"Запуск в режиме рассылки"
"2017-05-02 15:00:01";"Запрос на запуск хрона"
"2017-05-02 15:00:01";"Запуск в режиме обслуживания"
"2017-05-02 15:00:01";"Запуск в режиме рассылки"
"2017-05-02 16:00:00";"Запрос на запуск хрона"
"2017-05-02 16:00:00";"Запуск в режиме рассылки"
"2017-05-02 17:00:00";"Запрос на запуск хрона"
"2017-05-02 17:00:00";"Запуск в режиме рассылки"
"2017-05-02 18:00:01";"Запрос на запуск хрона"
"2017-05-02 18:00:01";"Запуск в режиме рассылки"
"2017-05-02 19:00:00";"Запрос на запуск хрона"
"2017-05-02 19:00:00";"Запуск в режиме рассылки"
"2017-05-02 20:00:00";"Запрос на запуск хрона"
"2017-05-02 20:00:00";"Запуск в режиме рассылки"
"2017-05-02 21:00:00";"Запрос на запуск хрона"
"2017-05-02 21:00:00";"Запуск в режиме рассылки"
"2017-05-03 09:00:01";"Запрос на запуск хрона"
"2017-05-03 09:00:01";"Запуск в режиме обслуживания"
"2017-05-03 09:00:01";"Запуск в режиме рассылки"
"2017-05-03 10:00:00";"Запрос на запуск хрона"
"2017-05-03 10:00:00";"Запуск в режиме рассылки"
"2017-05-03 11:00:00";"Запрос на запуск хрона"
"2017-05-03 11:00:00";"Запуск в режиме рассылки"
"2017-05-03 12:00:01";"Запрос на запуск хрона"
"2017-05-03 12:00:01";"Запуск в режиме рассылки"
"2017-05-03 13:00:01";"Запрос на запуск хрона"
"2017-05-03 13:00:01";"Запуск в режиме рассылки"
"2017-05-03 14:00:01";"Запрос на запуск хрона"
"2017-05-03 14:00:01";"Запуск в режиме рассылки"
"2017-05-03 15:00:00";"Запрос на запуск хрона"
"2017-05-03 15:00:00";"Запуск в режиме рассылки"
"2017-05-03 16:00:00";"Запрос на запуск хрона"
"2017-05-03 16:00:00";"Запуск в режиме рассылки"
"2017-05-03 17:00:00";"Запрос на запуск хрона"
"2017-05-03 17:00:00";"Запуск в режиме рассылки"
"2017-05-03 18:00:00";"Запрос на запуск хрона"
"2017-05-03 18:00:00";"Запуск в режиме рассылки"
"2017-05-03 19:00:00";"Запрос на запуск хрона"
"2017-05-03 19:00:00";"Запуск в режиме рассылки"
"2017-05-03 20:00:00";"Запрос на запуск хрона"
"2017-05-03 20:00:00";"Запуск в режиме рассылки"
"2017-05-03 21:00:00";"Запрос на запуск хрона"
"2017-05-03 21:00:00";"Запуск в режиме рассылки"
"2017-05-04 11:00:01";"Запрос на запуск хрона"
"2017-05-04 11:00:01";"Запуск в режиме обслуживания"
"2017-05-04 11:00:01";"Обслуживание. Добавлено писем в рассылочную базу - 1 шт."
"2017-05-04 11:00:01";"Запуск в режиме рассылки"
"2017-05-04 11:00:03";"Рассылка. Разослано писем - 1 шт."
"2017-05-04 11:01:00";"Запрос на запуск хрона"
"2017-05-04 12:00:00";"Запрос на запуск хрона"
"2017-05-04 12:00:00";"Запуск в режиме рассылки"
"2017-05-04 13:00:00";"Запрос на запуск хрона"
"2017-05-04 13:00:00";"Запуск в режиме рассылки"
"2017-05-04 14:00:00";"Запрос на запуск хрона"
"2017-05-04 14:00:00";"Запуск в режиме рассылки"
"2017-05-04 15:00:00";"Запрос на запуск хрона"
"2017-05-04 15:00:00";"Запуск в режиме рассылки"
"2017-05-04 16:00:00";"Запрос на запуск хрона"
"2017-05-04 16:00:00";"Запуск в режиме рассылки"
"2017-05-04 17:00:00";"Запрос на запуск хрона"
"2017-05-04 17:00:00";"Запуск в режиме рассылки"
"2017-05-04 18:00:00";"Запрос на запуск хрона"
"2017-05-04 18:00:00";"Запуск в режиме рассылки"
"2017-05-04 19:00:01";"Запрос на запуск хрона"
"2017-05-04 19:00:01";"Запуск в режиме рассылки"
"2017-05-04 20:00:01";"Запрос на запуск хрона"
"2017-05-04 20:00:01";"Запуск в режиме рассылки"
"2017-05-04 21:00:00";"Запрос на запуск хрона"
"2017-05-04 21:00:00";"Запуск в режиме рассылки"
"2017-05-04 22:00:00";"Запрос на запуск хрона"
"2017-05-04 22:00:00";"Запуск в режиме рассылки"
"2017-05-05 17:00:01";"Запрос на запуск хрона"
"2017-05-05 17:00:01";"Запуск в режиме обслуживания"
"2017-05-05 17:00:01";"Обслуживание. Добавлено писем в рассылочную базу - 1 шт."
"2017-05-05 17:00:01";"Запуск в режиме рассылки"
"2017-05-05 17:00:02";"Рассылка. Разослано писем - 1 шт."
"2017-05-05 18:00:00";"Запрос на запуск хрона"
"2017-05-05 18:00:00";"Запуск в режиме рассылки"
"2017-05-05 19:00:00";"Запрос на запуск хрона"
"2017-05-05 19:00:00";"Запуск в режиме рассылки"
"2017-05-05 20:00:00";"Запрос на запуск хрона"
"2017-05-05 20:00:00";"Запуск в режиме рассылки"
"2017-05-06 09:00:01";"Запрос на запуск хрона"
"2017-05-06 09:00:01";"Запуск в режиме обслуживания"
"2017-05-06 09:00:01";"Запуск в режиме рассылки"
"2017-05-06 10:00:00";"Запрос на запуск хрона"
"2017-05-06 10:00:00";"Запуск в режиме рассылки"
"2017-05-06 11:00:01";"Запрос на запуск хрона"
"2017-05-06 11:00:01";"Запуск в режиме рассылки"
"2017-05-06 12:00:00";"Запрос на запуск хрона"
"2017-05-06 12:00:00";"Запуск в режиме рассылки"
"2017-05-06 13:00:00";"Запрос на запуск хрона"
"2017-05-06 13:00:00";"Запуск в режиме рассылки"
"2017-05-06 14:00:00";"Запрос на запуск хрона"
"2017-05-06 14:00:00";"Запуск в режиме рассылки"
"2017-05-06 15:00:01";"Запрос на запуск хрона"
"2017-05-06 15:00:01";"Запуск в режиме рассылки"
"2017-05-06 16:00:00";"Запрос на запуск хрона"
"2017-05-06 16:00:00";"Запуск в режиме рассылки"
"2017-05-06 17:00:00";"Запрос на запуск хрона"
"2017-05-06 17:00:00";"Запуск в режиме рассылки"
"2017-05-06 18:00:00";"Запрос на запуск хрона"
"2017-05-06 18:00:00";"Запуск в режиме рассылки"
"2017-05-06 19:00:00";"Запрос на запуск хрона"
"2017-05-06 19:00:00";"Запуск в режиме рассылки"
"2017-05-06 20:00:00";"Запрос на запуск хрона"
"2017-05-06 20:00:00";"Запуск в режиме рассылки"
"2017-05-06 21:00:00";"Запрос на запуск хрона"
"2017-05-06 21:00:00";"Запуск в режиме рассылки"
"2017-05-07 09:00:01";"Запрос на запуск хрона"
"2017-05-07 09:00:01";"Запуск в режиме обслуживания"
"2017-05-07 09:00:01";"Запуск в режиме рассылки"
"2017-05-07 10:00:00";"Запрос на запуск хрона"
"2017-05-07 10:00:00";"Запуск в режиме рассылки"
"2017-05-07 11:00:00";"Запрос на запуск хрона"
"2017-05-07 11:00:00";"Запуск в режиме рассылки"
"2017-05-07 12:00:01";"Запрос на запуск хрона"
"2017-05-07 12:00:01";"Запуск в режиме рассылки"
"2017-05-07 13:00:01";"Запрос на запуск хрона"
"2017-05-07 13:00:01";"Запуск в режиме рассылки"
"2017-05-07 14:00:01";"Запрос на запуск хрона"
"2017-05-07 14:00:01";"Запуск в режиме рассылки"
"2017-05-07 15:00:00";"Запрос на запуск хрона"
"2017-05-07 15:00:00";"Запуск в режиме рассылки"
"2017-05-07 16:00:00";"Запрос на запуск хрона"
"2017-05-07 16:00:00";"Запуск в режиме рассылки"
"2017-05-07 17:00:00";"Запрос на запуск хрона"
"2017-05-07 17:00:00";"Запуск в режиме рассылки"
"2017-05-07 18:00:01";"Запрос на запуск хрона"
"2017-05-07 18:00:01";"Запуск в режиме рассылки"
"2017-05-07 19:00:00";"Запрос на запуск хрона"
"2017-05-07 19:00:00";"Запуск в режиме рассылки"
"2017-05-07 20:00:01";"Запрос на запуск хрона"
"2017-05-07 20:00:01";"Запуск в режиме рассылки"
"2017-05-07 21:00:01";"Запрос на запуск хрона"
"2017-05-07 21:00:01";"Запуск в режиме рассылки"
"2017-05-07 22:00:00";"Запрос на запуск хрона"
"2017-05-07 22:00:00";"Запуск в режиме рассылки"
"2017-05-08 10:00:01";"Запрос на запуск хрона"
"2017-05-08 10:00:01";"Запуск в режиме обслуживания"
"2017-05-08 10:00:01";"Запуск в режиме рассылки"
"2017-05-08 11:00:00";"Запрос на запуск хрона"
"2017-05-08 11:00:00";"Запуск в режиме рассылки"
"2017-05-08 12:00:01";"Запрос на запуск хрона"
"2017-05-08 12:00:01";"Запуск в режиме рассылки"
"2017-05-08 13:00:01";"Запрос на запуск хрона"
"2017-05-08 13:00:01";"Запуск в режиме рассылки"
"2017-05-08 14:00:00";"Запрос на запуск хрона"
"2017-05-08 14:00:00";"Запуск в режиме рассылки"
"2017-05-08 15:00:01";"Запрос на запуск хрона"
"2017-05-08 15:00:01";"Запуск в режиме рассылки"
"2017-05-08 16:00:00";"Запрос на запуск хрона"
"2017-05-08 16:00:00";"Запуск в режиме рассылки"
"2017-05-08 17:00:00";"Запрос на запуск хрона"
"2017-05-08 17:00:00";"Запуск в режиме рассылки"
"2017-05-08 18:00:00";"Запрос на запуск хрона"
"2017-05-08 18:00:00";"Запуск в режиме рассылки"
"2017-05-08 19:00:00";"Запрос на запуск хрона"
"2017-05-08 19:00:00";"Запуск в режиме рассылки"
"2017-05-08 20:00:01";"Запрос на запуск хрона"
"2017-05-08 20:00:01";"Запуск в режиме рассылки"
"2017-05-08 21:00:00";"Запрос на запуск хрона"
"2017-05-08 21:00:00";"Запуск в режиме рассылки"
"2017-05-09 10:00:02";"Запрос на запуск хрона"
"2017-05-09 10:00:02";"Запуск в режиме обслуживания"
"2017-05-09 10:00:02";"Запуск в режиме рассылки"
"2017-05-09 11:00:00";"Запрос на запуск хрона"
"2017-05-09 11:00:00";"Запуск в режиме рассылки"
"2017-05-09 12:00:00";"Запрос на запуск хрона"
"2017-05-09 12:00:00";"Запуск в режиме рассылки"
"2017-05-09 13:00:00";"Запрос на запуск хрона"
"2017-05-09 13:00:00";"Запуск в режиме рассылки"
"2017-05-09 14:00:00";"Запрос на запуск хрона"
"2017-05-09 14:00:00";"Запуск в режиме рассылки"
"2017-05-09 15:00:01";"Запрос на запуск хрона"
"2017-05-09 15:00:01";"Запуск в режиме рассылки"
"2017-05-09 16:00:01";"Запрос на запуск хрона"
"2017-05-09 16:00:01";"Запуск в режиме рассылки"
"2017-05-09 17:00:01";"Запрос на запуск хрона"
"2017-05-09 17:00:01";"Запуск в режиме рассылки"
"2017-05-09 18:00:01";"Запрос на запуск хрона"
"2017-05-09 18:00:01";"Запуск в режиме рассылки"
"2017-05-09 19:00:00";"Запрос на запуск хрона"
"2017-05-09 19:00:00";"Запуск в режиме рассылки"
"2017-05-09 20:00:00";"Запрос на запуск хрона"
"2017-05-09 20:00:00";"Запуск в режиме рассылки"
"2017-05-09 21:00:01";"Запрос на запуск хрона"
"2017-05-09 21:00:01";"Запуск в режиме рассылки"
"2017-05-09 22:00:00";"Запрос на запуск хрона"
"2017-05-09 22:00:00";"Запуск в режиме рассылки"
"2017-05-09 23:00:00";"Запрос на запуск хрона"
"2017-05-09 23:00:00";"Запуск в режиме рассылки"
"2017-05-10 08:00:01";"Запрос на запуск хрона"
"2017-05-10 08:00:01";"Запуск в режиме обслуживания"
"2017-05-10 08:00:01";"Запуск в режиме рассылки"
"2017-05-10 09:00:00";"Запрос на запуск хрона"
"2017-05-10 09:00:00";"Запуск в режиме рассылки"
"2017-05-10 10:00:00";"Запрос на запуск хрона"
"2017-05-10 10:00:00";"Запуск в режиме рассылки"
"2017-05-10 11:00:00";"Запрос на запуск хрона"
"2017-05-10 11:00:00";"Запуск в режиме рассылки"
"2017-05-10 12:00:00";"Запрос на запуск хрона"
"2017-05-10 12:00:00";"Запуск в режиме рассылки"
"2017-05-10 13:00:01";"Запрос на запуск хрона"
"2017-05-10 13:00:01";"Запуск в режиме рассылки"
"2017-05-10 14:00:01";"Запрос на запуск хрона"
"2017-05-10 14:00:01";"Запуск в режиме рассылки"
"2017-05-10 15:00:00";"Запрос на запуск хрона"
"2017-05-10 15:00:00";"Запуск в режиме рассылки"
"2017-05-10 16:00:00";"Запрос на запуск хрона"
"2017-05-10 16:00:00";"Запуск в режиме рассылки"
"2017-05-10 17:00:00";"Запрос на запуск хрона"
"2017-05-10 17:00:00";"Запуск в режиме рассылки"
"2017-05-10 18:00:01";"Запрос на запуск хрона"
"2017-05-10 18:00:01";"Запуск в режиме рассылки"
"2017-05-10 19:00:00";"Запрос на запуск хрона"
"2017-05-10 19:00:00";"Запуск в режиме рассылки"
"2017-05-10 20:00:00";"Запрос на запуск хрона"
"2017-05-10 20:00:00";"Запуск в режиме рассылки"
"2017-05-10 21:00:00";"Запрос на запуск хрона"
"2017-05-10 21:00:00";"Запуск в режиме рассылки"
"2017-05-11 10:00:01";"Запрос на запуск хрона"
"2017-05-11 10:00:01";"Запуск в режиме обслуживания"
"2017-05-11 10:00:01";"Запуск в режиме рассылки"
"2017-05-11 11:00:01";"Запрос на запуск хрона"
"2017-05-11 11:00:01";"Запуск в режиме рассылки"
"2017-05-11 12:00:01";"Запрос на запуск хрона"
"2017-05-11 12:00:01";"Запуск в режиме рассылки"
"2017-05-11 13:00:00";"Запрос на запуск хрона"
"2017-05-11 13:00:00";"Запуск в режиме рассылки"
"2017-05-11 14:00:00";"Запрос на запуск хрона"
"2017-05-11 14:00:00";"Запуск в режиме рассылки"
"2017-05-11 15:00:01";"Запрос на запуск хрона"
"2017-05-11 15:00:01";"Запуск в режиме рассылки"
"2017-05-11 16:00:01";"Запрос на запуск хрона"
"2017-05-11 16:00:01";"Запуск в режиме рассылки"
"2017-05-11 17:00:00";"Запрос на запуск хрона"
"2017-05-11 17:00:00";"Запуск в режиме рассылки"
"2017-05-11 18:00:00";"Запрос на запуск хрона"
"2017-05-11 18:00:00";"Запуск в режиме рассылки"
"2017-05-11 19:00:00";"Запрос на запуск хрона"
"2017-05-11 19:00:00";"Запуск в режиме рассылки"
"2017-05-11 20:00:00";"Запрос на запуск хрона"
"2017-05-11 20:00:00";"Запуск в режиме рассылки"
"2017-05-11 21:00:01";"Запрос на запуск хрона"
"2017-05-11 21:00:01";"Запуск в режиме рассылки"
"2017-05-11 22:00:00";"Запрос на запуск хрона"
"2017-05-11 22:00:00";"Запуск в режиме рассылки"
"2017-05-11 23:00:00";"Запрос на запуск хрона"
"2017-05-11 23:00:00";"Запуск в режиме рассылки"
"2017-05-12 12:00:01";"Запрос на запуск хрона"
"2017-05-12 12:00:01";"Запуск в режиме обслуживания"
"2017-05-12 12:00:01";"Обслуживание. Добавлено писем в рассылочную базу - 1 шт."
"2017-05-12 12:00:01";"Запуск в режиме рассылки"
"2017-05-12 12:00:02";"Рассылка. Разослано писем - 1 шт."
"2017-05-12 13:00:00";"Запрос на запуск хрона"
"2017-05-12 13:00:00";"Запуск в режиме рассылки"
"2017-05-12 14:00:00";"Запрос на запуск хрона"
"2017-05-12 14:00:00";"Запуск в режиме рассылки"
"2017-05-12 15:00:00";"Запрос на запуск хрона"
"2017-05-12 15:00:00";"Запуск в режиме рассылки"
"2017-05-12 16:00:01";"Запрос на запуск хрона"
"2017-05-12 16:00:01";"Запуск в режиме рассылки"
"2017-05-12 17:00:02";"Запрос на запуск хрона"
"2017-05-12 17:00:02";"Запуск в режиме рассылки"
"2017-05-12 18:00:00";"Запрос на запуск хрона"
"2017-05-12 18:00:00";"Запуск в режиме рассылки"
"2017-05-12 19:00:01";"Запрос на запуск хрона"
"2017-05-12 19:00:01";"Запуск в режиме рассылки"
"2017-05-12 20:00:00";"Запрос на запуск хрона"
"2017-05-12 20:00:00";"Запуск в режиме рассылки"
"2017-05-12 21:00:01";"Запрос на запуск хрона"
"2017-05-12 21:00:01";"Запуск в режиме рассылки"
"2017-05-12 22:00:00";"Запрос на запуск хрона"
"2017-05-12 22:00:00";"Запуск в режиме рассылки"
"2017-05-13 09:00:04";"Запрос на запуск хрона"
"2017-05-13 09:00:04";"Запуск в режиме обслуживания"
"2017-05-13 09:00:04";"Обслуживание. Добавлено писем в рассылочную базу - 1 шт."
"2017-05-13 09:00:05";"Запуск в режиме рассылки"
"2017-05-13 09:00:07";"Рассылка. Разослано писем - 1 шт."
"2017-05-13 10:00:00";"Запрос на запуск хрона"
"2017-05-13 10:00:00";"Запуск в режиме рассылки"
"2017-05-13 11:00:00";"Запрос на запуск хрона"
"2017-05-13 11:00:00";"Запуск в режиме рассылки"
"2017-05-13 12:00:01";"Запрос на запуск хрона"
"2017-05-13 12:00:01";"Запуск в режиме рассылки"
"2017-05-13 13:00:00";"Запрос на запуск хрона"
"2017-05-13 13:00:00";"Запуск в режиме рассылки"
"2017-05-13 14:00:00";"Запрос на запуск хрона"
"2017-05-13 14:00:00";"Запуск в режиме рассылки"
"2017-05-13 15:00:00";"Запрос на запуск хрона"
"2017-05-13 15:00:00";"Запуск в режиме рассылки"
"2017-05-13 16:00:01";"Запрос на запуск хрона"
"2017-05-13 16:00:01";"Запуск в режиме рассылки"
"2017-05-13 17:00:01";"Запрос на запуск хрона"
"2017-05-13 17:00:01";"Запуск в режиме рассылки"
"2017-05-13 18:00:00";"Запрос на запуск хрона"
"2017-05-13 18:00:00";"Запуск в режиме рассылки"
"2017-05-13 19:00:00";"Запрос на запуск хрона"
"2017-05-13 19:00:00";"Запуск в режиме рассылки"
"2017-05-13 20:00:00";"Запрос на запуск хрона"
"2017-05-13 20:00:00";"Запуск в режиме рассылки"
"2017-05-13 21:00:00";"Запрос на запуск хрона"
"2017-05-13 21:00:00";"Запуск в режиме рассылки"
"2017-05-14 09:00:01";"Запрос на запуск хрона"
"2017-05-14 09:00:01";"Запуск в режиме обслуживания"
"2017-05-14 09:00:02";"Запуск в режиме рассылки"
"2017-05-14 10:00:00";"Запрос на запуск хрона"
"2017-05-14 10:00:00";"Запуск в режиме рассылки"
"2017-05-14 11:00:00";"Запрос на запуск хрона"
"2017-05-14 11:00:00";"Запуск в режиме рассылки"
"2017-05-14 12:00:00";"Запрос на запуск хрона"
"2017-05-14 12:00:00";"Запуск в режиме рассылки"
"2017-05-14 13:00:00";"Запрос на запуск хрона"
"2017-05-14 13:00:00";"Запуск в режиме рассылки"
"2017-05-14 14:00:00";"Запрос на запуск хрона"
"2017-05-14 14:00:00";"Запуск в режиме рассылки"
"2017-05-14 15:00:00";"Запрос на запуск хрона"
"2017-05-14 15:00:00";"Запуск в режиме рассылки"
"2017-05-14 16:00:00";"Запрос на запуск хрона"
"2017-05-14 16:00:00";"Запуск в режиме рассылки"
"2017-05-14 17:00:01";"Запрос на запуск хрона"
"2017-05-14 17:00:01";"Запуск в режиме рассылки"
"2017-05-14 18:00:00";"Запрос на запуск хрона"
"2017-05-14 18:00:00";"Запуск в режиме рассылки"
"2017-05-14 19:00:00";"Запрос на запуск хрона"
"2017-05-14 19:00:00";"Запуск в режиме рассылки"
"2017-05-14 20:00:01";"Запрос на запуск хрона"
"2017-05-14 20:00:01";"Запуск в режиме рассылки"
"2017-05-14 21:00:00";"Запрос на запуск хрона"
"2017-05-14 21:00:00";"Запуск в режиме рассылки"
"2017-05-14 22:00:00";"Запрос на запуск хрона"
"2017-05-14 22:00:00";"Запуск в режиме рассылки"
"2017-05-15 09:00:00";"Запрос на запуск хрона"
"2017-05-15 09:00:00";"Запуск в режиме обслуживания"
"2017-05-15 09:00:01";"Запуск в режиме рассылки"
"2017-05-15 10:00:00";"Запрос на запуск хрона"
"2017-05-15 10:00:00";"Запуск в режиме рассылки"
"2017-05-15 11:00:00";"Запрос на запуск хрона"
"2017-05-15 11:00:00";"Запуск в режиме рассылки"
"2017-05-15 12:00:01";"Запрос на запуск хрона"
"2017-05-15 12:00:01";"Запуск в режиме рассылки"
"2017-05-15 13:00:00";"Запрос на запуск хрона"
"2017-05-15 13:00:00";"Запуск в режиме рассылки"
"2017-05-15 14:00:00";"Запрос на запуск хрона"
"2017-05-15 14:00:00";"Запуск в режиме рассылки"
"2017-05-15 15:00:00";"Запрос на запуск хрона"
"2017-05-15 15:00:00";"Запуск в режиме рассылки"
"2017-05-15 16:00:20";"Запрос на запуск хрона"
"2017-05-15 16:00:21";"Запуск в режиме рассылки"
"2017-05-15 17:00:00";"Запрос на запуск хрона"
"2017-05-15 17:00:00";"Запуск в режиме рассылки"
"2017-05-15 18:00:00";"Запрос на запуск хрона"
"2017-05-15 18:00:00";"Запуск в режиме рассылки"
"2017-05-15 19:00:00";"Запрос на запуск хрона"
"2017-05-15 19:00:00";"Запуск в режиме рассылки"
"2017-05-15 20:00:01";"Запрос на запуск хрона"
"2017-05-15 20:00:01";"Запуск в режиме рассылки"
"2017-05-15 21:00:01";"Запрос на запуск хрона"
"2017-05-15 21:00:01";"Запуск в режиме рассылки"
"2017-05-15 22:00:00";"Запрос на запуск хрона"
"2017-05-15 22:00:00";"Запуск в режиме рассылки"
"2017-05-16 10:00:01";"Запрос на запуск хрона"
"2017-05-16 10:00:01";"Запуск в режиме обслуживания"
"2017-05-16 10:00:02";"Запуск в режиме рассылки"
"2017-05-16 11:00:00";"Запрос на запуск хрона"
"2017-05-16 11:00:00";"Запуск в режиме рассылки"
"2017-05-16 12:00:00";"Запрос на запуск хрона"
"2017-05-16 12:00:00";"Запуск в режиме рассылки"
"2017-05-16 13:00:00";"Запрос на запуск хрона"
"2017-05-16 13:00:00";"Запуск в режиме рассылки"
"2017-05-16 14:00:01";"Запрос на запуск хрона"
"2017-05-16 14:00:01";"Запуск в режиме рассылки"
"2017-05-16 15:00:00";"Запрос на запуск хрона"
"2017-05-16 15:00:00";"Запуск в режиме рассылки"
"2017-05-16 16:00:00";"Запрос на запуск хрона"
"2017-05-16 16:00:00";"Запуск в режиме рассылки"
"2017-05-16 17:00:01";"Запрос на запуск хрона"
"2017-05-16 17:00:01";"Запуск в режиме рассылки"
"2017-05-16 18:00:00";"Запрос на запуск хрона"
"2017-05-16 18:00:00";"Запуск в режиме рассылки"
"2017-05-16 19:00:00";"Запрос на запуск хрона"
"2017-05-16 19:00:00";"Запуск в режиме рассылки"
"2017-05-16 20:00:00";"Запрос на запуск хрона"
"2017-05-16 20:00:00";"Запуск в режиме рассылки"
"2017-05-16 21:00:01";"Запрос на запуск хрона"
"2017-05-16 21:00:01";"Запуск в режиме рассылки"
"2017-05-17 09:00:01";"Запрос на запуск хрона"
"2017-05-17 09:00:01";"Запуск в режиме обслуживания"
"2017-05-17 09:00:01";"Запуск в режиме рассылки"
"2017-05-17 10:00:00";"Запрос на запуск хрона"
"2017-05-17 10:00:00";"Запуск в режиме рассылки"
"2017-05-17 11:00:00";"Запрос на запуск хрона"
"2017-05-17 11:00:00";"Запуск в режиме рассылки"
"2017-05-17 12:00:02";"Запрос на запуск хрона"
"2017-05-17 12:00:02";"Запуск в режиме рассылки"
"2017-05-17 13:00:01";"Запрос на запуск хрона"
"2017-05-17 13:00:01";"Запуск в режиме рассылки"
"2017-05-17 14:00:00";"Запрос на запуск хрона"
"2017-05-17 14:00:00";"Запуск в режиме рассылки"
"2017-05-17 15:00:01";"Запрос на запуск хрона"
"2017-05-17 15:00:01";"Запуск в режиме рассылки"
"2017-05-17 16:00:00";"Запрос на запуск хрона"
"2017-05-17 16:00:00";"Запуск в режиме рассылки"
"2017-05-17 17:00:00";"Запрос на запуск хрона"
"2017-05-17 17:00:00";"Запуск в режиме рассылки"
"2017-05-17 18:00:00";"Запрос на запуск хрона"
"2017-05-17 18:00:00";"Запуск в режиме рассылки"
"2017-05-17 19:00:00";"Запрос на запуск хрона"
"2017-05-17 19:00:00";"Запуск в режиме рассылки"
"2017-05-17 20:00:00";"Запрос на запуск хрона"
"2017-05-17 20:00:00";"Запуск в режиме рассылки"
"2017-05-17 21:00:01";"Запрос на запуск хрона"
"2017-05-17 21:00:01";"Запуск в режиме рассылки"
"2017-05-18 09:00:01";"Запрос на запуск хрона"
"2017-05-18 09:00:01";"Запуск в режиме обслуживания"
"2017-05-18 09:00:01";"Запуск в режиме рассылки"
"2017-05-18 10:00:00";"Запрос на запуск хрона"
"2017-05-18 10:00:00";"Запуск в режиме рассылки"
"2017-05-18 11:00:00";"Запрос на запуск хрона"
"2017-05-18 11:00:00";"Запуск в режиме рассылки"
"2017-05-18 12:00:25";"Запрос на запуск хрона"
"2017-05-18 12:00:25";"Запуск в режиме рассылки"
"2017-05-18 13:00:00";"Запрос на запуск хрона"
"2017-05-18 13:00:00";"Запуск в режиме рассылки"
"2017-05-18 14:00:01";"Запрос на запуск хрона"
"2017-05-18 14:00:01";"Запуск в режиме рассылки"
"2017-05-18 15:00:00";"Запрос на запуск хрона"
"2017-05-18 15:00:00";"Запуск в режиме рассылки"
"2017-05-18 16:00:00";"Запрос на запуск хрона"
"2017-05-18 16:00:00";"Запуск в режиме рассылки"
"2017-05-18 17:00:01";"Запрос на запуск хрона"
"2017-05-18 17:00:01";"Запуск в режиме рассылки"
"2017-05-18 18:00:00";"Запрос на запуск хрона"
"2017-05-18 18:00:00";"Запуск в режиме рассылки"
"2017-05-18 19:00:00";"Запрос на запуск хрона"
"2017-05-18 19:00:00";"Запуск в режиме рассылки"
"2017-05-18 20:00:00";"Запрос на запуск хрона"
"2017-05-18 20:00:00";"Запуск в режиме рассылки"
"2017-05-18 21:00:00";"Запрос на запуск хрона"
"2017-05-18 21:00:00";"Запуск в режиме рассылки"
"2017-05-18 22:00:00";"Запрос на запуск хрона"
"2017-05-18 22:00:00";"Запуск в режиме рассылки"
"2017-05-19 08:00:01";"Запрос на запуск хрона"
"2017-05-19 08:00:01";"Запуск в режиме обслуживания"
"2017-05-19 08:00:01";"Обслуживание. Добавлено писем в рассылочную базу - 1 шт."
"2017-05-19 08:00:01";"Запуск в режиме рассылки"
"2017-05-19 08:00:02";"Рассылка. Разослано писем - 1 шт."
"2017-05-19 09:00:01";"Запрос на запуск хрона"
"2017-05-19 09:00:01";"Запуск в режиме рассылки"
"2017-05-19 10:00:01";"Запрос на запуск хрона"
"2017-05-19 10:00:01";"Запуск в режиме рассылки"
"2017-05-19 11:00:00";"Запрос на запуск хрона"
"2017-05-19 11:00:00";"Запуск в режиме рассылки"
"2017-05-19 12:00:00";"Запрос на запуск хрона"
"2017-05-19 12:00:00";"Запуск в режиме рассылки"
"2017-05-19 13:00:00";"Запрос на запуск хрона"
"2017-05-19 13:00:00";"Запуск в режиме рассылки"
"2017-05-19 14:00:01";"Запрос на запуск хрона"
"2017-05-19 14:00:01";"Запуск в режиме рассылки"
"2017-05-19 15:00:00";"Запрос на запуск хрона"
"2017-05-19 15:00:00";"Запуск в режиме рассылки"
"2017-05-19 16:00:00";"Запрос на запуск хрона"
"2017-05-19 16:00:00";"Запуск в режиме рассылки"
"2017-05-19 17:00:00";"Запрос на запуск хрона"
"2017-05-19 17:00:00";"Запуск в режиме рассылки"
"2017-05-19 18:00:00";"Запрос на запуск хрона"
"2017-05-19 18:00:00";"Запуск в режиме рассылки"
"2017-05-19 19:00:00";"Запрос на запуск хрона"
"2017-05-19 19:00:00";"Запуск в режиме рассылки"
"2017-05-19 20:00:00";"Запрос на запуск хрона"
"2017-05-19 20:00:00";"Запуск в режиме рассылки"
"2017-05-19 21:00:00";"Запрос на запуск хрона"
"2017-05-19 21:00:00";"Запуск в режиме рассылки"
"2017-05-20 08:00:01";"Запрос на запуск хрона"
"2017-05-20 08:00:01";"Запуск в режиме обслуживания"
"2017-05-20 08:00:01";"Обслуживание. Добавлено писем в рассылочную базу - 2 шт."
"2017-05-20 08:00:01";"Запуск в режиме рассылки"
"2017-05-20 08:00:05";"Рассылка. Разослано писем - 2 шт."
"2017-05-20 09:00:00";"Запрос на запуск хрона"
"2017-05-20 09:00:01";"Запуск в режиме рассылки"
"2017-05-20 10:00:00";"Запрос на запуск хрона"
"2017-05-20 10:00:00";"Запуск в режиме рассылки"
"2017-05-20 11:00:00";"Запрос на запуск хрона"
"2017-05-20 11:00:00";"Запуск в режиме рассылки"
"2017-05-20 12:00:01";"Запрос на запуск хрона"
"2017-05-20 12:00:01";"Запуск в режиме рассылки"
"2017-05-20 13:00:00";"Запрос на запуск хрона"
"2017-05-20 13:00:00";"Запуск в режиме рассылки"
"2017-05-20 14:00:00";"Запрос на запуск хрона"
"2017-05-20 14:00:00";"Запуск в режиме рассылки"
"2017-05-20 15:00:00";"Запрос на запуск хрона"
"2017-05-20 15:00:00";"Запуск в режиме рассылки"
"2017-05-20 16:00:00";"Запрос на запуск хрона"
"2017-05-20 16:00:00";"Запуск в режиме рассылки"
"2017-05-20 17:00:00";"Запрос на запуск хрона"
"2017-05-20 17:00:00";"Запуск в режиме рассылки"
"2017-05-20 18:00:00";"Запрос на запуск хрона"
"2017-05-20 18:00:01";"Запуск в режиме рассылки"
"2017-05-20 19:00:01";"Запрос на запуск хрона"
"2017-05-20 19:00:01";"Запуск в режиме рассылки"
"2017-05-20 20:00:00";"Запрос на запуск хрона"
"2017-05-20 20:00:00";"Запуск в режиме рассылки"
"2017-05-20 21:00:00";"Запрос на запуск хрона"
"2017-05-20 21:00:00";"Запуск в режиме рассылки"
"2017-05-21 09:00:02";"Запрос на запуск хрона"
"2017-05-21 09:00:02";"Запуск в режиме обслуживания"
"2017-05-21 09:00:02";"Обслуживание. Добавлено писем в рассылочную базу - 1 шт."
"2017-05-21 09:00:02";"Запуск в режиме рассылки"
"2017-05-21 09:00:03";"Рассылка. Разослано писем - 1 шт."
"2017-05-21 10:00:00";"Запрос на запуск хрона"
"2017-05-21 10:00:00";"Запуск в режиме рассылки"
"2017-05-21 11:00:01";"Запрос на запуск хрона"
"2017-05-21 11:00:01";"Запуск в режиме рассылки"
"2017-05-21 12:00:01";"Запрос на запуск хрона"
"2017-05-21 12:00:01";"Запуск в режиме рассылки"
"2017-05-21 13:00:01";"Запрос на запуск хрона"
"2017-05-21 13:00:01";"Запуск в режиме рассылки"
"2017-05-21 14:00:00";"Запрос на запуск хрона"
"2017-05-21 14:00:01";"Запуск в режиме рассылки"
"2017-05-21 15:00:00";"Запрос на запуск хрона"
"2017-05-21 15:00:00";"Запуск в режиме рассылки"
"2017-05-21 16:00:00";"Запрос на запуск хрона"
"2017-05-21 16:00:00";"Запуск в режиме рассылки"
"2017-05-21 17:00:00";"Запрос на запуск хрона"
"2017-05-21 17:00:00";"Запуск в режиме рассылки"
"2017-05-21 18:00:01";"Запрос на запуск хрона"
"2017-05-21 18:00:01";"Запуск в режиме рассылки"
"2017-05-21 19:00:01";"Запрос на запуск хрона"
"2017-05-21 19:00:01";"Запуск в режиме рассылки"
"2017-05-21 20:00:00";"Запрос на запуск хрона"
"2017-05-21 20:00:00";"Запуск в режиме рассылки"
"2017-05-21 21:00:00";"Запрос на запуск хрона"
"2017-05-21 21:00:00";"Запуск в режиме рассылки"
"2017-05-22 08:00:01";"Запрос на запуск хрона"
"2017-05-22 08:00:01";"Запуск в режиме обслуживания"
"2017-05-22 08:00:01";"Запуск в режиме рассылки"
"2017-05-22 09:00:02";"Запрос на запуск хрона"
"2017-05-22 09:00:02";"Запуск в режиме рассылки"
"2017-05-22 10:00:00";"Запрос на запуск хрона"
"2017-05-22 10:00:00";"Запуск в режиме рассылки"
"2017-05-22 11:00:01";"Запрос на запуск хрона"
"2017-05-22 11:00:01";"Запуск в режиме рассылки"
"2017-05-22 12:00:01";"Запрос на запуск хрона"
"2017-05-22 12:00:01";"Запуск в режиме рассылки"
"2017-05-22 13:00:00";"Запрос на запуск хрона"
"2017-05-22 13:00:00";"Запуск в режиме рассылки"
"2017-05-22 14:00:00";"Запрос на запуск хрона"
"2017-05-22 14:00:00";"Запуск в режиме рассылки"
"2017-05-22 15:00:11";"Запрос на запуск хрона"
"2017-05-22 15:00:11";"Запуск в режиме рассылки"
"2017-05-22 16:00:01";"Запрос на запуск хрона"
"2017-05-22 16:00:01";"Запуск в режиме рассылки"
"2017-05-22 17:00:01";"Запрос на запуск хрона"
"2017-05-22 17:00:01";"Запуск в режиме рассылки"
"2017-05-22 18:00:00";"Запрос на запуск хрона"
"2017-05-22 18:00:00";"Запуск в режиме рассылки"
"2017-05-22 19:00:00";"Запрос на запуск хрона"
"2017-05-22 19:00:00";"Запуск в режиме рассылки"
"2017-05-22 20:00:00";"Запрос на запуск хрона"
"2017-05-22 20:00:00";"Запуск в режиме рассылки"
"2017-05-22 21:00:00";"Запрос на запуск хрона"
"2017-05-22 21:00:00";"Запуск в режиме рассылки"
"2017-05-22 22:00:00";"Запрос на запуск хрона"
"2017-05-22 22:00:00";"Запуск в режиме рассылки"
"2017-05-23 09:00:03";"Запрос на запуск хрона"
"2017-05-23 09:00:03";"Запуск в режиме обслуживания"
"2017-05-23 09:00:04";"Запуск в режиме рассылки"
"2017-05-23 10:00:01";"Запрос на запуск хрона"
"2017-05-23 10:00:01";"Запуск в режиме рассылки"
"2017-05-23 11:00:01";"Запрос на запуск хрона"
"2017-05-23 11:00:01";"Запуск в режиме рассылки"
"2017-05-23 12:00:01";"Запрос на запуск хрона"
"2017-05-23 12:00:01";"Запуск в режиме рассылки"
"2017-05-23 13:00:00";"Запрос на запуск хрона"
"2017-05-23 13:00:00";"Запуск в режиме рассылки"
"2017-05-23 14:00:00";"Запрос на запуск хрона"
"2017-05-23 14:00:00";"Запуск в режиме рассылки"
"2017-05-23 15:00:01";"Запрос на запуск хрона"
"2017-05-23 15:00:01";"Запуск в режиме рассылки"
"2017-05-23 16:00:00";"Запрос на запуск хрона"
"2017-05-23 16:00:00";"Запуск в режиме рассылки"
"2017-05-23 17:00:00";"Запрос на запуск хрона"
"2017-05-23 17:00:00";"Запуск в режиме рассылки"
"2017-05-23 18:00:01";"Запрос на запуск хрона"
"2017-05-23 18:00:01";"Запуск в режиме рассылки"
"2017-05-23 19:00:00";"Запрос на запуск хрона"
"2017-05-23 19:00:00";"Запуск в режиме рассылки"
"2017-05-23 20:00:00";"Запрос на запуск хрона"
"2017-05-23 20:00:00";"Запуск в режиме рассылки"
"2017-05-23 21:00:01";"Запрос на запуск хрона"
"2017-05-23 21:00:01";"Запуск в режиме рассылки"
"2017-05-24 10:00:03";"Запрос на запуск хрона"
"2017-05-24 10:00:03";"Запуск в режиме обслуживания"
"2017-05-24 10:00:03";"Запуск в режиме рассылки"
"2017-05-24 11:00:01";"Запрос на запуск хрона"
"2017-05-24 11:00:01";"Запуск в режиме рассылки"
"2017-05-24 12:00:01";"Запрос на запуск хрона"
"2017-05-24 12:00:01";"Запуск в режиме рассылки"
"2017-05-24 13:00:01";"Запрос на запуск хрона"
"2017-05-24 13:00:01";"Запуск в режиме рассылки"
"2017-05-24 14:00:01";"Запрос на запуск хрона"
"2017-05-24 14:00:01";"Запуск в режиме рассылки"
"2017-05-24 15:00:03";"Запрос на запуск хрона"
"2017-05-24 15:00:03";"Запуск в режиме рассылки"
"2017-05-24 16:00:02";"Запрос на запуск хрона"
"2017-05-24 16:00:02";"Запуск в режиме рассылки"
"2017-05-24 17:00:01";"Запрос на запуск хрона"
"2017-05-24 17:00:01";"Запуск в режиме рассылки"
"2017-05-24 18:00:01";"Запрос на запуск хрона"
"2017-05-24 18:00:01";"Запуск в режиме рассылки"
"2017-05-24 19:00:01";"Запрос на запуск хрона"
"2017-05-24 19:00:01";"Запуск в режиме рассылки"
"2017-05-24 20:00:00";"Запрос на запуск хрона"
"2017-05-24 20:00:00";"Запуск в режиме рассылки"
"2017-05-24 21:00:01";"Запрос на запуск хрона"
"2017-05-24 21:00:01";"Запуск в режиме рассылки"
"2017-05-24 22:00:01";"Запрос на запуск хрона"
"2017-05-24 22:00:01";"Запуск в режиме рассылки"
"2017-05-25 11:00:04";"Запрос на запуск хрона"
"2017-05-25 11:00:04";"Запуск в режиме обслуживания"
"2017-05-25 11:00:05";"Запуск в режиме рассылки"
"2017-05-25 12:00:00";"Запрос на запуск хрона"
"2017-05-25 12:00:00";"Запуск в режиме рассылки"
"2017-05-25 13:00:01";"Запрос на запуск хрона"
"2017-05-25 13:00:01";"Запуск в режиме рассылки"
"2017-05-25 14:00:00";"Запрос на запуск хрона"
"2017-05-25 14:00:00";"Запуск в режиме рассылки"
"2017-05-25 15:00:01";"Запрос на запуск хрона"
"2017-05-25 15:00:01";"Запуск в режиме рассылки"
"2017-05-25 16:00:04";"Запрос на запуск хрона"
"2017-05-25 16:00:05";"Запуск в режиме рассылки"
"2017-05-25 17:00:00";"Запрос на запуск хрона"
"2017-05-25 17:00:00";"Запуск в режиме рассылки"
"2017-05-25 18:00:00";"Запрос на запуск хрона"
"2017-05-25 18:00:00";"Запуск в режиме рассылки"
"2017-05-25 19:00:04";"Запрос на запуск хрона"
"2017-05-25 19:00:04";"Запуск в режиме рассылки"
"2017-05-25 20:00:01";"Запрос на запуск хрона"
"2017-05-25 20:00:01";"Запуск в режиме рассылки"
"2017-05-25 21:00:01";"Запрос на запуск хрона"
"2017-05-25 21:00:01";"Запуск в режиме рассылки"
"2017-05-26 09:00:01";"Запрос на запуск хрона"
"2017-05-26 09:00:01";"Запуск в режиме обслуживания"
"2017-05-26 09:00:01";"Запуск в режиме рассылки"
"2017-05-26 10:00:00";"Запрос на запуск хрона"
"2017-05-26 10:00:00";"Запуск в режиме рассылки"
"2017-05-26 11:00:01";"Запрос на запуск хрона"
"2017-05-26 11:00:01";"Запуск в режиме рассылки"
"2017-05-26 12:00:01";"Запрос на запуск хрона"
"2017-05-26 12:00:01";"Запуск в режиме рассылки"
"2017-05-26 13:00:01";"Запрос на запуск хрона"
"2017-05-26 13:00:01";"Запуск в режиме рассылки"
"2017-05-26 14:00:00";"Запрос на запуск хрона"
"2017-05-26 14:00:00";"Запуск в режиме рассылки"
"2017-05-26 15:00:02";"Запрос на запуск хрона"
"2017-05-26 15:00:02";"Запуск в режиме рассылки"
"2017-05-26 16:00:01";"Запрос на запуск хрона"
"2017-05-26 16:00:01";"Запуск в режиме рассылки"
"2017-05-26 17:00:00";"Запрос на запуск хрона"
"2017-05-26 17:00:00";"Запуск в режиме рассылки"
"2017-05-26 18:00:00";"Запрос на запуск хрона"
"2017-05-26 18:00:00";"Запуск в режиме рассылки"
"2017-05-26 19:00:03";"Запрос на запуск хрона"
"2017-05-26 19:00:03";"Запуск в режиме рассылки"
"2017-05-26 20:00:00";"Запрос на запуск хрона"
"2017-05-26 20:00:00";"Запуск в режиме рассылки"
"2017-05-26 21:00:01";"Запрос на запуск хрона"
"2017-05-26 21:00:01";"Запуск в режиме рассылки"
"2017-05-26 22:00:00";"Запрос на запуск хрона"
"2017-05-26 22:00:00";"Запуск в режиме рассылки"
"2017-05-27 15:00:01";"Запрос на запуск хрона"
"2017-05-27 15:00:01";"Запуск в режиме обслуживания"
"2017-05-27 15:00:01";"Запуск в режиме рассылки"
"2017-05-27 16:00:00";"Запрос на запуск хрона"
"2017-05-27 16:00:00";"Запуск в режиме рассылки"
"2017-05-27 17:00:00";"Запрос на запуск хрона"
"2017-05-27 17:00:00";"Запуск в режиме рассылки"
"2017-05-27 18:00:00";"Запрос на запуск хрона"
"2017-05-27 18:00:00";"Запуск в режиме рассылки"
"2017-05-27 19:00:01";"Запрос на запуск хрона"
"2017-05-27 19:00:01";"Запуск в режиме рассылки"
"2017-05-27 20:00:01";"Запрос на запуск хрона"
"2017-05-27 20:00:01";"Запуск в режиме рассылки"
"2017-05-27 21:00:00";"Запрос на запуск хрона"
"2017-05-27 21:00:00";"Запуск в режиме рассылки"
"2017-05-28 09:00:01";"Запрос на запуск хрона"
"2017-05-28 09:00:01";"Запуск в режиме обслуживания"
"2017-05-28 09:00:01";"Запуск в режиме рассылки"
"2017-05-28 10:00:04";"Запрос на запуск хрона"
"2017-05-28 10:00:04";"Запуск в режиме рассылки"
"2017-05-28 11:00:01";"Запрос на запуск хрона"
"2017-05-28 11:00:01";"Запуск в режиме рассылки"
"2017-05-28 12:00:02";"Запрос на запуск хрона"
"2017-05-28 12:00:02";"Запуск в режиме рассылки"
"2017-05-28 13:00:01";"Запрос на запуск хрона"
"2017-05-28 13:00:01";"Запуск в режиме рассылки"
"2017-05-28 14:00:01";"Запрос на запуск хрона"
"2017-05-28 14:00:01";"Запуск в режиме рассылки"
"2017-05-28 15:00:00";"Запрос на запуск хрона"
"2017-05-28 15:00:00";"Запуск в режиме рассылки"
"2017-05-28 16:00:00";"Запрос на запуск хрона"
"2017-05-28 16:00:00";"Запуск в режиме рассылки"
"2017-05-28 17:00:01";"Запрос на запуск хрона"
"2017-05-28 17:00:01";"Запуск в режиме рассылки"
"2017-05-28 18:00:08";"Запрос на запуск хрона"
"2017-05-28 18:00:09";"Запуск в режиме рассылки"
"2017-05-28 19:00:00";"Запрос на запуск хрона"
"2017-05-28 19:00:00";"Запуск в режиме рассылки"
"2017-05-28 20:00:00";"Запрос на запуск хрона"
"2017-05-28 20:00:00";"Запуск в режиме рассылки"
"2017-05-28 21:00:00";"Запрос на запуск хрона"
"2017-05-28 21:00:00";"Запуск в режиме рассылки"
"2017-05-29 09:00:01";"Запрос на запуск хрона"
"2017-05-29 09:00:01";"Запуск в режиме обслуживания"
"2017-05-29 09:00:01";"Запуск в режиме рассылки"
"2017-05-29 10:00:00";"Запрос на запуск хрона"
"2017-05-29 10:00:00";"Запуск в режиме рассылки"
"2017-05-29 11:00:00";"Запрос на запуск хрона"
"2017-05-29 11:00:00";"Запуск в режиме рассылки"
"2017-05-29 12:00:01";"Запрос на запуск хрона"
"2017-05-29 12:00:01";"Запуск в режиме рассылки"
"2017-05-29 13:00:01";"Запрос на запуск хрона"
"2017-05-29 13:00:01";"Запуск в режиме рассылки"
"2017-05-29 14:00:01";"Запрос на запуск хрона"
"2017-05-29 14:00:01";"Запуск в режиме рассылки"
"2017-05-29 15:00:01";"Запрос на запуск хрона"
"2017-05-29 15:00:01";"Запуск в режиме рассылки"
"2017-05-29 16:00:00";"Запрос на запуск хрона"
"2017-05-29 16:00:00";"Запуск в режиме рассылки"
"2017-05-29 17:00:01";"Запрос на запуск хрона"
"2017-05-29 17:00:01";"Запуск в режиме рассылки"
"2017-05-29 18:00:01";"Запрос на запуск хрона"
"2017-05-29 18:00:01";"Запуск в режиме рассылки"
"2017-05-29 19:00:02";"Запрос на запуск хрона"
"2017-05-29 19:00:02";"Запуск в режиме рассылки"
"2017-05-29 20:00:02";"Запрос на запуск хрона"
"2017-05-29 20:00:02";"Запуск в режиме рассылки"
"2017-05-29 21:00:01";"Запрос на запуск хрона"
"2017-05-29 21:00:01";"Запуск в режиме рассылки"
"2017-05-30 10:00:01";"Запрос на запуск хрона"
"2017-05-30 10:00:01";"Запуск в режиме обслуживания"
"2017-05-30 10:00:01";"Запуск в режиме рассылки"
"2017-05-30 11:00:00";"Запрос на запуск хрона"
"2017-05-30 11:00:00";"Запуск в режиме рассылки"
"2017-05-30 12:00:00";"Запрос на запуск хрона"
"2017-05-30 12:00:00";"Запуск в режиме рассылки"
"2017-05-30 13:00:00";"Запрос на запуск хрона"
"2017-05-30 13:00:00";"Запуск в режиме рассылки"
"2017-05-30 14:00:00";"Запрос на запуск хрона"
"2017-05-30 14:00:00";"Запуск в режиме рассылки"
"2017-05-30 15:00:00";"Запрос на запуск хрона"
"2017-05-30 15:00:00";"Запуск в режиме рассылки"
"2017-05-30 16:00:00";"Запрос на запуск хрона"
"2017-05-30 16:00:00";"Запуск в режиме рассылки"
"2017-05-30 17:00:00";"Запрос на запуск хрона"
"2017-05-30 17:00:00";"Запуск в режиме рассылки"
"2017-05-30 18:00:01";"Запрос на запуск хрона"
"2017-05-30 18:00:01";"Запуск в режиме рассылки"
"2017-05-30 19:00:01";"Запрос на запуск хрона"
"2017-05-30 19:00:01";"Запуск в режиме рассылки"
"2017-05-30 20:00:00";"Запрос на запуск хрона"
"2017-05-30 20:00:00";"Запуск в режиме рассылки"
"2017-05-30 21:00:01";"Запрос на запуск хрона"
"2017-05-30 21:00:01";"Запуск в режиме рассылки"
"2017-05-30 22:00:00";"Запрос на запуск хрона"
"2017-05-30 22:00:00";"Запуск в режиме рассылки"
"2017-05-31 09:00:01";"Запрос на запуск хрона"
"2017-05-31 09:00:01";"Запуск в режиме обслуживания"
"2017-05-31 09:00:01";"Запуск в режиме рассылки"
"2017-05-31 10:00:00";"Запрос на запуск хрона"
"2017-05-31 10:00:00";"Запуск в режиме рассылки"
"2017-05-31 11:00:00";"Запрос на запуск хрона"
"2017-05-31 11:00:00";"Запуск в режиме рассылки"
"2017-05-31 12:00:00";"Запрос на запуск хрона"
"2017-05-31 12:00:00";"Запуск в режиме рассылки"
"2017-05-31 13:00:00";"Запрос на запуск хрона"
"2017-05-31 13:00:00";"Запуск в режиме рассылки"
"2017-05-31 14:00:01";"Запрос на запуск хрона"
"2017-05-31 14:00:01";"Запуск в режиме рассылки"
"2017-05-31 15:00:01";"Запрос на запуск хрона"
"2017-05-31 15:00:01";"Запуск в режиме рассылки"
"2017-05-31 16:00:00";"Запрос на запуск хрона"
"2017-05-31 16:00:00";"Запуск в режиме рассылки"
"2017-05-31 17:00:02";"Запрос на запуск хрона"
"2017-05-31 17:00:02";"Запуск в режиме рассылки"
"2017-05-31 18:00:01";"Запрос на запуск хрона"
"2017-05-31 18:00:02";"Запуск в режиме рассылки"
"2017-05-31 19:00:01";"Запрос на запуск хрона"
"2017-05-31 19:00:01";"Запуск в режиме рассылки"
"2017-05-31 20:00:00";"Запрос на запуск хрона"
"2017-05-31 20:00:00";"Запуск в режиме рассылки"
"2017-05-31 21:00:00";"Запрос на запуск хрона"
"2017-05-31 21:00:00";"Запуск в режиме рассылки"
"2017-06-01 08:00:02";"Запрос на запуск хрона"
"2017-06-01 08:00:02";"Запуск в режиме обслуживания"
"2017-06-01 08:00:02";"Запуск в режиме рассылки"
"2017-06-01 08:00:02";"Запуск в режиме архивации журналов"
