"2017-05-01 11:14:42";dm84ya08@yandex.ru;robot@raznosilka.ru;"Разносилка. Новый аккаунт."
"2017-05-01 11:14:43";dm84ya08@yandex.ru;robot@raznosilka.ru;"Разносилка. Активация аккаунта."
"2017-05-01 13:18:40";dm84ya08@yandex.ru;robot@raznosilka.ru;"Разносилка. Активация аккаунта."
"2017-05-01 13:18:50";dm84ya08@yandex.ru;robot@raznosilka.ru;"Разносилка. Добро пожаловать."
"2017-05-01 13:21:16";dm84ya08@yandex.ru;robot@raznosilka.ru;"Разносилка. Пробный период получен."
"2017-05-04 11:00:03";dm84ya08@yandex.ru;robot@raznosilka.ru;"Не забудьте проставить оплаты"
"2017-05-05 17:00:02";dm84ya08@yandex.ru;robot@raznosilka.ru;"Возможно, вы забыли проставить оплаты"
"2017-05-11 14:17:31";dm84ya08@yandex.ru;robot@raznosilka.ru;"Разносилка. Неопределённые SMS."
"2017-05-12 12:00:02";dm84ya08@yandex.ru;robot@raznosilka.ru;"Не забудьте проставить оплаты"
"2017-05-13 09:00:07";dm84ya08@yandex.ru;robot@raznosilka.ru;"Возможно, вы забыли проставить оплаты"
"2017-05-19 08:00:02";dm84ya08@yandex.ru;robot@raznosilka.ru;"Не забудьте проставить оплаты"
"2017-05-20 08:00:03";dm84ya08@yandex.ru;robot@raznosilka.ru;"Не забудьте проставить оплаты"
"2017-05-20 08:00:05";dm84ya08@yandex.ru;robot@raznosilka.ru;"Возможно, вы забыли проставить оплаты"
"2017-05-21 09:00:03";dm84ya08@yandex.ru;robot@raznosilka.ru;"Возможно, вы забыли проставить оплаты"
