"2016-03-02 21:44:06";dm84ya08@yandex.ru;robot@raznosilka.ru;"Не забудьте оплатить «Разносилку»"
"2016-03-02 21:44:08";dm84ya08@yandex.ru;robot@raznosilka.ru;"Не забудьте оплатить «Разносилку»"
"2016-03-04 09:00:03";dm84ya08@yandex.ru;robot@raznosilka.ru;"Не забудьте проставить оплаты"
"2016-03-28 19:29:57";dm84ya08@yandex.ru;robot@raznosilka.ru;"Разносилка. Аккаунт разблокирован."
"2016-03-28 19:31:44";dm84ya08@yandex.ru;robot@raznosilka.ru;"Разносилка. Аккаунт заблокирован."
"2016-03-29 15:24:23";dm84ya08@yandex.ru;robot@raznosilka.ru;"Разносилка. Услуга оплачена."
"2016-03-29 15:40:40";dm84ya08@yandex.ru;robot@raznosilka.ru;"Разносилка. Услуга оплачена."
"2016-03-29 17:01:05";dm84ya08@yandex.ru;robot@raznosilka.ru;"Разносилка. Услуга оплачена."
"2016-03-29 17:19:46";dm84ya08@yandex.ru;robot@raznosilka.ru;"Разносилка. Услуга оплачена."
"2016-03-31 14:41:01";dm84ya08@yandex.ru;robot@raznosilka.ru;"Разносилка. Пробный период получен."
"2016-03-31 20:41:23";dm84ya08@yandex.ru;robot@raznosilka.ru;"Разносилка. Неопределённые SMS."
"2016-04-01 10:00:04";dm84ya08@yandex.ru;robot@raznosilka.ru;"Не забудьте проставить оплаты"
"2016-04-02 08:00:04";dm84ya08@yandex.ru;robot@raznosilka.ru;"Не забудьте проставить оплаты"
"2016-04-03 08:00:08";dm84ya08@yandex.ru;robot@raznosilka.ru;"Не забудьте проставить оплаты"
"2016-04-15 08:00:03";dm84ya08@yandex.ru;robot@raznosilka.ru;"Не забудьте проставить оплаты"
"2016-04-16 08:00:03";dm84ya08@yandex.ru;robot@raznosilka.ru;"Не забудьте проставить оплаты"
"2016-04-16 08:00:04";dm84ya08@yandex.ru;robot@raznosilka.ru;"Не забудьте проставить оплаты"
"2016-04-17 08:00:05";dm84ya08@yandex.ru;robot@raznosilka.ru;"Не забудьте проставить оплаты"
"2016-04-24 20:10:12";dm84ya08@yandex.ru;robot@raznosilka.ru;"Разносилка. Смена e-mail."
"2016-04-24 20:21:45";dm84ya08@yandex.ru;robot@raznosilka.ru;"Разносилка. Смена e-mail."
"2016-04-25 09:17:53";dm84ya08@yandex.ru;robot@raznosilka.ru;"Разносилка. Смена e-mail."
"2016-04-25 09:20:14";putilovms@raznosilka.ru;robot@raznosilka.ru;"Разносилка. Смена e-mail."
"2016-04-25 09:35:02";putilovms@raznosilka.ru;robot@raznosilka.ru;"Разносилка. Смена e-mail."
"2016-05-10 09:02:32";dm84ya08@yandex.ru;robot@raznosilka.ru;"Разносилка. Новый аккаунт."
"2016-05-10 09:02:34";dm84ya08@yandex.ru;robot@raznosilka.ru;"Разносилка. Активация аккаунта."
"2016-05-10 10:03:22";dm84ya08@yandex.ru;robot@raznosilka.ru;"Разносилка. Добро пожаловать."
"2016-05-10 11:08:38";dm84ya08@yandex.ru;robot@raznosilka.ru;"Разносилка. Добро пожаловать."
"2016-05-10 11:09:00";dm84ya08@yandex.ru;robot@raznosilka.ru;"Разносилка. Активация аккаунта."
"2016-05-10 10:09:37";dm84ya08@yandex.ru;robot@raznosilka.ru;"Разносилка. Добро пожаловать."
"2016-05-10 10:11:00";dm84ya08@yandex.ru;robot@raznosilka.ru;"Разносилка. Новый аккаунт."
"2016-05-10 10:11:02";dm84ya08@yandex.ru;robot@raznosilka.ru;"Разносилка. Активация аккаунта."
"2016-05-10 11:12:13";dm84ya08@yandex.ru;robot@raznosilka.ru;"Разносилка. Добро пожаловать."
"2016-05-10 10:13:19";dm84ya08@yandex.ru;robot@raznosilka.ru;"Разносилка. Новый аккаунт."
"2016-05-10 10:13:20";dm84ya08@yandex.ru;robot@raznosilka.ru;"Разносилка. Добро пожаловать."
"2016-05-10 12:03:14";dm84ya08@yandex.ru;robot@raznosilka.ru;"Разносилка. Услуга оплачена."
"2016-05-10 12:17:10";dm84ya08@yandex.ru;robot@raznosilka.ru;"Разносилка. Услуга оплачена."
"2016-05-10 14:31:07";dm84ya08@yandex.ru;robot@raznosilka.ru;"Разносилка. Новый аккаунт."
"2016-05-10 14:31:09";dm84ya08@yandex.ru;robot@raznosilka.ru;"Разносилка. Добро пожаловать."
"2016-05-12 09:00:03";dm84ya08@yandex.ru;robot@raznosilka.ru;"Не забудьте проставить оплаты"
"2016-05-13 08:00:05";dm84ya08@yandex.ru;robot@raznosilka.ru;"Возможно, вы забыли проставить оплаты"
"2016-05-17 16:51:07";dm84ya08@yandex.ru;robot@raznosilka.ru;"Разносилка. Неопределённые SMS."
"2016-06-01 15:29:57";dm84ya08@yandex.ru;robot@raznosilka.ru;"Разносилка. Неопределённые SMS."
"2016-06-01 15:32:20";dm84ya08@yandex.ru;robot@raznosilka.ru;"Разносилка. Неопределённые SMS."
"2016-07-10 19:26:14";dm84ya08@yandex.ru;robot@raznosilka.ru;"Разносилка. Неопределённые SMS."
"2016-07-10 19:46:54";dm84ya08@yandex.ru;robot@raznosilka.ru;"Разносилка. Неопределённые SMS."
"2016-07-10 20:00:14";dm84ya08@yandex.ru;robot@raznosilka.ru;"Разносилка. Неопределённые SMS."
"2016-07-10 20:02:01";dm84ya08@yandex.ru;robot@raznosilka.ru;"Разносилка. Неопределённые SMS."
"2016-07-10 20:05:01";dm84ya08@yandex.ru;robot@raznosilka.ru;"Разносилка. Неопределённые SMS."
"2016-07-10 20:05:35";dm84ya08@yandex.ru;robot@raznosilka.ru;"Разносилка. Неопределённые SMS."
"2016-07-10 20:15:50";dm84ya08@yandex.ru;robot@raznosilka.ru;"Разносилка. Неопределённые SMS."
"2016-07-10 20:17:49";dm84ya08@yandex.ru;robot@raznosilka.ru;"Разносилка. Неопределённые SMS."
"2016-07-10 20:39:21";dm84ya08@yandex.ru;robot@raznosilka.ru;"Разносилка. Неопределённые SMS."
"2016-07-10 20:59:01";dm84ya08@yandex.ru;robot@raznosilka.ru;"Разносилка. Неопределённые SMS."
"2016-07-10 20:59:52";dm84ya08@yandex.ru;robot@raznosilka.ru;"Разносилка. Неопределённые SMS."
"2016-07-10 21:34:28";dm84ya08@yandex.ru;robot@raznosilka.ru;"Разносилка. Неопределённые SMS."
"2016-07-10 22:05:13";dm84ya08@yandex.ru;robot@raznosilka.ru;"Разносилка. Неопределённые SMS."
"2016-07-10 22:05:55";dm84ya08@yandex.ru;robot@raznosilka.ru;"Разносилка. Неопределённые SMS."
"2016-07-10 22:07:01";dm84ya08@yandex.ru;robot@raznosilka.ru;"Разносилка. Неопределённые SMS."
"2016-07-10 22:10:31";dm84ya08@yandex.ru;robot@raznosilka.ru;"Разносилка. Неопределённые SMS."
"2016-07-10 22:10:54";dm84ya08@yandex.ru;robot@raznosilka.ru;"Разносилка. Неопределённые SMS."
"2016-07-10 22:13:01";dm84ya08@yandex.ru;robot@raznosilka.ru;"Разносилка. Неопределённые SMS."
"2016-07-11 00:45:33";dm84ya08@yandex.ru;robot@raznosilka.ru;"Разносилка. Неопределённые SMS."
"2016-07-11 12:48:53";dm84ya08@yandex.ru;robot@raznosilka.ru;"Разносилка. Неопределённые SMS."
"2016-07-11 12:49:10";dm84ya08@yandex.ru;robot@raznosilka.ru;"Разносилка. Неопределённые SMS."
"2016-07-12 13:21:41";dm84ya08@yandex.ru;robot@raznosilka.ru;"Разносилка. Неопределённые SMS."
"2016-07-14 22:42:11";dm84ya08@yandex.ru;robot@raznosilka.ru;"Разносилка. Неопределённые SMS."
