"2016-03-29 15:24:20";paymentAviso
"2016-03-29 15:24:20";"Запрос: route = pay/aviso, requestDatetime = 2011-05-04T20:38:00.000 04:00, action = paymentAviso, md5 = 0146A80DD73236EAC806C0B78DCE0901, shopId = 13, shopArticleId = 456, invoiceId = 1234567, customerNumber = 1, orderCreatedDatetime = 2011-05-04T20:38:00.000 04:00, orderSumAmount = 500, orderSumCurrencyPaycash = 643, orderSumBankPaycash = 1001, shopSumAmount = 490, shopSumCurrencyPaycash = 643, shopSumBankPaycash = 1001, paymentDatetime = 2011-05-04T20:38:10.000 04:00, paymentPayerCode = 42007148320, paymentType = AC, cps_user_country_code = RU"
"2016-03-29 15:24:23";"Платёж успешно обработан"
"2016-03-29 15:24:23";"Ответ: <?xml version=""1.0"" encoding=""UTF-8""?><paymentAvisoResponse performedDatetime=""2016-03-29T15:24:23.000+03:00"" code=""0"" invoiceId=""1234567"" shopId=""115982"" />"
"2016-03-29 15:40:38";paymentAviso
"2016-03-29 15:40:38";"Запрос: route = pay/aviso, requestDatetime = 2011-05-04T20:38:00.000 04:00, action = paymentAviso, md5 = 0146A80DD73236EAC806C0B78DCE0901, shopId = 13, shopArticleId = 456, invoiceId = 1234567, customerNumber = 1, orderCreatedDatetime = 2011-05-04T20:38:00.000 04:00, orderSumAmount = 500, orderSumCurrencyPaycash = 643, orderSumBankPaycash = 1001, shopSumAmount = 490, shopSumCurrencyPaycash = 643, shopSumBankPaycash = 1001, paymentDatetime = 2011-05-04T20:38:10.000 04:00, paymentPayerCode = 42007148320, paymentType = AC, cps_user_country_code = RU"
"2016-03-29 15:40:40";"Платёж успешно обработан"
"2016-03-29 15:40:40";"Ответ: <?xml version=""1.0"" encoding=""UTF-8""?><paymentAvisoResponse performedDatetime=""2016-03-29T15:40:40.000+03:00"" code=""0"" invoiceId=""1234567"" shopId=""115982"" />"
"2016-03-29 16:13:07";paymentAviso
"2016-03-29 16:13:07";"Запрос: route = pay/aviso, requestDatetime = 2011-05-04T20:38:00.000 04:00, action = paymentAviso, md5 = 0146A80DD73236EAC806C0B78DCE0901, shopId = 13, shopArticleId = 456, invoiceId = 1234567, customerNumber = 1, orderCreatedDatetime = 2011-05-04T20:38:00.000 04:00, orderSumAmount = 500, orderSumCurrencyPaycash = 643, orderSumBankPaycash = 1001, shopSumAmount = 490, shopSumCurrencyPaycash = 643, shopSumBankPaycash = 1001, paymentDatetime = 2011-05-04T20:38:10.000 04:00, paymentPayerCode = 42007148320, paymentType = AC, cps_user_country_code = RU"
"2016-03-29 16:15:47";paymentAviso
"2016-03-29 16:15:47";"Запрос: route = pay/aviso, requestDatetime = 2011-05-04T20:38:00.000 04:00, action = paymentAviso, md5 = 0146A80DD73236EAC806C0B78DCE0901, shopId = 13, shopArticleId = 456, invoiceId = 1234567, customerNumber = 1, orderCreatedDatetime = 2011-05-04T20:38:00.000 04:00, orderSumAmount = 500, orderSumCurrencyPaycash = 643, orderSumBankPaycash = 1001, shopSumAmount = 490, shopSumCurrencyPaycash = 643, shopSumBankPaycash = 1001, paymentDatetime = 2011-05-04T20:38:10.000 04:00, paymentPayerCode = 42007148320, paymentType = AC, cps_user_country_code = RU"
"2016-03-29 16:15:47";"Ошибка: Не удалось предоставить услугу пользователю"
"2016-03-29 16:15:47";"Ответ: <?xml version=""1.0"" encoding=""UTF-8""?><paymentAvisoResponse performedDatetime=""2016-03-29T16:15:47.000+03:00"" code=""200"" message=""Ошибка: Не удалось предоставить услугу пользователю"" invoiceId=""1234567"" shopId=""115982"" />"
"2016-03-29 16:17:55";paymentAviso
"2016-03-29 16:17:55";"Запрос: route = pay/aviso, requestDatetime = 2011-05-04T20:38:00.000 04:00, action = paymentAviso, md5 = 0146A80DD73236EAC806C0B78DCE0901, shopId = 13, shopArticleId = 456, invoiceId = 1234567, customerNumber = 1, orderCreatedDatetime = 2011-05-04T20:38:00.000 04:00, orderSumAmount = 500, orderSumCurrencyPaycash = 643, orderSumBankPaycash = 1001, shopSumAmount = 490, shopSumCurrencyPaycash = 643, shopSumBankPaycash = 1001, paymentDatetime = 2011-05-04T20:38:10.000 04:00, paymentPayerCode = 42007148320, paymentType = AC, cps_user_country_code = RU"
"2016-03-29 16:17:55";"Ошибка: Не удалось предоставить услугу пользователю"
"2016-03-29 16:17:55";"Ответ: <?xml version=""1.0"" encoding=""UTF-8""?><paymentAvisoResponse performedDatetime=""2016-03-29T16:17:55.000+03:00"" code=""200"" message=""Ошибка: Не удалось предоставить услугу пользователю"" invoiceId=""1234567"" shopId=""115982"" />"
"2016-03-29 16:18:30";paymentAviso
"2016-03-29 16:18:30";"Запрос: route = pay/aviso, requestDatetime = 2011-05-04T20:38:00.000 04:00, action = paymentAviso, md5 = 0146A80DD73236EAC806C0B78DCE0901, shopId = 13, shopArticleId = 456, invoiceId = 1234567, customerNumber = 1, orderCreatedDatetime = 2011-05-04T20:38:00.000 04:00, orderSumAmount = 500, orderSumCurrencyPaycash = 643, orderSumBankPaycash = 1001, shopSumAmount = 490, shopSumCurrencyPaycash = 643, shopSumBankPaycash = 1001, paymentDatetime = 2011-05-04T20:38:10.000 04:00, paymentPayerCode = 42007148320, paymentType = AC, cps_user_country_code = RU"
"2016-03-29 16:21:23";paymentAviso
"2016-03-29 16:21:23";"Запрос: route = pay/aviso, requestDatetime = 2011-05-04T20:38:00.000 04:00, action = paymentAviso, md5 = 0146A80DD73236EAC806C0B78DCE0901, shopId = 13, shopArticleId = 456, invoiceId = 1234567, customerNumber = 1, orderCreatedDatetime = 2011-05-04T20:38:00.000 04:00, orderSumAmount = 500, orderSumCurrencyPaycash = 643, orderSumBankPaycash = 1001, shopSumAmount = 490, shopSumCurrencyPaycash = 643, shopSumBankPaycash = 1001, paymentDatetime = 2011-05-04T20:38:10.000 04:00, paymentPayerCode = 42007148320, paymentType = AC, cps_user_country_code = RU"
"2016-03-29 16:22:12";paymentAviso
"2016-03-29 16:22:12";"Запрос: route = pay/aviso, requestDatetime = 2011-05-04T20:38:00.000 04:00, action = paymentAviso, md5 = 0146A80DD73236EAC806C0B78DCE0901, shopId = 13, shopArticleId = 456, invoiceId = 1234567, customerNumber = 1, orderCreatedDatetime = 2011-05-04T20:38:00.000 04:00, orderSumAmount = 500, orderSumCurrencyPaycash = 643, orderSumBankPaycash = 1001, shopSumAmount = 490, shopSumCurrencyPaycash = 643, shopSumBankPaycash = 1001, paymentDatetime = 2011-05-04T20:38:10.000 04:00, paymentPayerCode = 42007148320, paymentType = AC, cps_user_country_code = RU"
"2016-03-29 16:23:03";paymentAviso
"2016-03-29 16:23:03";"Запрос: route = pay/aviso, requestDatetime = 2011-05-04T20:38:00.000 04:00, action = paymentAviso, md5 = 0146A80DD73236EAC806C0B78DCE0901, shopId = 13, shopArticleId = 456, invoiceId = 1234567, customerNumber = 1, orderCreatedDatetime = 2011-05-04T20:38:00.000 04:00, orderSumAmount = 500, orderSumCurrencyPaycash = 643, orderSumBankPaycash = 1001, shopSumAmount = 490, shopSumCurrencyPaycash = 643, shopSumBankPaycash = 1001, paymentDatetime = 2011-05-04T20:38:10.000 04:00, paymentPayerCode = 42007148320, paymentType = AC, cps_user_country_code = RU"
"2016-03-29 16:26:07";paymentAviso
"2016-03-29 16:26:07";"Запрос: route = pay/aviso, requestDatetime = 2011-05-04T20:38:00.000 04:00, action = paymentAviso, md5 = 0146A80DD73236EAC806C0B78DCE0901, shopId = 13, shopArticleId = 456, invoiceId = 1234567, customerNumber = 1, orderCreatedDatetime = 2011-05-04T20:38:00.000 04:00, orderSumAmount = 500, orderSumCurrencyPaycash = 643, orderSumBankPaycash = 1001, shopSumAmount = 490, shopSumCurrencyPaycash = 643, shopSumBankPaycash = 1001, paymentDatetime = 2011-05-04T20:38:10.000 04:00, paymentPayerCode = 42007148320, paymentType = AC, cps_user_country_code = RU"
"2016-03-29 16:26:24";paymentAviso
"2016-03-29 16:26:24";"Запрос: route = pay/aviso, requestDatetime = 2011-05-04T20:38:00.000 04:00, action = paymentAviso, md5 = 0146A80DD73236EAC806C0B78DCE0901, shopId = 13, shopArticleId = 456, invoiceId = 1234567, customerNumber = 1, orderCreatedDatetime = 2011-05-04T20:38:00.000 04:00, orderSumAmount = 500, orderSumCurrencyPaycash = 643, orderSumBankPaycash = 1001, shopSumAmount = 490, shopSumCurrencyPaycash = 643, shopSumBankPaycash = 1001, paymentDatetime = 2011-05-04T20:38:10.000 04:00, paymentPayerCode = 42007148320, paymentType = AC, cps_user_country_code = RU"
"2016-03-29 16:28:07";paymentAviso
"2016-03-29 16:28:07";"Запрос: route = pay/aviso, requestDatetime = 2011-05-04T20:38:00.000 04:00, action = paymentAviso, md5 = 0146A80DD73236EAC806C0B78DCE0901, shopId = 13, shopArticleId = 456, invoiceId = 1234567, customerNumber = 1, orderCreatedDatetime = 2011-05-04T20:38:00.000 04:00, orderSumAmount = 500, orderSumCurrencyPaycash = 643, orderSumBankPaycash = 1001, shopSumAmount = 490, shopSumCurrencyPaycash = 643, shopSumBankPaycash = 1001, paymentDatetime = 2011-05-04T20:38:10.000 04:00, paymentPayerCode = 42007148320, paymentType = AC, cps_user_country_code = RU"
"2016-03-29 16:29:00";paymentAviso
"2016-03-29 16:29:00";"Запрос: route = pay/aviso, requestDatetime = 2011-05-04T20:38:00.000 04:00, action = paymentAviso, md5 = 0146A80DD73236EAC806C0B78DCE0901, shopId = 13, shopArticleId = 456, invoiceId = 1234567, customerNumber = 1, orderCreatedDatetime = 2011-05-04T20:38:00.000 04:00, orderSumAmount = 500, orderSumCurrencyPaycash = 643, orderSumBankPaycash = 1001, shopSumAmount = 490, shopSumCurrencyPaycash = 643, shopSumBankPaycash = 1001, paymentDatetime = 2011-05-04T20:38:10.000 04:00, paymentPayerCode = 42007148320, paymentType = AC, cps_user_country_code = RU"
"2016-03-29 16:30:08";paymentAviso
"2016-03-29 16:30:08";"Запрос: route = pay/aviso, requestDatetime = 2011-05-04T20:38:00.000 04:00, action = paymentAviso, md5 = 0146A80DD73236EAC806C0B78DCE0901, shopId = 13, shopArticleId = 456, invoiceId = 1234567, customerNumber = 1, orderCreatedDatetime = 2011-05-04T20:38:00.000 04:00, orderSumAmount = 500, orderSumCurrencyPaycash = 643, orderSumBankPaycash = 1001, shopSumAmount = 490, shopSumCurrencyPaycash = 643, shopSumBankPaycash = 1001, paymentDatetime = 2011-05-04T20:38:10.000 04:00, paymentPayerCode = 42007148320, paymentType = AC, cps_user_country_code = RU"
"2016-03-29 16:30:23";paymentAviso
"2016-03-29 16:30:23";"Запрос: route = pay/aviso, requestDatetime = 2011-05-04T20:38:00.000 04:00, action = paymentAviso, md5 = 0146A80DD73236EAC806C0B78DCE0901, shopId = 13, shopArticleId = 456, invoiceId = 1234567, customerNumber = 1, orderCreatedDatetime = 2011-05-04T20:38:00.000 04:00, orderSumAmount = 500, orderSumCurrencyPaycash = 643, orderSumBankPaycash = 1001, shopSumAmount = 490, shopSumCurrencyPaycash = 643, shopSumBankPaycash = 1001, paymentDatetime = 2011-05-04T20:38:10.000 04:00, paymentPayerCode = 42007148320, paymentType = AC, cps_user_country_code = RU"
"2016-03-29 16:30:37";paymentAviso
"2016-03-29 16:30:37";"Запрос: route = pay/aviso, requestDatetime = 2011-05-04T20:38:00.000 04:00, action = paymentAviso, md5 = 0146A80DD73236EAC806C0B78DCE0901, shopId = 13, shopArticleId = 456, invoiceId = 1234567, customerNumber = 1, orderCreatedDatetime = 2011-05-04T20:38:00.000 04:00, orderSumAmount = 500, orderSumCurrencyPaycash = 643, orderSumBankPaycash = 1001, shopSumAmount = 490, shopSumCurrencyPaycash = 643, shopSumBankPaycash = 1001, paymentDatetime = 2011-05-04T20:38:10.000 04:00, paymentPayerCode = 42007148320, paymentType = AC, cps_user_country_code = RU"
"2016-03-29 16:31:50";paymentAviso
"2016-03-29 16:31:50";"Запрос: route = pay/aviso, requestDatetime = 2011-05-04T20:38:00.000 04:00, action = paymentAviso, md5 = 0146A80DD73236EAC806C0B78DCE0901, shopId = 13, shopArticleId = 456, invoiceId = 1234567, customerNumber = 1, orderCreatedDatetime = 2011-05-04T20:38:00.000 04:00, orderSumAmount = 500, orderSumCurrencyPaycash = 643, orderSumBankPaycash = 1001, shopSumAmount = 490, shopSumCurrencyPaycash = 643, shopSumBankPaycash = 1001, paymentDatetime = 2011-05-04T20:38:10.000 04:00, paymentPayerCode = 42007148320, paymentType = AC, cps_user_country_code = RU"
"2016-03-29 16:33:29";paymentAviso
"2016-03-29 16:33:29";"Запрос: route = pay/aviso, requestDatetime = 2011-05-04T20:38:00.000 04:00, action = paymentAviso, md5 = 0146A80DD73236EAC806C0B78DCE0901, shopId = 13, shopArticleId = 456, invoiceId = 1234567, customerNumber = 1, orderCreatedDatetime = 2011-05-04T20:38:00.000 04:00, orderSumAmount = 500, orderSumCurrencyPaycash = 643, orderSumBankPaycash = 1001, shopSumAmount = 490, shopSumCurrencyPaycash = 643, shopSumBankPaycash = 1001, paymentDatetime = 2011-05-04T20:38:10.000 04:00, paymentPayerCode = 42007148320, paymentType = AC, cps_user_country_code = RU"
"2016-03-29 16:36:11";paymentAviso
"2016-03-29 16:36:11";"Запрос: route = pay/aviso, requestDatetime = 2011-05-04T20:38:00.000 04:00, action = paymentAviso, md5 = 0146A80DD73236EAC806C0B78DCE0901, shopId = 13, shopArticleId = 456, invoiceId = 1234567, customerNumber = 1, orderCreatedDatetime = 2011-05-04T20:38:00.000 04:00, orderSumAmount = 500, orderSumCurrencyPaycash = 643, orderSumBankPaycash = 1001, shopSumAmount = 490, shopSumCurrencyPaycash = 643, shopSumBankPaycash = 1001, paymentDatetime = 2011-05-04T20:38:10.000 04:00, paymentPayerCode = 42007148320, paymentType = AC, cps_user_country_code = RU"
"2016-03-29 16:36:32";paymentAviso
"2016-03-29 16:36:32";"Запрос: route = pay/aviso, requestDatetime = 2011-05-04T20:38:00.000 04:00, action = paymentAviso, md5 = 0146A80DD73236EAC806C0B78DCE0901, shopId = 13, shopArticleId = 456, invoiceId = 1234567, customerNumber = 1, orderCreatedDatetime = 2011-05-04T20:38:00.000 04:00, orderSumAmount = 500, orderSumCurrencyPaycash = 643, orderSumBankPaycash = 1001, shopSumAmount = 490, shopSumCurrencyPaycash = 643, shopSumBankPaycash = 1001, paymentDatetime = 2011-05-04T20:38:10.000 04:00, paymentPayerCode = 42007148320, paymentType = AC, cps_user_country_code = RU"
"2016-03-29 16:37:39";paymentAviso
"2016-03-29 16:37:39";"Запрос: route = pay/aviso, requestDatetime = 2011-05-04T20:38:00.000 04:00, action = paymentAviso, md5 = 0146A80DD73236EAC806C0B78DCE0901, shopId = 13, shopArticleId = 456, invoiceId = 1234567, customerNumber = 1, orderCreatedDatetime = 2011-05-04T20:38:00.000 04:00, orderSumAmount = 500, orderSumCurrencyPaycash = 643, orderSumBankPaycash = 1001, shopSumAmount = 490, shopSumCurrencyPaycash = 643, shopSumBankPaycash = 1001, paymentDatetime = 2011-05-04T20:38:10.000 04:00, paymentPayerCode = 42007148320, paymentType = AC, cps_user_country_code = RU"
"2016-03-29 16:40:11";paymentAviso
"2016-03-29 16:40:11";"Запрос: route = pay/aviso, requestDatetime = 2011-05-04T20:38:00.000 04:00, action = paymentAviso, md5 = 0146A80DD73236EAC806C0B78DCE0901, shopId = 13, shopArticleId = 456, invoiceId = 1234567, customerNumber = 1, orderCreatedDatetime = 2011-05-04T20:38:00.000 04:00, orderSumAmount = 500, orderSumCurrencyPaycash = 643, orderSumBankPaycash = 1001, shopSumAmount = 490, shopSumCurrencyPaycash = 643, shopSumBankPaycash = 1001, paymentDatetime = 2011-05-04T20:38:10.000 04:00, paymentPayerCode = 42007148320, paymentType = AC, cps_user_country_code = RU"
"2016-03-29 16:42:09";paymentAviso
"2016-03-29 16:42:09";"Запрос: route = pay/aviso, requestDatetime = 2011-05-04T20:38:00.000 04:00, action = paymentAviso, md5 = 0146A80DD73236EAC806C0B78DCE0901, shopId = 13, shopArticleId = 456, invoiceId = 1234567, customerNumber = 1, orderCreatedDatetime = 2011-05-04T20:38:00.000 04:00, orderSumAmount = 500, orderSumCurrencyPaycash = 643, orderSumBankPaycash = 1001, shopSumAmount = 490, shopSumCurrencyPaycash = 643, shopSumBankPaycash = 1001, paymentDatetime = 2011-05-04T20:38:10.000 04:00, paymentPayerCode = 42007148320, paymentType = AC, cps_user_country_code = RU"
"2016-03-29 16:42:37";paymentAviso
"2016-03-29 16:42:37";"Запрос: route = pay/aviso, requestDatetime = 2011-05-04T20:38:00.000 04:00, action = paymentAviso, md5 = 0146A80DD73236EAC806C0B78DCE0901, shopId = 13, shopArticleId = 456, invoiceId = 1234567, customerNumber = 1, orderCreatedDatetime = 2011-05-04T20:38:00.000 04:00, orderSumAmount = 500, orderSumCurrencyPaycash = 643, orderSumBankPaycash = 1001, shopSumAmount = 490, shopSumCurrencyPaycash = 643, shopSumBankPaycash = 1001, paymentDatetime = 2011-05-04T20:38:10.000 04:00, paymentPayerCode = 42007148320, paymentType = AC, cps_user_country_code = RU"
"2016-03-29 16:42:37";"Ошибка: Не удалось предоставить услугу пользователю"
"2016-03-29 16:42:37";"Ответ: <?xml version=""1.0"" encoding=""UTF-8""?><paymentAvisoResponse performedDatetime=""2016-03-29T16:42:37.000+03:00"" code=""200"" message=""Ошибка: Не удалось предоставить услугу пользователю"" invoiceId=""1234567"" shopId=""115982"" />"
"2016-03-29 16:42:49";paymentAviso
"2016-03-29 16:42:49";"Запрос: route = pay/aviso, requestDatetime = 2011-05-04T20:38:00.000 04:00, action = paymentAviso, md5 = 0146A80DD73236EAC806C0B78DCE0901, shopId = 13, shopArticleId = 456, invoiceId = 1234567, customerNumber = 1, orderCreatedDatetime = 2011-05-04T20:38:00.000 04:00, orderSumAmount = 500, orderSumCurrencyPaycash = 643, orderSumBankPaycash = 1001, shopSumAmount = 490, shopSumCurrencyPaycash = 643, shopSumBankPaycash = 1001, paymentDatetime = 2011-05-04T20:38:10.000 04:00, paymentPayerCode = 42007148320, paymentType = AC, cps_user_country_code = RU"
"2016-03-29 16:43:02";paymentAviso
"2016-03-29 16:43:02";"Запрос: route = pay/aviso, requestDatetime = 2011-05-04T20:38:00.000 04:00, action = paymentAviso, md5 = 0146A80DD73236EAC806C0B78DCE0901, shopId = 13, shopArticleId = 456, invoiceId = 1234567, customerNumber = 1, orderCreatedDatetime = 2011-05-04T20:38:00.000 04:00, orderSumAmount = 500, orderSumCurrencyPaycash = 643, orderSumBankPaycash = 1001, shopSumAmount = 490, shopSumCurrencyPaycash = 643, shopSumBankPaycash = 1001, paymentDatetime = 2011-05-04T20:38:10.000 04:00, paymentPayerCode = 42007148320, paymentType = AC, cps_user_country_code = RU"
"2016-03-29 16:43:02";"Ошибка: Не удалось предоставить услугу пользователю"
"2016-03-29 16:43:02";"Ответ: <?xml version=""1.0"" encoding=""UTF-8""?><paymentAvisoResponse performedDatetime=""2016-03-29T16:43:02.000+03:00"" code=""200"" message=""Ошибка: Не удалось предоставить услугу пользователю"" invoiceId=""1234567"" shopId=""115982"" />"
"2016-03-29 16:44:04";paymentAviso
"2016-03-29 16:44:04";"Запрос: route = pay/aviso, requestDatetime = 2011-05-04T20:38:00.000 04:00, action = paymentAviso, md5 = 0146A80DD73236EAC806C0B78DCE0901, shopId = 13, shopArticleId = 456, invoiceId = 1234567, customerNumber = 1, orderCreatedDatetime = 2011-05-04T20:38:00.000 04:00, orderSumAmount = 500, orderSumCurrencyPaycash = 643, orderSumBankPaycash = 1001, shopSumAmount = 490, shopSumCurrencyPaycash = 643, shopSumBankPaycash = 1001, paymentDatetime = 2011-05-04T20:38:10.000 04:00, paymentPayerCode = 42007148320, paymentType = AC, cps_user_country_code = RU"
"2016-03-29 16:44:28";paymentAviso
"2016-03-29 16:44:28";"Запрос: route = pay/aviso, requestDatetime = 2011-05-04T20:38:00.000 04:00, action = paymentAviso, md5 = 0146A80DD73236EAC806C0B78DCE0901, shopId = 13, shopArticleId = 456, invoiceId = 1234567, customerNumber = 1, orderCreatedDatetime = 2011-05-04T20:38:00.000 04:00, orderSumAmount = 500, orderSumCurrencyPaycash = 643, orderSumBankPaycash = 1001, shopSumAmount = 490, shopSumCurrencyPaycash = 643, shopSumBankPaycash = 1001, paymentDatetime = 2011-05-04T20:38:10.000 04:00, paymentPayerCode = 42007148320, paymentType = AC, cps_user_country_code = RU"
"2016-03-29 16:44:50";paymentAviso
"2016-03-29 16:44:50";"Запрос: route = pay/aviso, requestDatetime = 2011-05-04T20:38:00.000 04:00, action = paymentAviso, md5 = 0146A80DD73236EAC806C0B78DCE0901, shopId = 13, shopArticleId = 456, invoiceId = 1234567, customerNumber = 1, orderCreatedDatetime = 2011-05-04T20:38:00.000 04:00, orderSumAmount = 500, orderSumCurrencyPaycash = 643, orderSumBankPaycash = 1001, shopSumAmount = 490, shopSumCurrencyPaycash = 643, shopSumBankPaycash = 1001, paymentDatetime = 2011-05-04T20:38:10.000 04:00, paymentPayerCode = 42007148320, paymentType = AC, cps_user_country_code = RU"
"2016-03-29 16:44:50";"Ошибка: Не удалось предоставить услугу пользователю"
"2016-03-29 16:44:50";"Ответ: <?xml version=""1.0"" encoding=""UTF-8""?><paymentAvisoResponse performedDatetime=""2016-03-29T16:44:50.000+03:00"" code=""200"" message=""Ошибка: Не удалось предоставить услугу пользователю"" invoiceId=""1234567"" shopId=""115982"" />"
"2016-03-29 16:45:22";paymentAviso
"2016-03-29 16:45:22";"Запрос: route = pay/aviso, requestDatetime = 2011-05-04T20:38:00.000 04:00, action = paymentAviso, md5 = 0146A80DD73236EAC806C0B78DCE0901, shopId = 13, shopArticleId = 456, invoiceId = 1234567, customerNumber = 1, orderCreatedDatetime = 2011-05-04T20:38:00.000 04:00, orderSumAmount = 500, orderSumCurrencyPaycash = 643, orderSumBankPaycash = 1001, shopSumAmount = 490, shopSumCurrencyPaycash = 643, shopSumBankPaycash = 1001, paymentDatetime = 2011-05-04T20:38:10.000 04:00, paymentPayerCode = 42007148320, paymentType = AC, cps_user_country_code = RU"
"2016-03-29 16:45:22";"Ошибка: Не удалось предоставить услугу пользователю"
"2016-03-29 16:45:22";"Ответ: <?xml version=""1.0"" encoding=""UTF-8""?><paymentAvisoResponse performedDatetime=""2016-03-29T16:45:22.000+03:00"" code=""200"" message=""Ошибка: Не удалось предоставить услугу пользователю"" invoiceId=""1234567"" shopId=""115982"" />"
"2016-03-29 16:45:39";paymentAviso
"2016-03-29 16:45:39";"Запрос: route = pay/aviso, requestDatetime = 2011-05-04T20:38:00.000 04:00, action = paymentAviso, md5 = 0146A80DD73236EAC806C0B78DCE0901, shopId = 13, shopArticleId = 456, invoiceId = 1234567, customerNumber = 1, orderCreatedDatetime = 2011-05-04T20:38:00.000 04:00, orderSumAmount = 500, orderSumCurrencyPaycash = 643, orderSumBankPaycash = 1001, shopSumAmount = 490, shopSumCurrencyPaycash = 643, shopSumBankPaycash = 1001, paymentDatetime = 2011-05-04T20:38:10.000 04:00, paymentPayerCode = 42007148320, paymentType = AC, cps_user_country_code = RU"
"2016-03-29 16:45:47";paymentAviso
"2016-03-29 16:45:47";"Запрос: route = pay/aviso, requestDatetime = 2011-05-04T20:38:00.000 04:00, action = paymentAviso, md5 = 0146A80DD73236EAC806C0B78DCE0901, shopId = 13, shopArticleId = 456, invoiceId = 1234567, customerNumber = 1, orderCreatedDatetime = 2011-05-04T20:38:00.000 04:00, orderSumAmount = 500, orderSumCurrencyPaycash = 643, orderSumBankPaycash = 1001, shopSumAmount = 490, shopSumCurrencyPaycash = 643, shopSumBankPaycash = 1001, paymentDatetime = 2011-05-04T20:38:10.000 04:00, paymentPayerCode = 42007148320, paymentType = AC, cps_user_country_code = RU"
"2016-03-29 16:45:58";paymentAviso
"2016-03-29 16:45:58";"Запрос: route = pay/aviso, requestDatetime = 2011-05-04T20:38:00.000 04:00, action = paymentAviso, md5 = 0146A80DD73236EAC806C0B78DCE0901, shopId = 13, shopArticleId = 456, invoiceId = 1234567, customerNumber = 1, orderCreatedDatetime = 2011-05-04T20:38:00.000 04:00, orderSumAmount = 500, orderSumCurrencyPaycash = 643, orderSumBankPaycash = 1001, shopSumAmount = 490, shopSumCurrencyPaycash = 643, shopSumBankPaycash = 1001, paymentDatetime = 2011-05-04T20:38:10.000 04:00, paymentPayerCode = 42007148320, paymentType = AC, cps_user_country_code = RU"
"2016-03-29 16:52:33";paymentAviso
"2016-03-29 16:52:33";"Запрос: route = pay/aviso, requestDatetime = 2011-05-04T20:38:00.000 04:00, action = paymentAviso, md5 = 0146A80DD73236EAC806C0B78DCE0901, shopId = 13, shopArticleId = 456, invoiceId = 1234567, customerNumber = 1, orderCreatedDatetime = 2011-05-04T20:38:00.000 04:00, orderSumAmount = 500, orderSumCurrencyPaycash = 643, orderSumBankPaycash = 1001, shopSumAmount = 490, shopSumCurrencyPaycash = 643, shopSumBankPaycash = 1001, paymentDatetime = 2011-05-04T20:38:10.000 04:00, paymentPayerCode = 42007148320, paymentType = AC, cps_user_country_code = RU"
"2016-03-29 16:54:26";paymentAviso
"2016-03-29 16:54:26";"Запрос: route = pay/aviso, requestDatetime = 2011-05-04T20:38:00.000+04:00, action = paymentAviso, md5 = 0146A80DD73236EAC806C0B78DCE0901, shopId = 13, shopArticleId = 456, invoiceId = 1234567, customerNumber = 1, orderCreatedDatetime = 2011-05-04T20:38:00.000+04:00, orderSumAmount = 500, orderSumCurrencyPaycash = 643, orderSumBankPaycash = 1001, shopSumAmount = 490, shopSumCurrencyPaycash = 643, shopSumBankPaycash = 1001, paymentDatetime = 2011-05-04T20:38:10.000+04:00, paymentPayerCode = 42007148320, paymentType = AC, cps_user_country_code = RU"
"2016-03-29 16:54:26";"Ошибка: Не удалось предоставить услугу пользователю"
"2016-03-29 16:54:26";"Ответ: <?xml version=""1.0"" encoding=""UTF-8""?><paymentAvisoResponse performedDatetime=""2016-03-29T16:54:26.000+03:00"" code=""200"" message=""Ошибка: Не удалось предоставить услугу пользователю"" invoiceId=""1234567"" shopId=""115982"" />"
"2016-03-29 16:54:57";paymentAviso
"2016-03-29 16:54:57";"Запрос: route = pay/aviso, requestDatetime = 2011-05-04T20:38:00.000+04:00, action = paymentAviso, md5 = 0146A80DD73236EAC806C0B78DCE0901, shopId = 13, shopArticleId = 456, invoiceId = 1234567, customerNumber = 1, orderCreatedDatetime = 2011-05-04T20:38:00.000+04:00, orderSumAmount = 500, orderSumCurrencyPaycash = 643, orderSumBankPaycash = 1001, shopSumAmount = 490, shopSumCurrencyPaycash = 643, shopSumBankPaycash = 1001, paymentDatetime = 2011-05-04T20:38:10.000+04:00, paymentPayerCode = 42007148320, paymentType = AC, cps_user_country_code = RU"
"2016-03-29 16:54:57";"Ошибка: Не удалось предоставить услугу пользователю"
"2016-03-29 16:54:57";"Ответ: <?xml version=""1.0"" encoding=""UTF-8""?><paymentAvisoResponse performedDatetime=""2016-03-29T16:54:57.000+03:00"" code=""200"" message=""Ошибка: Не удалось предоставить услугу пользователю"" invoiceId=""1234567"" shopId=""115982"" />"
"2016-03-29 17:01:03";paymentAviso
"2016-03-29 17:01:03";"Запрос: route = pay/aviso, requestDatetime = 2011-05-04T20:38:00.000+04:00, action = paymentAviso, md5 = 0146A80DD73236EAC806C0B78DCE0901, shopId = 13, shopArticleId = 456, invoiceId = 1234567, customerNumber = 1, orderCreatedDatetime = 2011-05-04T20:38:00.000+04:00, orderSumAmount = 500, orderSumCurrencyPaycash = 643, orderSumBankPaycash = 1001, shopSumAmount = 490, shopSumCurrencyPaycash = 643, shopSumBankPaycash = 1001, paymentDatetime = 2011-05-04T20:38:10.000+04:00, paymentPayerCode = 42007148320, paymentType = AC, cps_user_country_code = RU"
"2016-03-29 17:01:05";"Платёж успешно обработан"
"2016-03-29 17:01:05";"Ответ: <?xml version=""1.0"" encoding=""UTF-8""?><paymentAvisoResponse performedDatetime=""2016-03-29T17:01:05.000+03:00"" code=""0"" invoiceId=""1234567"" shopId=""115982"" />"
"2016-03-29 17:07:52";paymentAviso
"2016-03-29 17:07:52";"Запрос: route = pay/aviso, requestDatetime = 2011-05-04T20:38:00.000+04:00, action = paymentAviso, md5 = 0146A80DD73236EAC806C0B78DCE0901, shopId = 13, shopArticleId = 456, invoiceId = 1234567, customerNumber = 1, orderCreatedDatetime = 2011-05-04T20:38:00.000+04:00, orderSumAmount = 500, orderSumCurrencyPaycash = 643, orderSumBankPaycash = 1001, shopSumAmount = 490, shopSumCurrencyPaycash = 643, shopSumBankPaycash = 1001, paymentDatetime = 2011-05-04T20:38:10.000+04:00, paymentPayerCode = 42007148320, paymentType = AC, cps_user_country_code = RU"
"2016-03-29 17:07:52";"Ошибка: Не удалось предоставить услугу пользователю"
"2016-03-29 17:07:52";"Ответ: <?xml version=""1.0"" encoding=""UTF-8""?><paymentAvisoResponse performedDatetime=""2016-03-29T17:07:52.000+03:00"" code=""200"" message=""Ошибка: Не удалось предоставить услугу пользователю"" invoiceId=""1234567"" shopId=""115982"" />"
"2016-03-29 17:18:09";paymentAviso
"2016-03-29 17:18:09";"Запрос: route = pay/aviso, requestDatetime = 2011-05-04T20:38:00.000+04:00, action = paymentAviso, md5 = 0146A80DD73236EAC806C0B78DCE0901, shopId = 13, shopArticleId = 456, invoiceId = 1234567, customerNumber = 1, orderCreatedDatetime = 2011-05-04T20:38:00.000+04:00, orderSumAmount = 500, orderSumCurrencyPaycash = 643, orderSumBankPaycash = 1001, shopSumAmount = 490, shopSumCurrencyPaycash = 643, shopSumBankPaycash = 1001, paymentDatetime = 2011-05-04T20:38:10.000+04:00, paymentPayerCode = 42007148320, paymentType = AC, cps_user_country_code = RU"
"2016-03-29 17:19:44";paymentAviso
"2016-03-29 17:19:44";"Запрос: route = pay/aviso, requestDatetime = 2011-05-04T20:38:00.000+04:00, action = paymentAviso, md5 = 0146A80DD73236EAC806C0B78DCE0901, shopId = 13, shopArticleId = 456, invoiceId = 1234567, customerNumber = 1, orderCreatedDatetime = 2011-05-04T20:38:00.000+04:00, orderSumAmount = 500, orderSumCurrencyPaycash = 643, orderSumBankPaycash = 1001, shopSumAmount = 490, shopSumCurrencyPaycash = 643, shopSumBankPaycash = 1001, paymentDatetime = 2011-05-04T20:38:10.000+04:00, paymentPayerCode = 42007148320, paymentType = AC, cps_user_country_code = RU"
"2016-03-29 17:19:46";"Платёж успешно обработан"
"2016-03-29 17:19:46";"Ответ: <?xml version=""1.0"" encoding=""UTF-8""?><paymentAvisoResponse performedDatetime=""2016-03-29T17:19:46.000+03:00"" code=""0"" invoiceId=""1234567"" shopId=""115982"" />"
"2016-03-29 17:23:33";paymentAviso
"2016-03-29 17:23:33";"Запрос: route = pay/aviso, requestDatetime = 2011-05-04T20:38:00.000+04:00, action = paymentAviso, md5 = 0146A80DD73236EAC806C0B78DCE0901, shopId = 13, shopArticleId = 456, invoiceId = 1234567, customerNumber = 1, orderCreatedDatetime = 2011-05-04T20:38:00.000+04:00, orderSumAmount = 500, orderSumCurrencyPaycash = 643, orderSumBankPaycash = 1001, shopSumAmount = 490, shopSumCurrencyPaycash = 643, shopSumBankPaycash = 1001, paymentDatetime = 2011-05-04T20:38:10.000+04:00, paymentPayerCode = 42007148320, paymentType = AC, cps_user_country_code = RU"
"2016-03-29 17:27:01";paymentAviso
"2016-03-29 17:27:01";"Запрос: route = pay/aviso, requestDatetime = 2011-05-04T20:38:00.000+04:00, action = paymentAviso, md5 = 0146A80DD73236EAC806C0B78DCE0901, shopId = 13, shopArticleId = 456, invoiceId = 1234567, customerNumber = 1, orderCreatedDatetime = 2011-05-04T20:38:00.000+04:00, orderSumAmount = 500, orderSumCurrencyPaycash = 643, orderSumBankPaycash = 1001, shopSumAmount = 490, shopSumCurrencyPaycash = 643, shopSumBankPaycash = 1001, paymentDatetime = 2011-05-04T20:38:10.000+04:00, paymentPayerCode = 42007148320, paymentType = AC, cps_user_country_code = RU"
"2016-03-29 17:27:01";"Ошибка: Не удалось предоставить услугу пользователю"
"2016-03-29 17:27:01";"Ответ: <?xml version=""1.0"" encoding=""UTF-8""?><paymentAvisoResponse performedDatetime=""2016-03-29T17:27:01.000+03:00"" code=""200"" message=""Ошибка: Не удалось предоставить услугу пользователю"" invoiceId=""1234567"" shopId=""115982"" />"
"2016-03-31 08:20:10";paymentAviso
"2016-03-31 08:20:10";"Платёжная система находится в режиме тестирования"
"2016-03-31 08:20:10";"Запрос: route = pay/aviso, requestDatetime = 2011-05-04T20:38:00.000+04:00, action = paymentAviso, md5 = 0146A80DD73236EAC806C0B78DCE0901, shopId = 13, shopArticleId = 456, invoiceId = 1234567, customerNumber = 1, orderCreatedDatetime = 2011-05-04T20:38:00.000+04:00, orderSumAmount = 500, orderSumCurrencyPaycash = 643, orderSumBankPaycash = 1001, shopSumAmount = 490, shopSumCurrencyPaycash = 643, shopSumBankPaycash = 1001, paymentDatetime = 2011-05-04T20:38:10.000+04:00, paymentPayerCode = 42007148320, paymentType = AC, cps_user_country_code = RU"
"2016-03-31 08:20:10";"Ошибка: Платёжная сисетма находится в режиме тестирования"
"2016-03-31 08:20:10";"Ответ: <?xml version=""1.0"" encoding=""UTF-8""?><paymentAvisoResponse performedDatetime=""2016-03-31T08:20:10.000+03:00"" code=""200"" message=""Ошибка: Платёжная сисетма находится в режиме тестирования"" invoiceId=""1234567"" shopId=""115982"" />"
"2016-03-31 08:20:34";paymentAviso
"2016-03-31 08:20:34";"Запрос: route = pay/aviso, requestDatetime = 2011-05-04T20:38:00.000+04:00, action = paymentAviso, md5 = 0146A80DD73236EAC806C0B78DCE0901, shopId = 13, shopArticleId = 456, invoiceId = 1234567, customerNumber = 1, orderCreatedDatetime = 2011-05-04T20:38:00.000+04:00, orderSumAmount = 500, orderSumCurrencyPaycash = 643, orderSumBankPaycash = 1001, shopSumAmount = 490, shopSumCurrencyPaycash = 643, shopSumBankPaycash = 1001, paymentDatetime = 2011-05-04T20:38:10.000+04:00, paymentPayerCode = 42007148320, paymentType = AC, cps_user_country_code = RU"
"2016-03-31 08:20:34";"Ошибка: Не удалось предоставить услугу пользователю"
"2016-03-31 08:20:34";"Ответ: <?xml version=""1.0"" encoding=""UTF-8""?><paymentAvisoResponse performedDatetime=""2016-03-31T08:20:34.000+03:00"" code=""200"" message=""Ошибка: Не удалось предоставить услугу пользователю"" invoiceId=""1234567"" shopId=""115982"" />"
"2016-05-10 12:02:04";paymentAviso
"2016-05-10 12:02:04";"Запрос: route = pay/aviso, requestDatetime = 2011-05-04T20:38:00.000+03:00, action = paymentAviso, md5 = 0146A80DD73236EAC806C0B78DCE0901, shopId = 13, shopArticleId = 456, invoiceId = 1234567, customerNumber = 1, orderCreatedDatetime = 2011-05-04T20:38:00.000+03:00, orderSumAmount = 500, orderSumCurrencyPaycash = 643, orderSumBankPaycash = 1001, shopSumAmount = 490, shopSumCurrencyPaycash = 643, shopSumBankPaycash = 1001, paymentDatetime = 2011-05-04T20:38:10.000+03:00, paymentPayerCode = 42007148320, paymentType = AC, cps_user_country_code = RU"
"2016-05-10 12:02:04";"Ошибка: Не удалось предоставить услугу пользователю"
"2016-05-10 12:02:04";"Ответ: <?xml version=""1.0"" encoding=""UTF-8""?><paymentAvisoResponse performedDatetime=""2016-05-10T12:02:04.000+03:00"" code=""200"" message=""Ошибка: Не удалось предоставить услугу пользователю"" invoiceId=""1234567"" shopId=""115982"" />"
"2016-05-10 12:03:12";paymentAviso
"2016-05-10 12:03:12";"Запрос: route = pay/aviso, requestDatetime = 2011-05-04T20:38:00.000+03:00, action = paymentAviso, md5 = 0146A80DD73236EAC806C0B78DCE0901, shopId = 13, shopArticleId = 456, invoiceId = 1234567, customerNumber = 1, orderCreatedDatetime = 2011-05-04T20:38:00.000+03:00, orderSumAmount = 500, orderSumCurrencyPaycash = 643, orderSumBankPaycash = 1001, shopSumAmount = 490, shopSumCurrencyPaycash = 643, shopSumBankPaycash = 1001, paymentDatetime = 2011-05-04T20:38:10.000+03:00, paymentPayerCode = 42007148320, paymentType = AC, cps_user_country_code = RU"
"2016-05-10 12:03:14";"Платёж успешно обработан"
"2016-05-10 12:03:14";"Ответ: <?xml version=""1.0"" encoding=""UTF-8""?><paymentAvisoResponse performedDatetime=""2016-05-10T12:03:14.000+03:00"" code=""0"" invoiceId=""1234567"" shopId=""115982"" />"
"2016-05-10 12:06:51";paymentAviso
"2016-05-10 12:06:51";"Запрос: route = pay/aviso, requestDatetime = 2011-05-04T20:38:00.000+03:00, action = paymentAviso, md5 = 0146A80DD73236EAC806C0B78DCE0901, shopId = 13, shopArticleId = 456, invoiceId = 1234567, customerNumber = 1, orderCreatedDatetime = 2011-05-04T20:38:00.000+03:00, orderSumAmount = 500, orderSumCurrencyPaycash = 643, orderSumBankPaycash = 1001, shopSumAmount = 490, shopSumCurrencyPaycash = 643, shopSumBankPaycash = 1001, paymentDatetime = 2011-05-04T20:38:10.000+03:00, paymentPayerCode = 42007148320, paymentType = AC, cps_user_country_code = RU"
"2016-05-10 12:06:51";"Ошибка: Не удалось предоставить услугу пользователю"
"2016-05-10 12:06:51";"Ответ: <?xml version=""1.0"" encoding=""UTF-8""?><paymentAvisoResponse performedDatetime=""2016-05-10T12:06:51.000+03:00"" code=""200"" message=""Ошибка: Не удалось предоставить услугу пользователю"" invoiceId=""1234567"" shopId=""115982"" />"
"2016-05-10 13:09:52";paymentAviso
"2016-05-10 13:09:52";"Запрос: route = pay/aviso, requestDatetime = 2011-05-04T20:38:00.000+03:00, action = paymentAviso, md5 = 0146A80DD73236EAC806C0B78DCE0901, shopId = 13, shopArticleId = 456, invoiceId = 1234567, customerNumber = 1, orderCreatedDatetime = 2011-05-04T20:38:00.000+03:00, orderSumAmount = 500, orderSumCurrencyPaycash = 643, orderSumBankPaycash = 1001, shopSumAmount = 490, shopSumCurrencyPaycash = 643, shopSumBankPaycash = 1001, paymentDatetime = 2011-05-04T20:38:10.000+03:00, paymentPayerCode = 42007148320, paymentType = AC, cps_user_country_code = RU"
"2016-05-10 13:09:52";"Ошибка: Не удалось предоставить услугу пользователю"
"2016-05-10 13:09:52";"Ответ: <?xml version=""1.0"" encoding=""UTF-8""?><paymentAvisoResponse performedDatetime=""2016-05-10T13:09:52.000+04:00"" code=""200"" message=""Ошибка: Не удалось предоставить услугу пользователю"" invoiceId=""1234567"" shopId=""115982"" />"
"2016-05-10 13:10:47";paymentAviso
"2016-05-10 13:10:47";"Запрос: route = pay/aviso, requestDatetime = 2011-05-04T20:38:00.000+03:00, action = paymentAviso, md5 = 0146A80DD73236EAC806C0B78DCE0901, shopId = 13, shopArticleId = 456, invoiceId = 1234567, customerNumber = 1, orderCreatedDatetime = 2011-05-04T20:38:00.000+03:00, orderSumAmount = 500, orderSumCurrencyPaycash = 643, orderSumBankPaycash = 1001, shopSumAmount = 490, shopSumCurrencyPaycash = 643, shopSumBankPaycash = 1001, paymentDatetime = 2011-05-04T20:38:10.000+03:00, paymentPayerCode = 42007148320, paymentType = AC, cps_user_country_code = RU"
"2016-05-10 13:10:47";"Ошибка: Не удалось предоставить услугу пользователю"
"2016-05-10 13:10:47";"Ответ: <?xml version=""1.0"" encoding=""UTF-8""?><paymentAvisoResponse performedDatetime=""2016-05-10T13:10:47.000+04:00"" code=""200"" message=""Ошибка: Не удалось предоставить услугу пользователю"" invoiceId=""1234567"" shopId=""115982"" />"
"2016-05-10 12:17:08";paymentAviso
"2016-05-10 12:17:08";"Запрос: route = pay/aviso, requestDatetime = 2011-05-04T20:38:00.000+03:00, action = paymentAviso, md5 = 0146A80DD73236EAC806C0B78DCE0901, shopId = 13, shopArticleId = 456, invoiceId = 1234567, customerNumber = 1, orderCreatedDatetime = 2011-05-04T20:38:00.000+03:00, orderSumAmount = 500, orderSumCurrencyPaycash = 643, orderSumBankPaycash = 1001, shopSumAmount = 490, shopSumCurrencyPaycash = 643, shopSumBankPaycash = 1001, paymentDatetime = 2011-05-04T20:38:10.000+03:00, paymentPayerCode = 42007148320, paymentType = AC, cps_user_country_code = RU"
"2016-05-10 12:17:10";"Платёж успешно обработан"
"2016-05-10 12:17:10";"Ответ: <?xml version=""1.0"" encoding=""UTF-8""?><paymentAvisoResponse performedDatetime=""2016-05-10T12:17:10.000+03:00"" code=""0"" invoiceId=""1234567"" shopId=""115982"" />"
