"2016-09-15 18:00:01";"Запрос на запуск хрона"
"2016-09-15 18:00:01";"Запуск в режиме рассылки"
"2016-09-15 19:00:00";"Запрос на запуск хрона"
"2016-09-15 19:00:00";"Запуск в режиме рассылки"
"2016-09-15 20:00:02";"Запрос на запуск хрона"
"2016-09-15 20:00:02";"Запуск в режиме рассылки"
"2016-09-15 21:00:01";"Запрос на запуск хрона"
"2016-09-15 21:00:01";"Запуск в режиме рассылки"
"2016-09-16 09:00:02";"Запрос на запуск хрона"
"2016-09-16 09:00:02";"Запуск в режиме обслуживания"
"2016-09-16 09:00:02";"Запуск в режиме рассылки"
"2016-09-16 10:00:04";"Запрос на запуск хрона"
"2016-09-16 10:00:04";"Запуск в режиме рассылки"
"2016-09-16 11:00:00";"Запрос на запуск хрона"
"2016-09-16 11:00:00";"Запуск в режиме рассылки"
"2016-09-16 12:00:01";"Запрос на запуск хрона"
"2016-09-16 12:00:01";"Запуск в режиме рассылки"
"2016-09-16 13:00:00";"Запрос на запуск хрона"
"2016-09-16 13:00:00";"Запуск в режиме рассылки"
"2016-09-16 14:00:00";"Запрос на запуск хрона"
"2016-09-16 14:00:00";"Запуск в режиме рассылки"
"2016-09-16 15:00:01";"Запрос на запуск хрона"
"2016-09-16 15:00:01";"Запуск в режиме рассылки"
"2016-09-16 16:00:01";"Запрос на запуск хрона"
"2016-09-16 16:00:01";"Запуск в режиме рассылки"
"2016-09-16 17:00:01";"Запрос на запуск хрона"
"2016-09-16 17:00:01";"Запуск в режиме рассылки"
"2016-09-16 18:00:01";"Запрос на запуск хрона"
"2016-09-16 18:00:01";"Запуск в режиме рассылки"
"2016-09-16 19:00:00";"Запрос на запуск хрона"
"2016-09-16 19:00:00";"Запуск в режиме рассылки"
"2016-09-16 20:00:00";"Запрос на запуск хрона"
"2016-09-16 20:00:00";"Запуск в режиме рассылки"
"2016-09-16 21:00:01";"Запрос на запуск хрона"
"2016-09-16 21:00:01";"Запуск в режиме рассылки"
"2016-09-16 22:00:01";"Запрос на запуск хрона"
"2016-09-16 22:00:01";"Запуск в режиме рассылки"
"2016-09-16 23:00:01";"Запрос на запуск хрона"
"2016-09-16 23:00:01";"Запуск в режиме рассылки"
"2016-09-17 09:00:02";"Запрос на запуск хрона"
"2016-09-17 09:00:02";"Запуск в режиме обслуживания"
"2016-09-17 09:00:02";"Запуск в режиме рассылки"
"2016-09-17 10:00:01";"Запрос на запуск хрона"
"2016-09-17 10:00:01";"Запуск в режиме рассылки"
"2016-09-17 11:00:01";"Запрос на запуск хрона"
"2016-09-17 11:00:01";"Запуск в режиме рассылки"
"2016-09-17 12:00:00";"Запрос на запуск хрона"
"2016-09-17 12:00:00";"Запуск в режиме рассылки"
"2016-09-17 13:00:03";"Запрос на запуск хрона"
"2016-09-17 13:00:03";"Запуск в режиме рассылки"
"2016-09-17 14:00:02";"Запрос на запуск хрона"
"2016-09-17 14:00:02";"Запуск в режиме рассылки"
"2016-09-17 15:00:00";"Запрос на запуск хрона"
"2016-09-17 15:00:00";"Запуск в режиме рассылки"
"2016-09-17 16:00:01";"Запрос на запуск хрона"
"2016-09-17 16:00:01";"Запуск в режиме рассылки"
"2016-09-17 17:00:01";"Запрос на запуск хрона"
"2016-09-17 17:00:01";"Запуск в режиме рассылки"
"2016-09-17 18:00:00";"Запрос на запуск хрона"
"2016-09-17 18:00:00";"Запуск в режиме рассылки"
"2016-09-17 19:00:01";"Запрос на запуск хрона"
"2016-09-17 19:00:01";"Запуск в режиме рассылки"
"2016-09-17 20:00:01";"Запрос на запуск хрона"
"2016-09-17 20:00:01";"Запуск в режиме рассылки"
"2016-09-17 21:00:01";"Запрос на запуск хрона"
"2016-09-17 21:00:01";"Запуск в режиме рассылки"
"2016-09-17 22:00:02";"Запрос на запуск хрона"
"2016-09-17 22:00:02";"Запуск в режиме рассылки"
"2016-09-17 23:00:00";"Запрос на запуск хрона"
"2016-09-17 23:00:00";"Запуск в режиме рассылки"
"2016-09-18 09:00:01";"Запрос на запуск хрона"
"2016-09-18 09:00:01";"Запуск в режиме обслуживания"
"2016-09-18 09:00:01";"Запуск в режиме рассылки"
"2016-09-18 10:00:00";"Запрос на запуск хрона"
"2016-09-18 10:00:00";"Запуск в режиме рассылки"
"2016-09-18 11:00:01";"Запрос на запуск хрона"
"2016-09-18 11:00:01";"Запуск в режиме рассылки"
"2016-09-18 12:00:01";"Запрос на запуск хрона"
"2016-09-18 12:00:01";"Запуск в режиме рассылки"
"2016-09-18 13:00:00";"Запрос на запуск хрона"
"2016-09-18 13:00:00";"Запуск в режиме рассылки"
"2016-09-18 14:00:00";"Запрос на запуск хрона"
"2016-09-18 14:00:00";"Запуск в режиме рассылки"
"2016-09-18 15:00:01";"Запрос на запуск хрона"
"2016-09-18 15:00:01";"Запуск в режиме рассылки"
"2016-09-18 16:00:01";"Запрос на запуск хрона"
"2016-09-18 16:00:01";"Запуск в режиме рассылки"
"2016-09-18 17:00:00";"Запрос на запуск хрона"
"2016-09-18 17:00:00";"Запуск в режиме рассылки"
"2016-09-18 18:00:01";"Запрос на запуск хрона"
"2016-09-18 18:00:01";"Запуск в режиме рассылки"
"2016-09-18 19:00:01";"Запрос на запуск хрона"
"2016-09-18 19:00:01";"Запуск в режиме рассылки"
"2016-09-18 20:00:01";"Запрос на запуск хрона"
"2016-09-18 20:00:01";"Запуск в режиме рассылки"
"2016-09-18 21:00:01";"Запрос на запуск хрона"
"2016-09-18 21:00:01";"Запуск в режиме рассылки"
"2016-09-18 22:00:02";"Запрос на запуск хрона"
"2016-09-18 22:00:02";"Запуск в режиме рассылки"
"2016-09-18 23:00:01";"Запрос на запуск хрона"
"2016-09-18 23:00:01";"Запуск в режиме рассылки"
"2016-09-19 09:00:02";"Запрос на запуск хрона"
"2016-09-19 09:00:02";"Запуск в режиме обслуживания"
"2016-09-19 09:00:02";"Запуск в режиме рассылки"
"2016-09-19 10:00:01";"Запрос на запуск хрона"
"2016-09-19 10:00:01";"Запуск в режиме рассылки"
"2016-09-19 11:00:01";"Запрос на запуск хрона"
"2016-09-19 11:00:01";"Запуск в режиме рассылки"
"2016-09-19 12:00:01";"Запрос на запуск хрона"
"2016-09-19 12:00:01";"Запуск в режиме рассылки"
"2016-09-19 13:00:01";"Запрос на запуск хрона"
"2016-09-19 13:00:01";"Запуск в режиме рассылки"
"2016-09-19 14:00:00";"Запрос на запуск хрона"
"2016-09-19 14:00:00";"Запуск в режиме рассылки"
"2016-09-19 15:00:01";"Запрос на запуск хрона"
"2016-09-19 15:00:01";"Запуск в режиме рассылки"
"2016-09-19 16:00:01";"Запрос на запуск хрона"
"2016-09-19 16:00:01";"Запуск в режиме рассылки"
"2016-09-19 17:00:00";"Запрос на запуск хрона"
"2016-09-19 17:00:00";"Запуск в режиме рассылки"
"2016-09-19 18:00:01";"Запрос на запуск хрона"
"2016-09-19 18:00:01";"Запуск в режиме рассылки"
"2016-09-19 19:00:01";"Запрос на запуск хрона"
"2016-09-19 19:00:01";"Запуск в режиме рассылки"
"2016-09-19 20:00:01";"Запрос на запуск хрона"
"2016-09-19 20:00:01";"Запуск в режиме рассылки"
"2016-09-19 21:00:01";"Запрос на запуск хрона"
"2016-09-19 21:00:01";"Запуск в режиме рассылки"
"2016-09-19 22:00:01";"Запрос на запуск хрона"
"2016-09-19 22:00:01";"Запуск в режиме рассылки"
"2016-09-19 23:00:01";"Запрос на запуск хрона"
"2016-09-19 23:00:01";"Запуск в режиме рассылки"
"2016-09-20 09:00:01";"Запрос на запуск хрона"
"2016-09-20 09:00:01";"Запуск в режиме обслуживания"
"2016-09-20 09:00:01";"Запуск в режиме рассылки"
"2016-09-20 10:00:01";"Запрос на запуск хрона"
"2016-09-20 10:00:01";"Запуск в режиме рассылки"
"2016-09-20 11:00:01";"Запрос на запуск хрона"
"2016-09-20 11:00:01";"Запуск в режиме рассылки"
"2016-09-20 12:00:00";"Запрос на запуск хрона"
"2016-09-20 12:00:00";"Запуск в режиме рассылки"
"2016-09-20 13:00:01";"Запрос на запуск хрона"
"2016-09-20 13:00:01";"Запуск в режиме рассылки"
"2016-09-20 14:00:01";"Запрос на запуск хрона"
"2016-09-20 14:00:01";"Запуск в режиме рассылки"
"2016-09-20 15:00:01";"Запрос на запуск хрона"
"2016-09-20 15:00:01";"Запуск в режиме рассылки"
"2016-09-20 16:00:01";"Запрос на запуск хрона"
"2016-09-20 16:00:01";"Запуск в режиме рассылки"
"2016-09-20 17:00:00";"Запрос на запуск хрона"
"2016-09-20 17:00:00";"Запуск в режиме рассылки"
"2016-09-20 18:00:01";"Запрос на запуск хрона"
"2016-09-20 18:00:01";"Запуск в режиме рассылки"
"2016-09-20 19:00:01";"Запрос на запуск хрона"
"2016-09-20 19:00:01";"Запуск в режиме рассылки"
"2016-09-20 20:00:01";"Запрос на запуск хрона"
"2016-09-20 20:00:01";"Запуск в режиме рассылки"
"2016-09-20 21:00:01";"Запрос на запуск хрона"
"2016-09-20 21:00:01";"Запуск в режиме рассылки"
"2016-09-21 09:00:02";"Запрос на запуск хрона"
"2016-09-21 09:00:02";"Запуск в режиме обслуживания"
"2016-09-21 09:00:02";"Запуск в режиме рассылки"
"2016-09-21 10:00:00";"Запрос на запуск хрона"
"2016-09-21 10:00:01";"Запуск в режиме рассылки"
"2016-09-21 11:00:02";"Запрос на запуск хрона"
"2016-09-21 11:00:02";"Запуск в режиме рассылки"
"2016-09-21 12:00:00";"Запрос на запуск хрона"
"2016-09-21 12:00:00";"Запуск в режиме рассылки"
"2016-09-21 13:00:01";"Запрос на запуск хрона"
"2016-09-21 13:00:01";"Запуск в режиме рассылки"
"2016-09-21 14:00:01";"Запрос на запуск хрона"
"2016-09-21 14:00:01";"Запуск в режиме рассылки"
"2016-09-21 15:00:01";"Запрос на запуск хрона"
"2016-09-21 15:00:01";"Запуск в режиме рассылки"
"2016-09-21 16:00:01";"Запрос на запуск хрона"
"2016-09-21 16:00:01";"Запуск в режиме рассылки"
"2016-09-21 17:00:03";"Запрос на запуск хрона"
"2016-09-21 17:00:03";"Запуск в режиме рассылки"
"2016-09-21 18:00:01";"Запрос на запуск хрона"
"2016-09-21 18:00:01";"Запуск в режиме рассылки"
"2016-09-21 19:00:01";"Запрос на запуск хрона"
"2016-09-21 19:00:01";"Запуск в режиме рассылки"
"2016-09-21 20:00:01";"Запрос на запуск хрона"
"2016-09-21 20:00:01";"Запуск в режиме рассылки"
"2016-09-21 21:00:01";"Запрос на запуск хрона"
"2016-09-21 21:00:01";"Запуск в режиме рассылки"
"2016-09-22 10:00:02";"Запрос на запуск хрона"
"2016-09-22 10:00:02";"Запуск в режиме обслуживания"
"2016-09-22 10:00:02";"Запуск в режиме рассылки"
"2016-09-22 11:00:01";"Запрос на запуск хрона"
"2016-09-22 11:00:01";"Запуск в режиме рассылки"
"2016-09-22 12:00:02";"Запрос на запуск хрона"
"2016-09-22 12:00:02";"Запуск в режиме рассылки"
"2016-09-22 13:00:01";"Запрос на запуск хрона"
"2016-09-22 13:00:01";"Запуск в режиме рассылки"
"2016-09-22 14:00:01";"Запрос на запуск хрона"
"2016-09-22 14:00:01";"Запуск в режиме рассылки"
"2016-09-22 15:00:01";"Запрос на запуск хрона"
"2016-09-22 15:00:01";"Запуск в режиме рассылки"
"2016-09-22 16:00:00";"Запрос на запуск хрона"
"2016-09-22 16:00:00";"Запуск в режиме рассылки"
"2016-09-22 17:00:00";"Запрос на запуск хрона"
"2016-09-22 17:00:00";"Запуск в режиме рассылки"
"2016-09-22 18:00:00";"Запрос на запуск хрона"
"2016-09-22 18:00:00";"Запуск в режиме рассылки"
"2016-09-22 19:00:01";"Запрос на запуск хрона"
"2016-09-22 19:00:01";"Запуск в режиме рассылки"
"2016-09-23 09:00:02";"Запрос на запуск хрона"
"2016-09-23 09:00:02";"Запуск в режиме обслуживания"
"2016-09-23 09:00:02";"Запуск в режиме рассылки"
"2016-09-23 10:00:01";"Запрос на запуск хрона"
"2016-09-23 10:00:01";"Запуск в режиме рассылки"
"2016-09-23 11:00:01";"Запрос на запуск хрона"
"2016-09-23 11:00:01";"Запуск в режиме рассылки"
"2016-09-23 12:00:01";"Запрос на запуск хрона"
"2016-09-23 12:00:01";"Запуск в режиме рассылки"
"2016-09-23 13:00:01";"Запрос на запуск хрона"
"2016-09-23 13:00:01";"Запуск в режиме рассылки"
"2016-09-23 14:00:01";"Запрос на запуск хрона"
"2016-09-23 14:00:01";"Запуск в режиме рассылки"
"2016-09-23 15:00:01";"Запрос на запуск хрона"
"2016-09-23 15:00:01";"Запуск в режиме рассылки"
"2016-09-23 16:00:01";"Запрос на запуск хрона"
"2016-09-23 16:00:01";"Запуск в режиме рассылки"
"2016-09-23 17:00:01";"Запрос на запуск хрона"
"2016-09-23 17:00:01";"Запуск в режиме рассылки"
"2016-09-23 18:00:02";"Запрос на запуск хрона"
"2016-09-23 18:00:02";"Запуск в режиме рассылки"
"2016-09-23 19:00:01";"Запрос на запуск хрона"
"2016-09-23 19:00:01";"Запуск в режиме рассылки"
"2016-09-24 08:00:01";"Запрос на запуск хрона"
"2016-09-24 08:00:01";"Запуск в режиме обслуживания"
"2016-09-24 08:00:01";"Запуск в режиме рассылки"
"2016-09-24 09:00:01";"Запрос на запуск хрона"
"2016-09-24 09:00:01";"Запуск в режиме рассылки"
"2016-09-24 10:00:01";"Запрос на запуск хрона"
"2016-09-24 10:00:01";"Запуск в режиме рассылки"
"2016-09-24 11:00:01";"Запрос на запуск хрона"
"2016-09-24 11:00:01";"Запуск в режиме рассылки"
"2016-09-24 12:00:00";"Запрос на запуск хрона"
"2016-09-24 12:00:00";"Запуск в режиме рассылки"
"2016-09-24 13:00:01";"Запрос на запуск хрона"
"2016-09-24 13:00:01";"Запуск в режиме рассылки"
"2016-09-24 14:00:00";"Запрос на запуск хрона"
"2016-09-24 14:00:00";"Запуск в режиме рассылки"
"2016-09-24 15:00:00";"Запрос на запуск хрона"
"2016-09-24 15:00:00";"Запуск в режиме рассылки"
"2016-09-24 16:00:01";"Запрос на запуск хрона"
"2016-09-24 16:00:01";"Запуск в режиме рассылки"
"2016-09-24 17:00:01";"Запрос на запуск хрона"
"2016-09-24 17:00:01";"Запуск в режиме рассылки"
"2016-09-24 18:00:01";"Запрос на запуск хрона"
"2016-09-24 18:00:01";"Запуск в режиме рассылки"
"2016-09-24 19:00:00";"Запрос на запуск хрона"
"2016-09-24 19:00:00";"Запуск в режиме рассылки"
"2016-09-24 20:00:00";"Запрос на запуск хрона"
"2016-09-24 20:00:00";"Запуск в режиме рассылки"
"2016-09-24 21:00:00";"Запрос на запуск хрона"
"2016-09-24 21:00:00";"Запуск в режиме рассылки"
"2016-09-24 22:00:00";"Запрос на запуск хрона"
"2016-09-24 22:00:00";"Запуск в режиме рассылки"
"2016-09-25 09:00:02";"Запрос на запуск хрона"
"2016-09-25 09:00:02";"Запуск в режиме обслуживания"
"2016-09-25 09:00:02";"Запуск в режиме рассылки"
"2016-09-25 10:00:00";"Запрос на запуск хрона"
"2016-09-25 10:00:00";"Запуск в режиме рассылки"
"2016-09-25 11:00:01";"Запрос на запуск хрона"
"2016-09-25 11:00:01";"Запуск в режиме рассылки"
"2016-09-25 12:00:01";"Запрос на запуск хрона"
"2016-09-25 12:00:01";"Запуск в режиме рассылки"
"2016-09-25 13:00:01";"Запрос на запуск хрона"
"2016-09-25 13:00:01";"Запуск в режиме рассылки"
"2016-09-25 14:00:00";"Запрос на запуск хрона"
"2016-09-25 14:00:00";"Запуск в режиме рассылки"
"2016-09-25 15:00:01";"Запрос на запуск хрона"
"2016-09-25 15:00:01";"Запуск в режиме рассылки"
"2016-09-25 16:00:01";"Запрос на запуск хрона"
"2016-09-25 16:00:01";"Запуск в режиме рассылки"
"2016-09-25 17:00:00";"Запрос на запуск хрона"
"2016-09-25 17:00:00";"Запуск в режиме рассылки"
"2016-09-25 18:00:00";"Запрос на запуск хрона"
"2016-09-25 18:00:00";"Запуск в режиме рассылки"
"2016-09-25 19:00:01";"Запрос на запуск хрона"
"2016-09-25 19:00:01";"Запуск в режиме рассылки"
"2016-09-25 20:00:01";"Запрос на запуск хрона"
"2016-09-25 20:00:01";"Запуск в режиме рассылки"
"2016-09-25 21:00:00";"Запрос на запуск хрона"
"2016-09-25 21:00:00";"Запуск в режиме рассылки"
"2016-09-25 22:00:00";"Запрос на запуск хрона"
"2016-09-25 22:00:00";"Запуск в режиме рассылки"
"2016-09-25 23:00:00";"Запрос на запуск хрона"
"2016-09-25 23:00:00";"Запуск в режиме рассылки"
"2016-09-26 18:00:01";"Запрос на запуск хрона"
"2016-09-26 18:00:01";"Запуск в режиме обслуживания"
"2016-09-26 18:00:01";"Запуск в режиме рассылки"
"2016-09-26 19:00:01";"Запрос на запуск хрона"
"2016-09-26 19:00:01";"Запуск в режиме рассылки"
"2016-09-26 20:00:00";"Запрос на запуск хрона"
"2016-09-26 20:00:00";"Запуск в режиме рассылки"
"2016-09-26 21:00:00";"Запрос на запуск хрона"
"2016-09-26 21:00:00";"Запуск в режиме рассылки"
"2016-09-26 22:00:00";"Запрос на запуск хрона"
"2016-09-26 22:00:00";"Запуск в режиме рассылки"
"2016-09-27 09:00:02";"Запрос на запуск хрона"
"2016-09-27 09:00:02";"Запуск в режиме обслуживания"
"2016-09-27 09:00:02";"Запуск в режиме рассылки"
"2016-09-27 10:00:00";"Запрос на запуск хрона"
"2016-09-27 10:00:00";"Запуск в режиме рассылки"
"2016-09-27 11:00:01";"Запрос на запуск хрона"
"2016-09-27 11:00:01";"Запуск в режиме рассылки"
"2016-09-27 12:00:02";"Запрос на запуск хрона"
"2016-09-27 12:00:02";"Запуск в режиме рассылки"
"2016-09-27 13:00:01";"Запрос на запуск хрона"
"2016-09-27 13:00:01";"Запуск в режиме рассылки"
"2016-09-27 14:00:01";"Запрос на запуск хрона"
"2016-09-27 14:00:01";"Запуск в режиме рассылки"
"2016-09-27 15:00:01";"Запрос на запуск хрона"
"2016-09-27 15:00:01";"Запуск в режиме рассылки"
"2016-09-27 16:00:01";"Запрос на запуск хрона"
"2016-09-27 16:00:01";"Запуск в режиме рассылки"
"2016-09-27 17:00:02";"Запрос на запуск хрона"
"2016-09-27 17:00:02";"Запуск в режиме рассылки"
"2016-09-27 18:00:01";"Запрос на запуск хрона"
"2016-09-27 18:00:01";"Запуск в режиме рассылки"
"2016-09-27 19:00:01";"Запрос на запуск хрона"
"2016-09-27 19:00:02";"Запуск в режиме рассылки"
"2016-09-27 20:00:01";"Запрос на запуск хрона"
"2016-09-27 20:00:01";"Запуск в режиме рассылки"
"2016-09-27 21:00:01";"Запрос на запуск хрона"
"2016-09-27 21:00:01";"Запуск в режиме рассылки"
"2016-09-27 22:00:01";"Запрос на запуск хрона"
"2016-09-27 22:00:01";"Запуск в режиме рассылки"
"2016-09-28 09:00:01";"Запрос на запуск хрона"
"2016-09-28 09:00:01";"Запуск в режиме обслуживания"
"2016-09-28 09:00:01";"Запуск в режиме рассылки"
"2016-09-28 10:00:01";"Запрос на запуск хрона"
"2016-09-28 10:00:01";"Запуск в режиме рассылки"
"2016-09-28 11:00:01";"Запрос на запуск хрона"
"2016-09-28 11:00:01";"Запуск в режиме рассылки"
"2016-09-28 12:00:01";"Запрос на запуск хрона"
"2016-09-28 12:00:01";"Запуск в режиме рассылки"
"2016-09-28 13:00:00";"Запрос на запуск хрона"
"2016-09-28 13:00:00";"Запуск в режиме рассылки"
"2016-09-28 14:00:01";"Запрос на запуск хрона"
"2016-09-28 14:00:01";"Запуск в режиме рассылки"
"2016-09-28 15:00:01";"Запрос на запуск хрона"
"2016-09-28 15:00:01";"Запуск в режиме рассылки"
"2016-09-28 16:00:01";"Запрос на запуск хрона"
"2016-09-28 16:00:01";"Запуск в режиме рассылки"
"2016-09-28 17:00:00";"Запрос на запуск хрона"
"2016-09-28 17:00:00";"Запуск в режиме рассылки"
"2016-09-28 18:00:00";"Запрос на запуск хрона"
"2016-09-28 18:00:00";"Запуск в режиме рассылки"
"2016-09-28 19:00:00";"Запрос на запуск хрона"
"2016-09-28 19:00:00";"Запуск в режиме рассылки"
"2016-09-28 20:00:01";"Запрос на запуск хрона"
"2016-09-28 20:00:01";"Запуск в режиме рассылки"
"2016-09-28 21:00:01";"Запрос на запуск хрона"
"2016-09-28 21:00:01";"Запуск в режиме рассылки"
"2016-09-28 22:00:01";"Запрос на запуск хрона"
"2016-09-28 22:00:01";"Запуск в режиме рассылки"
"2016-09-29 09:00:01";"Запрос на запуск хрона"
"2016-09-29 09:00:01";"Запуск в режиме обслуживания"
"2016-09-29 09:00:01";"Запуск в режиме рассылки"
"2016-09-29 10:00:01";"Запрос на запуск хрона"
"2016-09-29 10:00:01";"Запуск в режиме рассылки"
"2016-09-29 11:00:00";"Запрос на запуск хрона"
"2016-09-29 11:00:00";"Запуск в режиме рассылки"
"2016-09-29 12:00:01";"Запрос на запуск хрона"
"2016-09-29 12:00:01";"Запуск в режиме рассылки"
"2016-09-29 13:00:00";"Запрос на запуск хрона"
"2016-09-29 13:00:00";"Запуск в режиме рассылки"
"2016-09-29 14:00:00";"Запрос на запуск хрона"
"2016-09-29 14:00:00";"Запуск в режиме рассылки"
"2016-09-29 15:00:01";"Запрос на запуск хрона"
"2016-09-29 15:00:01";"Запуск в режиме рассылки"
"2016-09-29 16:00:00";"Запрос на запуск хрона"
"2016-09-29 16:00:00";"Запуск в режиме рассылки"
"2016-09-29 17:00:01";"Запрос на запуск хрона"
"2016-09-29 17:00:01";"Запуск в режиме рассылки"
"2016-09-29 18:00:01";"Запрос на запуск хрона"
"2016-09-29 18:00:01";"Запуск в режиме рассылки"
"2016-09-29 19:00:02";"Запрос на запуск хрона"
"2016-09-29 19:00:02";"Запуск в режиме рассылки"
"2016-09-29 20:00:00";"Запрос на запуск хрона"
"2016-09-29 20:00:00";"Запуск в режиме рассылки"
"2016-09-29 21:00:03";"Запрос на запуск хрона"
"2016-09-29 21:00:03";"Запуск в режиме рассылки"
"2016-09-29 22:00:01";"Запрос на запуск хрона"
"2016-09-29 22:00:02";"Запуск в режиме рассылки"
"2016-09-30 09:00:01";"Запрос на запуск хрона"
"2016-09-30 09:00:01";"Запуск в режиме обслуживания"
"2016-09-30 09:00:01";"Запуск в режиме рассылки"
"2016-09-30 10:00:01";"Запрос на запуск хрона"
"2016-09-30 10:00:01";"Запуск в режиме рассылки"
"2016-09-30 11:00:01";"Запрос на запуск хрона"
"2016-09-30 11:00:01";"Запуск в режиме рассылки"
"2016-09-30 12:00:01";"Запрос на запуск хрона"
"2016-09-30 12:00:01";"Запуск в режиме рассылки"
"2016-09-30 13:00:00";"Запрос на запуск хрона"
"2016-09-30 13:00:00";"Запуск в режиме рассылки"
"2016-09-30 14:00:01";"Запрос на запуск хрона"
"2016-09-30 14:00:01";"Запуск в режиме рассылки"
"2016-09-30 15:00:00";"Запрос на запуск хрона"
"2016-09-30 15:00:00";"Запуск в режиме рассылки"
"2016-09-30 16:00:01";"Запрос на запуск хрона"
"2016-09-30 16:00:01";"Запуск в режиме рассылки"
"2016-09-30 17:00:01";"Запрос на запуск хрона"
"2016-09-30 17:00:01";"Запуск в режиме рассылки"
"2016-09-30 18:00:00";"Запрос на запуск хрона"
"2016-09-30 18:00:00";"Запуск в режиме рассылки"
"2016-09-30 19:00:01";"Запрос на запуск хрона"
"2016-09-30 19:00:01";"Запуск в режиме рассылки"
"2016-09-30 20:00:00";"Запрос на запуск хрона"
"2016-09-30 20:00:00";"Запуск в режиме рассылки"
"2016-09-30 21:00:01";"Запрос на запуск хрона"
"2016-09-30 21:00:01";"Запуск в режиме рассылки"
"2016-10-01 08:00:02";"Запрос на запуск хрона"
"2016-10-01 08:00:02";"Запуск в режиме обслуживания"
"2016-10-01 08:00:02";"Запуск в режиме рассылки"
"2016-10-01 08:00:02";"Запуск в режиме архивации журналов"
