"2016-10-01 09:00:01";"Запрос на запуск хрона"
"2016-10-01 09:00:01";"Запуск в режиме рассылки"
"2016-10-01 10:00:00";"Запрос на запуск хрона"
"2016-10-01 10:00:00";"Запуск в режиме рассылки"
"2016-10-01 11:00:01";"Запрос на запуск хрона"
"2016-10-01 11:00:01";"Запуск в режиме рассылки"
"2016-10-01 12:00:01";"Запрос на запуск хрона"
"2016-10-01 12:00:01";"Запуск в режиме рассылки"
"2016-10-01 13:00:01";"Запрос на запуск хрона"
"2016-10-01 13:00:01";"Запуск в режиме рассылки"
"2016-10-01 14:00:00";"Запрос на запуск хрона"
"2016-10-01 14:00:00";"Запуск в режиме рассылки"
"2016-10-01 15:00:01";"Запрос на запуск хрона"
"2016-10-01 15:00:01";"Запуск в режиме рассылки"
"2016-10-01 16:00:01";"Запрос на запуск хрона"
"2016-10-01 16:00:01";"Запуск в режиме рассылки"
"2016-10-01 17:00:01";"Запрос на запуск хрона"
"2016-10-01 17:00:01";"Запуск в режиме рассылки"
"2016-10-01 18:00:01";"Запрос на запуск хрона"
"2016-10-01 18:00:01";"Запуск в режиме рассылки"
"2016-10-01 19:00:01";"Запрос на запуск хрона"
"2016-10-01 19:00:01";"Запуск в режиме рассылки"
"2016-10-01 20:00:00";"Запрос на запуск хрона"
"2016-10-01 20:00:00";"Запуск в режиме рассылки"
"2016-10-02 11:00:01";"Запрос на запуск хрона"
"2016-10-02 11:00:01";"Запуск в режиме обслуживания"
"2016-10-02 11:00:01";"Запуск в режиме рассылки"
"2016-10-02 12:00:00";"Запрос на запуск хрона"
"2016-10-02 12:00:00";"Запуск в режиме рассылки"
"2016-10-02 13:00:00";"Запрос на запуск хрона"
"2016-10-02 13:00:00";"Запуск в режиме рассылки"
"2016-10-02 14:00:00";"Запрос на запуск хрона"
"2016-10-02 14:00:00";"Запуск в режиме рассылки"
"2016-10-02 15:00:00";"Запрос на запуск хрона"
"2016-10-02 15:00:00";"Запуск в режиме рассылки"
"2016-10-02 17:00:01";"Запрос на запуск хрона"
"2016-10-02 17:00:01";"Запуск в режиме рассылки"
"2016-10-02 18:00:00";"Запрос на запуск хрона"
"2016-10-02 18:00:00";"Запуск в режиме рассылки"
"2016-10-02 19:00:01";"Запрос на запуск хрона"
"2016-10-02 19:00:01";"Запуск в режиме рассылки"
"2016-10-02 20:00:00";"Запрос на запуск хрона"
"2016-10-02 20:00:00";"Запуск в режиме рассылки"
"2016-10-02 21:00:00";"Запрос на запуск хрона"
"2016-10-02 21:00:00";"Запуск в режиме рассылки"
"2016-10-02 22:00:01";"Запрос на запуск хрона"
"2016-10-02 22:00:01";"Запуск в режиме рассылки"
"2016-10-02 23:00:01";"Запрос на запуск хрона"
"2016-10-02 23:00:01";"Запуск в режиме рассылки"
"2016-10-03 09:00:01";"Запрос на запуск хрона"
"2016-10-03 09:00:01";"Запуск в режиме обслуживания"
"2016-10-03 09:00:01";"Запуск в режиме рассылки"
"2016-10-03 10:00:01";"Запрос на запуск хрона"
"2016-10-03 10:00:01";"Запуск в режиме рассылки"
"2016-10-03 11:00:01";"Запрос на запуск хрона"
"2016-10-03 11:00:01";"Запуск в режиме рассылки"
"2016-10-03 12:00:00";"Запрос на запуск хрона"
"2016-10-03 12:00:00";"Запуск в режиме рассылки"
"2016-10-03 13:00:01";"Запрос на запуск хрона"
"2016-10-03 13:00:01";"Запуск в режиме рассылки"
"2016-10-03 14:00:01";"Запрос на запуск хрона"
"2016-10-03 14:00:01";"Запуск в режиме рассылки"
"2016-10-03 15:00:01";"Запрос на запуск хрона"
"2016-10-03 15:00:01";"Запуск в режиме рассылки"
"2016-10-03 16:00:00";"Запрос на запуск хрона"
"2016-10-03 16:00:00";"Запуск в режиме рассылки"
"2016-10-03 17:00:00";"Запрос на запуск хрона"
"2016-10-03 17:00:00";"Запуск в режиме рассылки"
"2016-10-03 18:00:01";"Запрос на запуск хрона"
"2016-10-03 18:00:01";"Запуск в режиме рассылки"
"2016-10-03 19:00:01";"Запрос на запуск хрона"
"2016-10-03 19:00:01";"Запуск в режиме рассылки"
"2016-10-03 20:00:01";"Запрос на запуск хрона"
"2016-10-03 20:00:01";"Запуск в режиме рассылки"
"2016-10-03 21:00:01";"Запрос на запуск хрона"
"2016-10-03 21:00:01";"Запуск в режиме рассылки"
"2016-10-04 09:00:01";"Запрос на запуск хрона"
"2016-10-04 09:00:01";"Запуск в режиме обслуживания"
"2016-10-04 09:00:01";"Запуск в режиме рассылки"
"2016-10-04 10:00:01";"Запрос на запуск хрона"
"2016-10-04 10:00:01";"Запуск в режиме рассылки"
"2016-10-04 11:00:00";"Запрос на запуск хрона"
"2016-10-04 11:00:00";"Запуск в режиме рассылки"
"2016-10-04 12:00:00";"Запрос на запуск хрона"
"2016-10-04 12:00:00";"Запуск в режиме рассылки"
"2016-10-04 13:00:00";"Запрос на запуск хрона"
"2016-10-04 13:00:00";"Запуск в режиме рассылки"
"2016-10-04 14:00:01";"Запрос на запуск хрона"
"2016-10-04 14:00:01";"Запуск в режиме рассылки"
"2016-10-04 15:00:01";"Запрос на запуск хрона"
"2016-10-04 15:00:01";"Запуск в режиме рассылки"
"2016-10-04 16:00:01";"Запрос на запуск хрона"
"2016-10-04 16:00:01";"Запуск в режиме рассылки"
"2016-10-04 17:00:00";"Запрос на запуск хрона"
"2016-10-04 17:00:00";"Запуск в режиме рассылки"
"2016-10-04 18:00:00";"Запрос на запуск хрона"
"2016-10-04 18:00:00";"Запуск в режиме рассылки"
"2016-10-04 19:00:01";"Запрос на запуск хрона"
"2016-10-04 19:00:01";"Запуск в режиме рассылки"
"2016-10-04 20:00:01";"Запрос на запуск хрона"
"2016-10-04 20:00:01";"Запуск в режиме рассылки"
"2016-10-04 21:00:02";"Запрос на запуск хрона"
"2016-10-04 21:00:02";"Запуск в режиме рассылки"
"2016-10-04 22:00:01";"Запрос на запуск хрона"
"2016-10-04 22:00:01";"Запуск в режиме рассылки"
"2016-10-05 09:00:01";"Запрос на запуск хрона"
"2016-10-05 09:00:01";"Запуск в режиме обслуживания"
"2016-10-05 09:00:01";"Запуск в режиме рассылки"
"2016-10-05 10:00:01";"Запрос на запуск хрона"
"2016-10-05 10:00:01";"Запуск в режиме рассылки"
"2016-10-05 11:00:00";"Запрос на запуск хрона"
"2016-10-05 11:00:00";"Запуск в режиме рассылки"
"2016-10-05 12:00:01";"Запрос на запуск хрона"
"2016-10-05 12:00:01";"Запуск в режиме рассылки"
"2016-10-05 13:00:00";"Запрос на запуск хрона"
"2016-10-05 13:00:00";"Запуск в режиме рассылки"
"2016-10-05 14:00:01";"Запрос на запуск хрона"
"2016-10-05 14:00:01";"Запуск в режиме рассылки"
"2016-10-05 15:00:01";"Запрос на запуск хрона"
"2016-10-05 15:00:01";"Запуск в режиме рассылки"
"2016-10-05 16:00:01";"Запрос на запуск хрона"
"2016-10-05 16:00:01";"Запуск в режиме рассылки"
"2016-10-05 17:00:01";"Запрос на запуск хрона"
"2016-10-05 17:00:01";"Запуск в режиме рассылки"
"2016-10-05 18:00:01";"Запрос на запуск хрона"
"2016-10-05 18:00:01";"Запуск в режиме рассылки"
"2016-10-05 19:00:01";"Запрос на запуск хрона"
"2016-10-05 19:00:01";"Запуск в режиме рассылки"
"2016-10-05 20:00:01";"Запрос на запуск хрона"
"2016-10-05 20:00:01";"Запуск в режиме рассылки"
"2016-10-06 09:00:04";"Запрос на запуск хрона"
"2016-10-06 09:00:04";"Запуск в режиме обслуживания"
"2016-10-06 09:00:04";"Запуск в режиме рассылки"
"2016-10-06 10:00:01";"Запрос на запуск хрона"
"2016-10-06 10:00:01";"Запуск в режиме рассылки"
"2016-10-06 11:00:01";"Запрос на запуск хрона"
"2016-10-06 11:00:01";"Запуск в режиме рассылки"
"2016-10-06 12:00:01";"Запрос на запуск хрона"
"2016-10-06 12:00:01";"Запуск в режиме рассылки"
"2016-10-06 13:00:01";"Запрос на запуск хрона"
"2016-10-06 13:00:01";"Запуск в режиме рассылки"
"2016-10-06 14:00:00";"Запрос на запуск хрона"
"2016-10-06 14:00:00";"Запуск в режиме рассылки"
"2016-10-06 15:00:00";"Запрос на запуск хрона"
"2016-10-06 15:00:00";"Запуск в режиме рассылки"
"2016-10-06 16:00:01";"Запрос на запуск хрона"
"2016-10-06 16:00:01";"Запуск в режиме рассылки"
"2016-10-06 17:00:01";"Запрос на запуск хрона"
"2016-10-06 17:00:01";"Запуск в режиме рассылки"
"2016-10-06 18:00:01";"Запрос на запуск хрона"
"2016-10-06 18:00:01";"Запуск в режиме рассылки"
"2016-10-06 19:00:00";"Запрос на запуск хрона"
"2016-10-06 19:00:00";"Запуск в режиме рассылки"
"2016-10-06 20:00:00";"Запрос на запуск хрона"
"2016-10-06 20:00:00";"Запуск в режиме рассылки"
"2016-10-06 21:00:01";"Запрос на запуск хрона"
"2016-10-06 21:00:01";"Запуск в режиме рассылки"
"2016-10-06 22:00:01";"Запрос на запуск хрона"
"2016-10-06 22:00:01";"Запуск в режиме рассылки"
"2016-10-07 09:00:01";"Запрос на запуск хрона"
"2016-10-07 09:00:01";"Запуск в режиме обслуживания"
"2016-10-07 09:00:01";"Запуск в режиме рассылки"
"2016-10-07 10:00:01";"Запрос на запуск хрона"
"2016-10-07 10:00:01";"Запуск в режиме рассылки"
"2016-10-07 11:00:00";"Запрос на запуск хрона"
"2016-10-07 11:00:00";"Запуск в режиме рассылки"
"2016-10-07 12:00:00";"Запрос на запуск хрона"
"2016-10-07 12:00:00";"Запуск в режиме рассылки"
"2016-10-07 15:00:00";"Запрос на запуск хрона"
"2016-10-07 15:00:00";"Запуск в режиме рассылки"
"2016-10-07 16:00:00";"Запрос на запуск хрона"
"2016-10-07 16:00:00";"Запуск в режиме рассылки"
"2016-10-07 17:00:00";"Запрос на запуск хрона"
"2016-10-07 17:00:00";"Запуск в режиме рассылки"
"2016-10-07 18:00:00";"Запрос на запуск хрона"
"2016-10-07 18:00:00";"Запуск в режиме рассылки"
"2016-10-07 19:00:01";"Запрос на запуск хрона"
"2016-10-07 19:00:01";"Запуск в режиме рассылки"
"2016-10-07 20:00:01";"Запрос на запуск хрона"
"2016-10-07 20:00:01";"Запуск в режиме рассылки"
"2016-10-07 21:00:01";"Запрос на запуск хрона"
"2016-10-07 21:00:01";"Запуск в режиме рассылки"
"2016-10-07 22:00:01";"Запрос на запуск хрона"
"2016-10-07 22:00:01";"Запуск в режиме рассылки"
"2016-10-08 09:00:01";"Запрос на запуск хрона"
"2016-10-08 09:00:01";"Запуск в режиме обслуживания"
"2016-10-08 09:00:01";"Запуск в режиме рассылки"
"2016-10-08 10:00:00";"Запрос на запуск хрона"
"2016-10-08 10:00:00";"Запуск в режиме рассылки"
"2016-10-08 11:00:01";"Запрос на запуск хрона"
"2016-10-08 11:00:01";"Запуск в режиме рассылки"
"2016-10-08 12:00:01";"Запрос на запуск хрона"
"2016-10-08 12:00:01";"Запуск в режиме рассылки"
"2016-10-08 13:00:01";"Запрос на запуск хрона"
"2016-10-08 13:00:01";"Запуск в режиме рассылки"
"2016-10-08 14:00:01";"Запрос на запуск хрона"
"2016-10-08 14:00:01";"Запуск в режиме рассылки"
"2016-10-08 15:00:00";"Запрос на запуск хрона"
"2016-10-08 15:00:00";"Запуск в режиме рассылки"
"2016-10-08 16:00:00";"Запрос на запуск хрона"
"2016-10-08 16:00:00";"Запуск в режиме рассылки"
"2016-10-08 17:00:00";"Запрос на запуск хрона"
"2016-10-08 17:00:00";"Запуск в режиме рассылки"
"2016-10-08 18:00:01";"Запрос на запуск хрона"
"2016-10-08 18:00:01";"Запуск в режиме рассылки"
"2016-10-08 19:00:01";"Запрос на запуск хрона"
"2016-10-08 19:00:01";"Запуск в режиме рассылки"
"2016-10-08 20:00:01";"Запрос на запуск хрона"
"2016-10-08 20:00:01";"Запуск в режиме рассылки"
"2016-10-08 21:00:01";"Запрос на запуск хрона"
"2016-10-08 21:00:01";"Запуск в режиме рассылки"
"2016-10-08 22:00:01";"Запрос на запуск хрона"
"2016-10-08 22:00:01";"Запуск в режиме рассылки"
"2016-10-09 09:00:01";"Запрос на запуск хрона"
"2016-10-09 09:00:01";"Запуск в режиме обслуживания"
"2016-10-09 09:00:01";"Запуск в режиме рассылки"
"2016-10-09 10:00:00";"Запрос на запуск хрона"
"2016-10-09 10:00:00";"Запуск в режиме рассылки"
"2016-10-09 11:00:00";"Запрос на запуск хрона"
"2016-10-09 11:00:00";"Запуск в режиме рассылки"
"2016-10-09 12:00:00";"Запрос на запуск хрона"
"2016-10-09 12:00:00";"Запуск в режиме рассылки"
"2016-10-09 13:00:01";"Запрос на запуск хрона"
"2016-10-09 13:00:01";"Запуск в режиме рассылки"
"2016-10-09 14:00:00";"Запрос на запуск хрона"
"2016-10-09 14:00:00";"Запуск в режиме рассылки"
"2016-10-09 15:00:00";"Запрос на запуск хрона"
"2016-10-09 15:00:00";"Запуск в режиме рассылки"
"2016-10-09 16:00:00";"Запрос на запуск хрона"
"2016-10-09 16:00:00";"Запуск в режиме рассылки"
"2016-10-09 17:00:00";"Запрос на запуск хрона"
"2016-10-09 17:00:00";"Запуск в режиме рассылки"
"2016-10-09 18:00:01";"Запрос на запуск хрона"
"2016-10-09 18:00:01";"Запуск в режиме рассылки"
"2016-10-09 19:00:01";"Запрос на запуск хрона"
"2016-10-09 19:00:01";"Запуск в режиме рассылки"
"2016-10-09 20:00:01";"Запрос на запуск хрона"
"2016-10-09 20:00:01";"Запуск в режиме рассылки"
"2016-10-09 21:00:02";"Запрос на запуск хрона"
"2016-10-09 21:00:02";"Запуск в режиме рассылки"
"2016-10-09 22:00:01";"Запрос на запуск хрона"
"2016-10-09 22:00:01";"Запуск в режиме рассылки"
"2016-10-10 19:00:01";"Запрос на запуск хрона"
"2016-10-10 19:00:01";"Запуск в режиме обслуживания"
"2016-10-10 19:00:01";"Запуск в режиме рассылки"
"2016-10-10 20:00:01";"Запрос на запуск хрона"
"2016-10-10 20:00:01";"Запуск в режиме рассылки"
"2016-10-10 21:00:01";"Запрос на запуск хрона"
"2016-10-10 21:00:01";"Запуск в режиме рассылки"
"2016-10-11 09:00:01";"Запрос на запуск хрона"
"2016-10-11 09:00:01";"Запуск в режиме обслуживания"
"2016-10-11 09:00:01";"Запуск в режиме рассылки"
"2016-10-11 10:00:01";"Запрос на запуск хрона"
"2016-10-11 10:00:01";"Запуск в режиме рассылки"
"2016-10-11 11:00:01";"Запрос на запуск хрона"
"2016-10-11 11:00:01";"Запуск в режиме рассылки"
"2016-10-11 12:00:00";"Запрос на запуск хрона"
"2016-10-11 12:00:00";"Запуск в режиме рассылки"
"2016-10-11 13:00:00";"Запрос на запуск хрона"
"2016-10-11 13:00:00";"Запуск в режиме рассылки"
"2016-10-11 14:00:01";"Запрос на запуск хрона"
"2016-10-11 14:00:01";"Запуск в режиме рассылки"
"2016-10-11 15:00:01";"Запрос на запуск хрона"
"2016-10-11 15:00:01";"Запуск в режиме рассылки"
"2016-10-11 16:00:01";"Запрос на запуск хрона"
"2016-10-11 16:00:01";"Запуск в режиме рассылки"
"2016-10-11 17:00:01";"Запрос на запуск хрона"
"2016-10-11 17:00:01";"Запуск в режиме рассылки"
"2016-10-11 18:00:01";"Запрос на запуск хрона"
"2016-10-11 18:00:01";"Запуск в режиме рассылки"
"2016-10-11 19:00:00";"Запрос на запуск хрона"
"2016-10-11 19:00:00";"Запуск в режиме рассылки"
"2016-10-11 20:00:01";"Запрос на запуск хрона"
"2016-10-11 20:00:01";"Запуск в режиме рассылки"
"2016-10-11 21:00:00";"Запрос на запуск хрона"
"2016-10-11 21:00:00";"Запуск в режиме рассылки"
"2016-10-12 09:00:01";"Запрос на запуск хрона"
"2016-10-12 09:00:01";"Запуск в режиме обслуживания"
"2016-10-12 09:00:01";"Запуск в режиме рассылки"
"2016-10-12 11:00:01";"Запрос на запуск хрона"
"2016-10-12 11:00:01";"Запуск в режиме рассылки"
"2016-10-12 12:00:01";"Запрос на запуск хрона"
"2016-10-12 12:00:01";"Запуск в режиме рассылки"
"2016-10-12 13:00:00";"Запрос на запуск хрона"
"2016-10-12 13:00:00";"Запуск в режиме рассылки"
"2016-10-12 14:00:01";"Запрос на запуск хрона"
"2016-10-12 14:00:01";"Запуск в режиме рассылки"
"2016-10-12 15:00:01";"Запрос на запуск хрона"
"2016-10-12 15:00:01";"Запуск в режиме рассылки"
"2016-10-12 15:01:00";"Запрос на запуск хрона"
"2016-10-12 16:00:00";"Запрос на запуск хрона"
"2016-10-12 16:00:00";"Запуск в режиме рассылки"
"2016-10-12 17:00:00";"Запрос на запуск хрона"
"2016-10-12 17:00:00";"Запуск в режиме рассылки"
"2016-10-12 18:00:00";"Запрос на запуск хрона"
"2016-10-12 18:00:00";"Запуск в режиме рассылки"
"2016-10-12 19:00:01";"Запрос на запуск хрона"
"2016-10-12 19:00:01";"Запуск в режиме рассылки"
"2016-10-12 20:00:00";"Запрос на запуск хрона"
"2016-10-12 20:00:00";"Запуск в режиме рассылки"
"2016-10-12 21:00:00";"Запрос на запуск хрона"
"2016-10-12 21:00:00";"Запуск в режиме рассылки"
"2016-10-12 22:00:02";"Запрос на запуск хрона"
"2016-10-12 22:00:02";"Запуск в режиме рассылки"
"2016-10-12 23:00:01";"Запрос на запуск хрона"
"2016-10-12 23:00:01";"Запуск в режиме рассылки"
"2016-10-13 09:00:01";"Запрос на запуск хрона"
"2016-10-13 09:00:01";"Запуск в режиме обслуживания"
"2016-10-13 09:00:01";"Запуск в режиме рассылки"
"2016-10-13 10:00:00";"Запрос на запуск хрона"
"2016-10-13 10:00:01";"Запуск в режиме рассылки"
"2016-10-13 11:00:01";"Запрос на запуск хрона"
"2016-10-13 11:00:01";"Запуск в режиме рассылки"
"2016-10-13 12:00:01";"Запрос на запуск хрона"
"2016-10-13 12:00:01";"Запуск в режиме рассылки"
"2016-10-13 13:00:02";"Запрос на запуск хрона"
"2016-10-13 13:00:02";"Запуск в режиме рассылки"
"2016-10-13 14:00:00";"Запрос на запуск хрона"
"2016-10-13 14:00:00";"Запуск в режиме рассылки"
"2016-10-13 15:00:01";"Запрос на запуск хрона"
"2016-10-13 15:00:01";"Запуск в режиме рассылки"
"2016-10-13 16:00:01";"Запрос на запуск хрона"
"2016-10-13 16:00:01";"Запуск в режиме рассылки"
"2016-10-13 17:00:01";"Запрос на запуск хрона"
"2016-10-13 17:00:01";"Запуск в режиме рассылки"
"2016-10-13 18:00:01";"Запрос на запуск хрона"
"2016-10-13 18:00:01";"Запуск в режиме рассылки"
"2016-10-13 19:00:00";"Запрос на запуск хрона"
"2016-10-13 19:00:00";"Запуск в режиме рассылки"
"2016-10-13 20:00:00";"Запрос на запуск хрона"
"2016-10-13 20:00:00";"Запуск в режиме рассылки"
"2016-10-13 21:00:01";"Запрос на запуск хрона"
"2016-10-13 21:00:01";"Запуск в режиме рассылки"
"2016-10-14 10:00:02";"Запрос на запуск хрона"
"2016-10-14 10:00:02";"Запуск в режиме обслуживания"
"2016-10-14 10:00:02";"Запуск в режиме рассылки"
"2016-10-14 11:00:00";"Запрос на запуск хрона"
"2016-10-14 11:00:00";"Запуск в режиме рассылки"
"2016-10-14 12:00:01";"Запрос на запуск хрона"
"2016-10-14 12:00:01";"Запуск в режиме рассылки"
"2016-10-14 13:00:01";"Запрос на запуск хрона"
"2016-10-14 13:00:01";"Запуск в режиме рассылки"
"2016-10-14 14:00:02";"Запрос на запуск хрона"
"2016-10-14 14:00:02";"Запуск в режиме рассылки"
"2016-10-14 15:00:02";"Запрос на запуск хрона"
"2016-10-14 15:00:02";"Запуск в режиме рассылки"
"2016-10-14 16:00:00";"Запрос на запуск хрона"
"2016-10-14 16:00:01";"Запуск в режиме рассылки"
"2016-10-14 17:00:00";"Запрос на запуск хрона"
"2016-10-14 17:00:00";"Запуск в режиме рассылки"
"2016-10-14 18:00:01";"Запрос на запуск хрона"
"2016-10-14 18:00:01";"Запуск в режиме рассылки"
"2016-10-14 19:00:01";"Запрос на запуск хрона"
"2016-10-14 19:00:01";"Запуск в режиме рассылки"
"2016-10-14 20:00:00";"Запрос на запуск хрона"
"2016-10-14 20:00:00";"Запуск в режиме рассылки"
"2016-10-15 09:00:01";"Запрос на запуск хрона"
"2016-10-15 09:00:01";"Запуск в режиме обслуживания"
"2016-10-15 09:00:01";"Запуск в режиме рассылки"
"2016-10-15 10:00:01";"Запрос на запуск хрона"
"2016-10-15 10:00:01";"Запуск в режиме рассылки"
"2016-10-15 11:00:00";"Запрос на запуск хрона"
"2016-10-15 11:00:00";"Запуск в режиме рассылки"
"2016-10-15 12:00:01";"Запрос на запуск хрона"
"2016-10-15 12:00:01";"Запуск в режиме рассылки"
"2016-10-15 13:00:00";"Запрос на запуск хрона"
"2016-10-15 13:00:00";"Запуск в режиме рассылки"
"2016-10-15 14:00:01";"Запрос на запуск хрона"
"2016-10-15 14:00:01";"Запуск в режиме рассылки"
"2016-10-15 15:00:01";"Запрос на запуск хрона"
"2016-10-15 15:00:01";"Запуск в режиме рассылки"
"2016-10-15 16:00:00";"Запрос на запуск хрона"
"2016-10-15 16:00:00";"Запуск в режиме рассылки"
"2016-10-15 17:00:00";"Запрос на запуск хрона"
"2016-10-15 17:00:00";"Запуск в режиме рассылки"
"2016-10-15 18:00:00";"Запрос на запуск хрона"
"2016-10-15 18:00:00";"Запуск в режиме рассылки"
"2016-10-15 19:00:01";"Запрос на запуск хрона"
"2016-10-15 19:00:01";"Запуск в режиме рассылки"
"2016-10-15 20:00:01";"Запрос на запуск хрона"
"2016-10-15 20:00:01";"Запуск в режиме рассылки"
"2016-10-15 21:00:01";"Запрос на запуск хрона"
"2016-10-15 21:00:01";"Запуск в режиме рассылки"
"2016-10-15 22:00:01";"Запрос на запуск хрона"
"2016-10-15 22:00:01";"Запуск в режиме рассылки"
"2016-10-16 09:00:01";"Запрос на запуск хрона"
"2016-10-16 09:00:01";"Запуск в режиме обслуживания"
"2016-10-16 09:00:01";"Обслуживание. Удалено устаревших нераспознанных SMS - 8 шт."
"2016-10-16 09:00:01";"Запуск в режиме рассылки"
"2016-10-16 10:00:01";"Запрос на запуск хрона"
"2016-10-16 10:00:01";"Запуск в режиме рассылки"
"2016-10-16 11:00:01";"Запрос на запуск хрона"
"2016-10-16 11:00:01";"Запуск в режиме рассылки"
"2016-10-16 12:00:00";"Запрос на запуск хрона"
"2016-10-16 12:00:00";"Запуск в режиме рассылки"
"2016-10-16 13:00:01";"Запрос на запуск хрона"
"2016-10-16 13:00:01";"Запуск в режиме рассылки"
"2016-10-16 14:00:01";"Запрос на запуск хрона"
"2016-10-16 14:00:01";"Запуск в режиме рассылки"
"2016-10-16 15:00:01";"Запрос на запуск хрона"
"2016-10-16 15:00:01";"Запуск в режиме рассылки"
"2016-10-16 16:00:01";"Запрос на запуск хрона"
"2016-10-16 16:00:01";"Запуск в режиме рассылки"
"2016-10-16 17:00:01";"Запрос на запуск хрона"
"2016-10-16 17:00:01";"Запуск в режиме рассылки"
"2016-10-16 18:00:01";"Запрос на запуск хрона"
"2016-10-16 18:00:01";"Запуск в режиме рассылки"
"2016-10-16 19:00:01";"Запрос на запуск хрона"
"2016-10-16 19:00:01";"Запуск в режиме рассылки"
"2016-10-16 20:00:01";"Запрос на запуск хрона"
"2016-10-16 20:00:01";"Запуск в режиме рассылки"
"2016-10-16 21:00:01";"Запрос на запуск хрона"
"2016-10-16 21:00:01";"Запуск в режиме рассылки"
"2016-10-17 09:00:01";"Запрос на запуск хрона"
"2016-10-17 09:00:01";"Запуск в режиме обслуживания"
"2016-10-17 09:00:01";"Запуск в режиме рассылки"
"2016-10-17 10:00:00";"Запрос на запуск хрона"
"2016-10-17 10:00:00";"Запуск в режиме рассылки"
"2016-10-17 11:00:02";"Запрос на запуск хрона"
"2016-10-17 11:00:02";"Запуск в режиме рассылки"
"2016-10-17 12:00:00";"Запрос на запуск хрона"
"2016-10-17 12:00:00";"Запуск в режиме рассылки"
"2016-10-17 13:00:01";"Запрос на запуск хрона"
"2016-10-17 13:00:01";"Запуск в режиме рассылки"
"2016-10-17 14:00:01";"Запрос на запуск хрона"
"2016-10-17 14:00:01";"Запуск в режиме рассылки"
"2016-10-17 15:00:01";"Запрос на запуск хрона"
"2016-10-17 15:00:01";"Запуск в режиме рассылки"
"2016-10-17 16:00:01";"Запрос на запуск хрона"
"2016-10-17 16:00:01";"Запуск в режиме рассылки"
"2016-10-17 17:00:00";"Запрос на запуск хрона"
"2016-10-17 17:00:00";"Запуск в режиме рассылки"
"2016-10-17 18:00:01";"Запрос на запуск хрона"
"2016-10-17 18:00:01";"Запуск в режиме рассылки"
"2016-10-17 19:00:01";"Запрос на запуск хрона"
"2016-10-17 19:00:01";"Запуск в режиме рассылки"
"2016-10-17 20:00:01";"Запрос на запуск хрона"
"2016-10-17 20:00:01";"Запуск в режиме рассылки"
"2016-10-18 10:00:04";"Запрос на запуск хрона"
"2016-10-18 10:00:04";"Запуск в режиме обслуживания"
"2016-10-18 10:00:04";"Запуск в режиме рассылки"
"2016-10-18 11:00:01";"Запрос на запуск хрона"
"2016-10-18 11:00:01";"Запуск в режиме рассылки"
"2016-10-18 18:00:01";"Запрос на запуск хрона"
"2016-10-18 18:00:01";"Запуск в режиме рассылки"
"2016-10-18 19:00:01";"Запрос на запуск хрона"
"2016-10-18 19:00:01";"Запуск в режиме рассылки"
"2016-10-18 20:00:01";"Запрос на запуск хрона"
"2016-10-18 20:00:01";"Запуск в режиме рассылки"
"2016-10-18 21:00:01";"Запрос на запуск хрона"
"2016-10-18 21:00:01";"Запуск в режиме рассылки"
"2016-10-18 22:00:01";"Запрос на запуск хрона"
"2016-10-18 22:00:01";"Запуск в режиме рассылки"
"2016-10-18 23:00:01";"Запрос на запуск хрона"
"2016-10-18 23:00:01";"Запуск в режиме рассылки"
"2016-10-19 10:00:01";"Запрос на запуск хрона"
"2016-10-19 10:00:01";"Запуск в режиме обслуживания"
"2016-10-19 10:00:02";"Запуск в режиме рассылки"
"2016-10-19 11:00:03";"Запрос на запуск хрона"
"2016-10-19 11:00:03";"Запуск в режиме рассылки"
"2016-10-19 12:00:00";"Запрос на запуск хрона"
"2016-10-19 12:00:00";"Запуск в режиме рассылки"
"2016-10-19 13:00:01";"Запрос на запуск хрона"
"2016-10-19 13:00:01";"Запуск в режиме рассылки"
"2016-10-19 14:00:02";"Запрос на запуск хрона"
"2016-10-19 14:00:02";"Запуск в режиме рассылки"
"2016-10-19 15:00:02";"Запрос на запуск хрона"
"2016-10-19 15:00:02";"Запуск в режиме рассылки"
"2016-10-19 16:00:01";"Запрос на запуск хрона"
"2016-10-19 16:00:01";"Запуск в режиме рассылки"
"2016-10-20 10:00:01";"Запрос на запуск хрона"
"2016-10-20 10:00:01";"Запуск в режиме обслуживания"
"2016-10-20 10:00:02";"Запуск в режиме рассылки"
"2016-10-20 11:00:01";"Запрос на запуск хрона"
"2016-10-20 11:00:01";"Запуск в режиме рассылки"
"2016-10-20 12:00:01";"Запрос на запуск хрона"
"2016-10-20 12:00:01";"Запуск в режиме рассылки"
"2016-10-20 13:00:01";"Запрос на запуск хрона"
"2016-10-20 13:00:01";"Запуск в режиме рассылки"
"2016-10-20 14:00:01";"Запрос на запуск хрона"
"2016-10-20 14:00:01";"Запуск в режиме рассылки"
"2016-10-20 15:00:01";"Запрос на запуск хрона"
"2016-10-20 15:00:01";"Запуск в режиме рассылки"
"2016-10-20 16:00:00";"Запрос на запуск хрона"
"2016-10-20 16:00:00";"Запуск в режиме рассылки"
"2016-10-20 17:00:01";"Запрос на запуск хрона"
"2016-10-20 17:00:01";"Запуск в режиме рассылки"
"2016-10-20 18:00:00";"Запрос на запуск хрона"
"2016-10-20 18:00:00";"Запуск в режиме рассылки"
"2016-10-20 19:00:01";"Запрос на запуск хрона"
"2016-10-20 19:00:01";"Запуск в режиме рассылки"
"2016-10-20 20:00:01";"Запрос на запуск хрона"
"2016-10-20 20:00:01";"Запуск в режиме рассылки"
"2016-10-20 21:00:01";"Запрос на запуск хрона"
"2016-10-20 21:00:01";"Запуск в режиме рассылки"
"2016-10-20 22:00:01";"Запрос на запуск хрона"
"2016-10-20 22:00:01";"Запуск в режиме рассылки"
"2016-10-20 23:00:01";"Запрос на запуск хрона"
"2016-10-20 23:00:01";"Запуск в режиме рассылки"
"2016-10-21 10:00:02";"Запрос на запуск хрона"
"2016-10-21 10:00:02";"Запуск в режиме обслуживания"
"2016-10-21 10:00:02";"Запуск в режиме рассылки"
"2016-10-21 11:00:02";"Запрос на запуск хрона"
"2016-10-21 11:00:02";"Запуск в режиме рассылки"
"2016-10-21 12:00:01";"Запрос на запуск хрона"
"2016-10-21 12:00:01";"Запуск в режиме рассылки"
"2016-10-21 13:00:00";"Запрос на запуск хрона"
"2016-10-21 13:00:00";"Запуск в режиме рассылки"
"2016-10-21 14:00:01";"Запрос на запуск хрона"
"2016-10-21 14:00:01";"Запуск в режиме рассылки"
"2016-10-21 15:00:00";"Запрос на запуск хрона"
"2016-10-21 15:00:00";"Запуск в режиме рассылки"
"2016-10-21 16:00:14";"Запрос на запуск хрона"
"2016-10-21 16:00:14";"Запуск в режиме рассылки"
"2016-10-21 17:00:01";"Запрос на запуск хрона"
"2016-10-21 17:00:01";"Запуск в режиме рассылки"
"2016-10-21 18:00:00";"Запрос на запуск хрона"
"2016-10-21 18:00:00";"Запуск в режиме рассылки"
"2016-10-21 19:00:01";"Запрос на запуск хрона"
"2016-10-21 19:00:01";"Запуск в режиме рассылки"
"2016-10-21 20:00:01";"Запрос на запуск хрона"
"2016-10-21 20:00:01";"Запуск в режиме рассылки"
"2016-10-21 21:00:00";"Запрос на запуск хрона"
"2016-10-21 21:00:00";"Запуск в режиме рассылки"
"2016-10-22 09:00:06";"Запрос на запуск хрона"
"2016-10-22 09:00:06";"Запуск в режиме обслуживания"
"2016-10-22 09:00:07";"Запуск в режиме рассылки"
"2016-10-22 10:00:00";"Запрос на запуск хрона"
"2016-10-22 10:00:00";"Запуск в режиме рассылки"
"2016-10-22 11:00:01";"Запрос на запуск хрона"
"2016-10-22 11:00:01";"Запуск в режиме рассылки"
"2016-10-22 12:00:00";"Запрос на запуск хрона"
"2016-10-22 12:00:00";"Запуск в режиме рассылки"
"2016-10-22 13:00:00";"Запрос на запуск хрона"
"2016-10-22 13:00:00";"Запуск в режиме рассылки"
"2016-10-22 14:00:01";"Запрос на запуск хрона"
"2016-10-22 14:00:01";"Запуск в режиме рассылки"
"2016-10-22 15:00:01";"Запрос на запуск хрона"
"2016-10-22 15:00:01";"Запуск в режиме рассылки"
"2016-10-22 16:00:00";"Запрос на запуск хрона"
"2016-10-22 16:00:00";"Запуск в режиме рассылки"
"2016-10-22 17:00:01";"Запрос на запуск хрона"
"2016-10-22 17:00:01";"Запуск в режиме рассылки"
"2016-10-22 18:00:01";"Запрос на запуск хрона"
"2016-10-22 18:00:01";"Запуск в режиме рассылки"
"2016-10-22 19:00:01";"Запрос на запуск хрона"
"2016-10-22 19:00:01";"Запуск в режиме рассылки"
"2016-10-22 20:00:01";"Запрос на запуск хрона"
"2016-10-22 20:00:01";"Запуск в режиме рассылки"
"2016-10-22 21:00:01";"Запрос на запуск хрона"
"2016-10-22 21:00:01";"Запуск в режиме рассылки"
"2016-10-22 22:00:01";"Запрос на запуск хрона"
"2016-10-22 22:00:01";"Запуск в режиме рассылки"
"2016-10-22 23:00:01";"Запрос на запуск хрона"
"2016-10-22 23:00:01";"Запуск в режиме рассылки"
"2016-10-23 10:00:01";"Запрос на запуск хрона"
"2016-10-23 10:00:01";"Запуск в режиме обслуживания"
"2016-10-23 10:00:01";"Запуск в режиме рассылки"
"2016-10-23 11:00:00";"Запрос на запуск хрона"
"2016-10-23 11:00:00";"Запуск в режиме рассылки"
"2016-10-23 12:00:01";"Запрос на запуск хрона"
"2016-10-23 12:00:01";"Запуск в режиме рассылки"
"2016-10-23 13:00:01";"Запрос на запуск хрона"
"2016-10-23 13:00:01";"Запуск в режиме рассылки"
"2016-10-23 14:00:01";"Запрос на запуск хрона"
"2016-10-23 14:00:01";"Запуск в режиме рассылки"
"2016-10-23 15:00:01";"Запрос на запуск хрона"
"2016-10-23 15:00:01";"Запуск в режиме рассылки"
"2016-10-23 16:00:01";"Запрос на запуск хрона"
"2016-10-23 16:00:01";"Запуск в режиме рассылки"
"2016-10-23 17:00:01";"Запрос на запуск хрона"
"2016-10-23 17:00:01";"Запуск в режиме рассылки"
"2016-10-23 18:00:00";"Запрос на запуск хрона"
"2016-10-23 18:00:00";"Запуск в режиме рассылки"
"2016-10-23 19:00:02";"Запрос на запуск хрона"
"2016-10-23 19:00:02";"Запуск в режиме рассылки"
"2016-10-23 20:00:01";"Запрос на запуск хрона"
"2016-10-23 20:00:01";"Запуск в режиме рассылки"
"2016-10-24 09:00:01";"Запрос на запуск хрона"
"2016-10-24 09:00:01";"Запуск в режиме обслуживания"
"2016-10-24 09:00:01";"Запуск в режиме рассылки"
"2016-10-24 10:00:01";"Запрос на запуск хрона"
"2016-10-24 10:00:01";"Запуск в режиме рассылки"
"2016-10-24 11:00:01";"Запрос на запуск хрона"
"2016-10-24 11:00:01";"Запуск в режиме рассылки"
"2016-10-24 12:00:01";"Запрос на запуск хрона"
"2016-10-24 12:00:01";"Запуск в режиме рассылки"
"2016-10-24 13:00:01";"Запрос на запуск хрона"
"2016-10-24 13:00:01";"Запуск в режиме рассылки"
"2016-10-24 14:00:00";"Запрос на запуск хрона"
"2016-10-24 14:00:00";"Запуск в режиме рассылки"
"2016-10-24 15:00:00";"Запрос на запуск хрона"
"2016-10-24 15:00:00";"Запуск в режиме рассылки"
"2016-10-24 16:00:00";"Запрос на запуск хрона"
"2016-10-24 16:00:00";"Запуск в режиме рассылки"
"2016-10-24 17:00:01";"Запрос на запуск хрона"
"2016-10-24 17:00:01";"Запуск в режиме рассылки"
"2016-10-24 18:00:02";"Запрос на запуск хрона"
"2016-10-24 18:00:03";"Запуск в режиме рассылки"
"2016-10-24 19:00:00";"Запрос на запуск хрона"
"2016-10-24 19:00:00";"Запуск в режиме рассылки"
"2016-10-24 20:00:01";"Запрос на запуск хрона"
"2016-10-24 20:00:01";"Запуск в режиме рассылки"
"2016-10-24 21:00:01";"Запрос на запуск хрона"
"2016-10-24 21:00:01";"Запуск в режиме рассылки"
"2016-10-25 09:00:01";"Запрос на запуск хрона"
"2016-10-25 09:00:01";"Запуск в режиме обслуживания"
"2016-10-25 09:00:01";"Запуск в режиме рассылки"
"2016-10-25 10:00:00";"Запрос на запуск хрона"
"2016-10-25 10:00:00";"Запуск в режиме рассылки"
"2016-10-25 11:00:00";"Запрос на запуск хрона"
"2016-10-25 11:00:00";"Запуск в режиме рассылки"
"2016-10-25 12:00:01";"Запрос на запуск хрона"
"2016-10-25 12:00:01";"Запуск в режиме рассылки"
"2016-10-25 13:00:01";"Запрос на запуск хрона"
"2016-10-25 13:00:01";"Запуск в режиме рассылки"
"2016-10-25 14:00:02";"Запрос на запуск хрона"
"2016-10-25 14:00:02";"Запуск в режиме рассылки"
"2016-10-25 15:00:01";"Запрос на запуск хрона"
"2016-10-25 15:00:01";"Запуск в режиме рассылки"
"2016-10-25 16:00:01";"Запрос на запуск хрона"
"2016-10-25 16:00:01";"Запуск в режиме рассылки"
"2016-10-25 17:00:01";"Запрос на запуск хрона"
"2016-10-25 17:00:01";"Запуск в режиме рассылки"
"2016-10-25 18:00:01";"Запрос на запуск хрона"
"2016-10-25 18:00:01";"Запуск в режиме рассылки"
"2016-10-25 19:00:01";"Запрос на запуск хрона"
"2016-10-25 19:00:01";"Запуск в режиме рассылки"
"2016-10-25 20:00:01";"Запрос на запуск хрона"
"2016-10-25 20:00:01";"Запуск в режиме рассылки"
"2016-10-25 21:00:00";"Запрос на запуск хрона"
"2016-10-25 21:00:00";"Запуск в режиме рассылки"
"2016-10-25 22:00:00";"Запрос на запуск хрона"
"2016-10-25 22:00:00";"Запуск в режиме рассылки"
"2016-10-26 11:00:01";"Запрос на запуск хрона"
"2016-10-26 11:00:01";"Запуск в режиме обслуживания"
"2016-10-26 11:00:02";"Запуск в режиме рассылки"
"2016-10-26 12:00:01";"Запрос на запуск хрона"
"2016-10-26 12:00:01";"Запуск в режиме рассылки"
"2016-10-26 12:01:00";"Запрос на запуск хрона"
"2016-10-26 13:00:01";"Запрос на запуск хрона"
"2016-10-26 13:00:01";"Запуск в режиме рассылки"
"2016-10-26 14:00:01";"Запрос на запуск хрона"
"2016-10-26 14:00:01";"Запуск в режиме рассылки"
"2016-10-26 15:00:01";"Запрос на запуск хрона"
"2016-10-26 15:00:01";"Запуск в режиме рассылки"
"2016-10-26 16:00:01";"Запрос на запуск хрона"
"2016-10-26 16:00:01";"Запуск в режиме рассылки"
"2016-10-26 17:00:02";"Запрос на запуск хрона"
"2016-10-26 17:00:02";"Запуск в режиме рассылки"
"2016-10-26 18:00:01";"Запрос на запуск хрона"
"2016-10-26 18:00:01";"Запуск в режиме рассылки"
"2016-10-26 19:00:01";"Запрос на запуск хрона"
"2016-10-26 19:00:01";"Запуск в режиме рассылки"
"2016-10-26 20:00:01";"Запрос на запуск хрона"
"2016-10-26 20:00:01";"Запуск в режиме рассылки"
"2016-10-26 21:00:01";"Запрос на запуск хрона"
"2016-10-26 21:00:01";"Запуск в режиме рассылки"
"2016-10-26 22:00:01";"Запрос на запуск хрона"
"2016-10-26 22:00:01";"Запуск в режиме рассылки"
"2016-10-27 10:00:01";"Запрос на запуск хрона"
"2016-10-27 10:00:01";"Запуск в режиме обслуживания"
"2016-10-27 10:00:02";"Запуск в режиме рассылки"
"2016-10-27 11:00:01";"Запрос на запуск хрона"
"2016-10-27 11:00:01";"Запуск в режиме рассылки"
"2016-10-27 12:00:02";"Запрос на запуск хрона"
"2016-10-27 12:00:02";"Запуск в режиме рассылки"
"2016-10-27 13:00:00";"Запрос на запуск хрона"
"2016-10-27 13:00:00";"Запуск в режиме рассылки"
"2016-10-27 14:00:01";"Запрос на запуск хрона"
"2016-10-27 14:00:01";"Запуск в режиме рассылки"
"2016-10-27 15:00:01";"Запрос на запуск хрона"
"2016-10-27 15:00:01";"Запуск в режиме рассылки"
"2016-10-27 16:00:01";"Запрос на запуск хрона"
"2016-10-27 16:00:01";"Запуск в режиме рассылки"
"2016-10-27 17:00:01";"Запрос на запуск хрона"
"2016-10-27 17:00:01";"Запуск в режиме рассылки"
"2016-10-27 18:00:01";"Запрос на запуск хрона"
"2016-10-27 18:00:01";"Запуск в режиме рассылки"
"2016-10-27 19:00:00";"Запрос на запуск хрона"
"2016-10-27 19:00:00";"Запуск в режиме рассылки"
"2016-10-27 20:00:01";"Запрос на запуск хрона"
"2016-10-27 20:00:01";"Запуск в режиме рассылки"
"2016-10-27 21:00:01";"Запрос на запуск хрона"
"2016-10-27 21:00:01";"Запуск в режиме рассылки"
"2016-10-28 10:00:01";"Запрос на запуск хрона"
"2016-10-28 10:00:01";"Запуск в режиме обслуживания"
"2016-10-28 10:00:01";"Запуск в режиме рассылки"
"2016-10-28 11:00:01";"Запрос на запуск хрона"
"2016-10-28 11:00:01";"Запуск в режиме рассылки"
"2016-10-28 12:00:02";"Запрос на запуск хрона"
"2016-10-28 12:00:02";"Запуск в режиме рассылки"
"2016-10-28 13:00:01";"Запрос на запуск хрона"
"2016-10-28 13:00:01";"Запуск в режиме рассылки"
"2016-10-28 14:00:01";"Запрос на запуск хрона"
"2016-10-28 14:00:01";"Запуск в режиме рассылки"
"2016-10-28 15:00:01";"Запрос на запуск хрона"
"2016-10-28 15:00:01";"Запуск в режиме рассылки"
"2016-10-28 16:00:01";"Запрос на запуск хрона"
"2016-10-28 16:00:02";"Запуск в режиме рассылки"
"2016-10-28 17:00:00";"Запрос на запуск хрона"
"2016-10-28 17:00:00";"Запуск в режиме рассылки"
"2016-10-28 18:00:01";"Запрос на запуск хрона"
"2016-10-28 18:00:01";"Запуск в режиме рассылки"
"2016-10-28 19:00:01";"Запрос на запуск хрона"
"2016-10-28 19:00:01";"Запуск в режиме рассылки"
"2016-10-28 20:00:01";"Запрос на запуск хрона"
"2016-10-28 20:00:01";"Запуск в режиме рассылки"
"2016-10-28 21:00:01";"Запрос на запуск хрона"
"2016-10-28 21:00:01";"Запуск в режиме рассылки"
"2016-10-28 22:00:01";"Запрос на запуск хрона"
"2016-10-28 22:00:01";"Запуск в режиме рассылки"
"2016-10-29 09:00:02";"Запрос на запуск хрона"
"2016-10-29 09:00:02";"Запуск в режиме обслуживания"
"2016-10-29 09:00:02";"Запуск в режиме рассылки"
"2016-10-29 10:00:03";"Запрос на запуск хрона"
"2016-10-29 10:00:03";"Запуск в режиме рассылки"
"2016-10-29 11:00:01";"Запрос на запуск хрона"
"2016-10-29 11:00:01";"Запуск в режиме рассылки"
"2016-10-29 12:00:02";"Запрос на запуск хрона"
"2016-10-29 12:00:02";"Запуск в режиме рассылки"
"2016-10-29 13:00:01";"Запрос на запуск хрона"
"2016-10-29 13:00:01";"Запуск в режиме рассылки"
"2016-10-29 21:00:02";"Запрос на запуск хрона"
"2016-10-29 21:00:02";"Запуск в режиме рассылки"
"2016-10-29 22:00:02";"Запрос на запуск хрона"
"2016-10-29 22:00:02";"Запуск в режиме рассылки"
"2016-10-29 23:00:03";"Запрос на запуск хрона"
"2016-10-29 23:00:03";"Запуск в режиме рассылки"
"2016-10-30 09:00:01";"Запрос на запуск хрона"
"2016-10-30 09:00:01";"Запуск в режиме обслуживания"
"2016-10-30 09:00:01";"Запуск в режиме рассылки"
"2016-10-30 10:00:00";"Запрос на запуск хрона"
"2016-10-30 10:00:00";"Запуск в режиме рассылки"
"2016-10-30 10:01:00";"Запрос на запуск хрона"
"2016-10-30 11:00:00";"Запрос на запуск хрона"
"2016-10-30 11:00:00";"Запуск в режиме рассылки"
"2016-10-30 12:00:00";"Запрос на запуск хрона"
"2016-10-30 12:00:00";"Запуск в режиме рассылки"
"2016-10-30 13:00:01";"Запрос на запуск хрона"
"2016-10-30 13:00:01";"Запуск в режиме рассылки"
"2016-10-30 14:00:01";"Запрос на запуск хрона"
"2016-10-30 14:00:01";"Запуск в режиме рассылки"
"2016-10-30 15:00:01";"Запрос на запуск хрона"
"2016-10-30 15:00:01";"Запуск в режиме рассылки"
"2016-10-30 16:00:01";"Запрос на запуск хрона"
"2016-10-30 16:00:01";"Запуск в режиме рассылки"
"2016-10-30 17:00:01";"Запрос на запуск хрона"
"2016-10-30 17:00:01";"Запуск в режиме рассылки"
"2016-10-30 18:00:02";"Запрос на запуск хрона"
"2016-10-30 18:00:02";"Запуск в режиме рассылки"
"2016-10-30 19:00:00";"Запрос на запуск хрона"
"2016-10-30 19:00:00";"Запуск в режиме рассылки"
"2016-10-30 20:00:00";"Запрос на запуск хрона"
"2016-10-30 20:00:00";"Запуск в режиме рассылки"
"2016-10-30 21:00:01";"Запрос на запуск хрона"
"2016-10-30 21:00:01";"Запуск в режиме рассылки"
"2016-10-30 22:00:00";"Запрос на запуск хрона"
"2016-10-30 22:00:00";"Запуск в режиме рассылки"
"2016-10-31 09:00:02";"Запрос на запуск хрона"
"2016-10-31 09:00:02";"Запуск в режиме обслуживания"
"2016-10-31 09:00:02";"Запуск в режиме рассылки"
"2016-10-31 10:00:01";"Запрос на запуск хрона"
"2016-10-31 10:00:01";"Запуск в режиме рассылки"
"2016-10-31 11:00:00";"Запрос на запуск хрона"
"2016-10-31 11:00:00";"Запуск в режиме рассылки"
"2016-10-31 12:00:00";"Запрос на запуск хрона"
"2016-10-31 12:00:00";"Запуск в режиме рассылки"
"2016-10-31 13:00:19";"Запрос на запуск хрона"
"2016-10-31 13:00:19";"Запуск в режиме рассылки"
"2016-10-31 14:00:01";"Запрос на запуск хрона"
"2016-10-31 14:00:01";"Запуск в режиме рассылки"
"2016-10-31 15:00:00";"Запрос на запуск хрона"
"2016-10-31 15:00:00";"Запуск в режиме рассылки"
"2016-10-31 16:00:00";"Запрос на запуск хрона"
"2016-10-31 16:00:00";"Запуск в режиме рассылки"
"2016-10-31 17:00:01";"Запрос на запуск хрона"
"2016-10-31 17:00:01";"Запуск в режиме рассылки"
"2016-10-31 18:00:01";"Запрос на запуск хрона"
"2016-10-31 18:00:01";"Запуск в режиме рассылки"
"2016-10-31 19:00:01";"Запрос на запуск хрона"
"2016-10-31 19:00:01";"Запуск в режиме рассылки"
"2016-10-31 20:00:00";"Запрос на запуск хрона"
"2016-10-31 20:00:00";"Запуск в режиме рассылки"
"2016-10-31 21:00:00";"Запрос на запуск хрона"
"2016-10-31 21:00:00";"Запуск в режиме рассылки"
"2016-11-01 09:00:01";"Запрос на запуск хрона"
"2016-11-01 09:00:01";"Запуск в режиме обслуживания"
"2016-11-01 09:00:01";"Запуск в режиме рассылки"
"2016-11-01 09:00:02";"Запуск в режиме архивации журналов"
