"2016-07-14 23:00:01";"Запрос на запуск хрона"
"2016-07-14 23:00:01";"Запуск в режиме рассылки"
"2016-07-15 09:00:01";"Запрос на запуск хрона"
"2016-07-15 09:00:01";"Запуск в режиме обслуживания"
"2016-07-15 09:00:01";"Запуск в режиме рассылки"
"2016-07-15 10:00:01";"Запрос на запуск хрона"
"2016-07-15 10:00:01";"Запуск в режиме рассылки"
"2016-07-15 11:00:01";"Запрос на запуск хрона"
"2016-07-15 11:00:01";"Запуск в режиме рассылки"
"2016-07-15 12:00:01";"Запрос на запуск хрона"
"2016-07-15 12:00:01";"Запуск в режиме рассылки"
"2016-07-15 13:00:01";"Запрос на запуск хрона"
"2016-07-15 13:00:01";"Запуск в режиме рассылки"
"2016-07-15 14:00:02";"Запрос на запуск хрона"
"2016-07-15 14:00:02";"Запуск в режиме рассылки"
"2016-07-15 15:00:00";"Запрос на запуск хрона"
"2016-07-15 15:00:00";"Запуск в режиме рассылки"
"2016-07-15 16:00:03";"Запрос на запуск хрона"
"2016-07-15 16:00:03";"Запуск в режиме рассылки"
"2016-07-15 17:00:02";"Запрос на запуск хрона"
"2016-07-15 17:00:02";"Запуск в режиме рассылки"
"2016-07-15 18:00:02";"Запрос на запуск хрона"
"2016-07-15 18:00:02";"Запуск в режиме рассылки"
"2016-07-15 19:00:03";"Запрос на запуск хрона"
"2016-07-15 19:00:03";"Запуск в режиме рассылки"
"2016-07-15 20:00:01";"Запрос на запуск хрона"
"2016-07-15 20:00:01";"Запуск в режиме рассылки"
"2016-07-15 21:00:01";"Запрос на запуск хрона"
"2016-07-15 21:00:01";"Запуск в режиме рассылки"
"2016-07-15 22:00:02";"Запрос на запуск хрона"
"2016-07-15 22:00:02";"Запуск в режиме рассылки"
"2016-07-16 12:00:02";"Запрос на запуск хрона"
"2016-07-16 12:00:02";"Запуск в режиме обслуживания"
"2016-07-16 12:00:02";"Запуск в режиме рассылки"
"2016-07-16 13:00:01";"Запрос на запуск хрона"
"2016-07-16 13:00:01";"Запуск в режиме рассылки"
"2016-07-16 14:00:01";"Запрос на запуск хрона"
"2016-07-16 14:00:01";"Запуск в режиме рассылки"
"2016-07-16 15:00:02";"Запрос на запуск хрона"
"2016-07-16 15:00:02";"Запуск в режиме рассылки"
"2016-07-16 16:00:01";"Запрос на запуск хрона"
"2016-07-16 16:00:01";"Запуск в режиме рассылки"
"2016-07-16 17:00:01";"Запрос на запуск хрона"
"2016-07-16 17:00:01";"Запуск в режиме рассылки"
"2016-07-16 18:00:00";"Запрос на запуск хрона"
"2016-07-16 18:00:00";"Запуск в режиме рассылки"
"2016-07-16 19:00:00";"Запрос на запуск хрона"
"2016-07-16 19:00:00";"Запуск в режиме рассылки"
"2016-07-16 20:00:02";"Запрос на запуск хрона"
"2016-07-16 20:00:02";"Запуск в режиме рассылки"
"2016-07-16 21:00:00";"Запрос на запуск хрона"
"2016-07-16 21:00:00";"Запуск в режиме рассылки"
"2016-07-16 22:00:03";"Запрос на запуск хрона"
"2016-07-16 22:00:03";"Запуск в режиме рассылки"
"2016-07-16 23:00:01";"Запрос на запуск хрона"
"2016-07-16 23:00:01";"Запуск в режиме рассылки"
"2016-07-17 00:00:03";"Запрос на запуск хрона"
"2016-07-17 00:00:03";"Запуск в режиме рассылки"
"2016-07-17 09:00:01";"Запрос на запуск хрона"
"2016-07-17 09:00:01";"Запуск в режиме обслуживания"
"2016-07-17 09:00:01";"Запуск в режиме рассылки"
"2016-07-17 10:00:01";"Запрос на запуск хрона"
"2016-07-17 10:00:01";"Запуск в режиме рассылки"
"2016-07-17 11:00:01";"Запрос на запуск хрона"
"2016-07-17 11:00:01";"Запуск в режиме рассылки"
"2016-07-17 12:00:01";"Запрос на запуск хрона"
"2016-07-17 12:00:01";"Запуск в режиме рассылки"
"2016-07-17 13:00:01";"Запрос на запуск хрона"
"2016-07-17 13:00:01";"Запуск в режиме рассылки"
"2016-07-17 14:00:01";"Запрос на запуск хрона"
"2016-07-17 14:00:01";"Запуск в режиме рассылки"
"2016-07-17 15:00:02";"Запрос на запуск хрона"
"2016-07-17 15:00:02";"Запуск в режиме рассылки"
"2016-07-17 16:00:00";"Запрос на запуск хрона"
"2016-07-17 16:00:00";"Запуск в режиме рассылки"
"2016-07-17 17:00:03";"Запрос на запуск хрона"
"2016-07-17 17:00:04";"Запуск в режиме рассылки"
"2016-07-17 18:00:04";"Запрос на запуск хрона"
"2016-07-17 18:00:04";"Запуск в режиме рассылки"
"2016-07-17 19:00:05";"Запрос на запуск хрона"
"2016-07-17 19:00:05";"Запуск в режиме рассылки"
"2016-07-17 20:00:00";"Запрос на запуск хрона"
"2016-07-17 20:00:00";"Запуск в режиме рассылки"
"2016-07-17 21:00:04";"Запрос на запуск хрона"
"2016-07-17 21:00:04";"Запуск в режиме рассылки"
"2016-07-17 22:00:03";"Запрос на запуск хрона"
"2016-07-17 22:00:03";"Запуск в режиме рассылки"
"2016-07-17 23:00:07";"Запрос на запуск хрона"
"2016-07-17 23:00:08";"Запуск в режиме рассылки"
"2016-07-18 09:00:01";"Запрос на запуск хрона"
"2016-07-18 09:00:01";"Запуск в режиме обслуживания"
"2016-07-18 09:00:01";"Запуск в режиме рассылки"
"2016-07-18 10:00:00";"Запрос на запуск хрона"
"2016-07-18 10:00:00";"Запуск в режиме рассылки"
"2016-07-18 11:00:03";"Запрос на запуск хрона"
"2016-07-18 11:00:03";"Запуск в режиме рассылки"
"2016-07-18 12:00:00";"Запрос на запуск хрона"
"2016-07-18 12:00:00";"Запуск в режиме рассылки"
"2016-07-18 13:00:02";"Запрос на запуск хрона"
"2016-07-18 13:00:02";"Запуск в режиме рассылки"
"2016-07-18 14:00:00";"Запрос на запуск хрона"
"2016-07-18 14:00:00";"Запуск в режиме рассылки"
"2016-07-18 15:00:04";"Запрос на запуск хрона"
"2016-07-18 15:00:04";"Запуск в режиме рассылки"
"2016-07-18 16:00:00";"Запрос на запуск хрона"
"2016-07-18 16:00:00";"Запуск в режиме рассылки"
"2016-07-18 17:00:00";"Запрос на запуск хрона"
"2016-07-18 17:00:00";"Запуск в режиме рассылки"
"2016-07-18 18:00:01";"Запрос на запуск хрона"
"2016-07-18 18:00:01";"Запуск в режиме рассылки"
"2016-07-18 19:00:02";"Запрос на запуск хрона"
"2016-07-18 19:00:02";"Запуск в режиме рассылки"
"2016-07-18 20:00:01";"Запрос на запуск хрона"
"2016-07-18 20:00:01";"Запуск в режиме рассылки"
"2016-07-18 21:00:02";"Запрос на запуск хрона"
"2016-07-18 21:00:02";"Запуск в режиме рассылки"
"2016-07-18 22:00:02";"Запрос на запуск хрона"
"2016-07-18 22:00:02";"Запуск в режиме рассылки"
"2016-07-18 23:00:03";"Запрос на запуск хрона"
"2016-07-18 23:00:03";"Запуск в режиме рассылки"
"2016-07-19 00:00:01";"Запрос на запуск хрона"
"2016-07-19 00:00:01";"Запуск в режиме рассылки"
"2016-07-19 09:00:01";"Запрос на запуск хрона"
"2016-07-19 09:00:01";"Запуск в режиме обслуживания"
"2016-07-19 09:00:01";"Запуск в режиме рассылки"
"2016-07-19 10:00:00";"Запрос на запуск хрона"
"2016-07-19 10:00:00";"Запуск в режиме рассылки"
"2016-07-19 11:00:01";"Запрос на запуск хрона"
"2016-07-19 11:00:01";"Запуск в режиме рассылки"
"2016-07-19 12:00:01";"Запрос на запуск хрона"
"2016-07-19 12:00:01";"Запуск в режиме рассылки"
"2016-07-19 13:00:00";"Запрос на запуск хрона"
"2016-07-19 13:00:00";"Запуск в режиме рассылки"
"2016-07-19 14:00:00";"Запрос на запуск хрона"
"2016-07-19 14:00:00";"Запуск в режиме рассылки"
"2016-07-19 15:00:00";"Запрос на запуск хрона"
"2016-07-19 15:00:00";"Запуск в режиме рассылки"
"2016-07-19 16:00:00";"Запрос на запуск хрона"
"2016-07-19 16:00:00";"Запуск в режиме рассылки"
"2016-07-19 17:00:03";"Запрос на запуск хрона"
"2016-07-19 17:00:03";"Запуск в режиме рассылки"
"2016-07-19 18:00:02";"Запрос на запуск хрона"
"2016-07-19 18:00:02";"Запуск в режиме рассылки"
"2016-07-19 19:00:00";"Запрос на запуск хрона"
"2016-07-19 19:00:00";"Запуск в режиме рассылки"
"2016-07-19 20:00:00";"Запрос на запуск хрона"
"2016-07-19 20:00:00";"Запуск в режиме рассылки"
"2016-07-19 21:00:00";"Запрос на запуск хрона"
"2016-07-19 21:00:00";"Запуск в режиме рассылки"
"2016-07-19 22:00:00";"Запрос на запуск хрона"
"2016-07-19 22:00:00";"Запуск в режиме рассылки"
"2016-07-19 23:00:00";"Запрос на запуск хрона"
"2016-07-19 23:00:00";"Запуск в режиме рассылки"
"2016-07-20 10:00:01";"Запрос на запуск хрона"
"2016-07-20 10:00:01";"Запуск в режиме обслуживания"
"2016-07-20 10:00:01";"Запуск в режиме рассылки"
"2016-07-20 11:00:04";"Запрос на запуск хрона"
"2016-07-20 11:00:04";"Запуск в режиме рассылки"
"2016-07-20 12:00:01";"Запрос на запуск хрона"
"2016-07-20 12:00:01";"Запуск в режиме рассылки"
"2016-07-20 13:00:01";"Запрос на запуск хрона"
"2016-07-20 13:00:01";"Запуск в режиме рассылки"
"2016-07-20 14:00:01";"Запрос на запуск хрона"
"2016-07-20 14:00:01";"Запуск в режиме рассылки"
"2016-07-20 15:00:01";"Запрос на запуск хрона"
"2016-07-20 15:00:01";"Запуск в режиме рассылки"
"2016-07-20 16:00:01";"Запрос на запуск хрона"
"2016-07-20 16:00:01";"Запуск в режиме рассылки"
"2016-07-20 17:00:00";"Запрос на запуск хрона"
"2016-07-20 17:00:00";"Запуск в режиме рассылки"
"2016-07-20 18:00:00";"Запрос на запуск хрона"
"2016-07-20 18:00:00";"Запуск в режиме рассылки"
"2016-07-20 19:00:00";"Запрос на запуск хрона"
"2016-07-20 19:00:00";"Запуск в режиме рассылки"
"2016-07-20 20:00:00";"Запрос на запуск хрона"
"2016-07-20 20:00:00";"Запуск в режиме рассылки"
"2016-07-20 21:00:01";"Запрос на запуск хрона"
"2016-07-20 21:00:01";"Запуск в режиме рассылки"
"2016-07-20 22:00:01";"Запрос на запуск хрона"
"2016-07-20 22:00:01";"Запуск в режиме рассылки"
"2016-07-21 10:00:01";"Запрос на запуск хрона"
"2016-07-21 10:00:01";"Запуск в режиме обслуживания"
"2016-07-21 10:00:01";"Запуск в режиме рассылки"
"2016-07-21 11:00:01";"Запрос на запуск хрона"
"2016-07-21 11:00:01";"Запуск в режиме рассылки"
"2016-07-21 12:00:01";"Запрос на запуск хрона"
"2016-07-21 12:00:01";"Запуск в режиме рассылки"
"2016-07-21 13:00:00";"Запрос на запуск хрона"
"2016-07-21 13:00:00";"Запуск в режиме рассылки"
"2016-07-21 14:00:00";"Запрос на запуск хрона"
"2016-07-21 14:00:00";"Запуск в режиме рассылки"
"2016-07-21 15:00:02";"Запрос на запуск хрона"
"2016-07-21 15:00:02";"Запуск в режиме рассылки"
"2016-07-21 16:00:00";"Запрос на запуск хрона"
"2016-07-21 16:00:00";"Запуск в режиме рассылки"
"2016-07-21 17:00:01";"Запрос на запуск хрона"
"2016-07-21 17:00:01";"Запуск в режиме рассылки"
"2016-07-21 18:00:01";"Запрос на запуск хрона"
"2016-07-21 18:00:01";"Запуск в режиме рассылки"
"2016-07-21 19:00:01";"Запрос на запуск хрона"
"2016-07-21 19:00:01";"Запуск в режиме рассылки"
"2016-07-21 20:00:03";"Запрос на запуск хрона"
"2016-07-21 20:00:03";"Запуск в режиме рассылки"
"2016-07-21 21:00:30";"Запрос на запуск хрона"
"2016-07-21 21:00:30";"Запуск в режиме рассылки"
"2016-07-21 22:00:00";"Запрос на запуск хрона"
"2016-07-21 22:00:00";"Запуск в режиме рассылки"
"2016-07-22 09:00:01";"Запрос на запуск хрона"
"2016-07-22 09:00:01";"Запуск в режиме обслуживания"
"2016-07-22 09:00:01";"Запуск в режиме рассылки"
"2016-07-22 10:00:02";"Запрос на запуск хрона"
"2016-07-22 10:00:02";"Запуск в режиме рассылки"
"2016-07-22 11:00:01";"Запрос на запуск хрона"
"2016-07-22 11:00:01";"Запуск в режиме рассылки"
"2016-07-22 12:00:01";"Запрос на запуск хрона"
"2016-07-22 12:00:01";"Запуск в режиме рассылки"
"2016-07-22 13:00:01";"Запрос на запуск хрона"
"2016-07-22 13:00:01";"Запуск в режиме рассылки"
"2016-07-22 14:00:01";"Запрос на запуск хрона"
"2016-07-22 14:00:01";"Запуск в режиме рассылки"
"2016-07-22 15:00:01";"Запрос на запуск хрона"
"2016-07-22 15:00:01";"Запуск в режиме рассылки"
"2016-07-22 16:00:00";"Запрос на запуск хрона"
"2016-07-22 16:00:00";"Запуск в режиме рассылки"
"2016-07-22 17:00:00";"Запрос на запуск хрона"
"2016-07-22 17:00:00";"Запуск в режиме рассылки"
"2016-07-22 18:00:01";"Запрос на запуск хрона"
"2016-07-22 18:00:01";"Запуск в режиме рассылки"
"2016-07-22 19:00:01";"Запрос на запуск хрона"
"2016-07-22 19:00:01";"Запуск в режиме рассылки"
"2016-07-22 20:00:01";"Запрос на запуск хрона"
"2016-07-22 20:00:01";"Запуск в режиме рассылки"
"2016-07-22 21:00:01";"Запрос на запуск хрона"
"2016-07-22 21:00:01";"Запуск в режиме рассылки"
"2016-07-22 22:00:01";"Запрос на запуск хрона"
"2016-07-22 22:00:01";"Запуск в режиме рассылки"
"2016-07-22 23:00:01";"Запрос на запуск хрона"
"2016-07-22 23:00:01";"Запуск в режиме рассылки"
"2016-07-23 20:00:01";"Запрос на запуск хрона"
"2016-07-23 20:00:01";"Запуск в режиме обслуживания"
"2016-07-23 20:00:01";"Запуск в режиме рассылки"
"2016-07-23 21:00:01";"Запрос на запуск хрона"
"2016-07-23 21:00:01";"Запуск в режиме рассылки"
"2016-07-23 22:00:01";"Запрос на запуск хрона"
"2016-07-23 22:00:01";"Запуск в режиме рассылки"
"2016-07-23 23:00:01";"Запрос на запуск хрона"
"2016-07-23 23:00:01";"Запуск в режиме рассылки"
"2016-07-29 12:00:02";"Запрос на запуск хрона"
"2016-07-29 12:00:02";"Запуск в режиме обслуживания"
"2016-07-29 12:00:02";"Запуск в режиме рассылки"
"2016-07-29 13:00:00";"Запрос на запуск хрона"
"2016-07-29 13:00:00";"Запуск в режиме рассылки"
"2016-07-29 14:00:00";"Запрос на запуск хрона"
"2016-07-29 14:00:00";"Запуск в режиме рассылки"
"2016-07-29 15:00:01";"Запрос на запуск хрона"
"2016-07-29 15:00:01";"Запуск в режиме рассылки"
"2016-07-29 16:00:01";"Запрос на запуск хрона"
"2016-07-29 16:00:01";"Запуск в режиме рассылки"
"2016-07-29 17:00:01";"Запрос на запуск хрона"
"2016-07-29 17:00:01";"Запуск в режиме рассылки"
"2016-07-29 18:00:01";"Запрос на запуск хрона"
"2016-07-29 18:00:01";"Запуск в режиме рассылки"
"2016-07-29 19:00:01";"Запрос на запуск хрона"
"2016-07-29 19:00:01";"Запуск в режиме рассылки"
"2016-07-29 20:00:01";"Запрос на запуск хрона"
"2016-07-29 20:00:01";"Запуск в режиме рассылки"
"2016-07-29 21:00:00";"Запрос на запуск хрона"
"2016-07-29 21:00:00";"Запуск в режиме рассылки"
"2016-07-29 22:00:00";"Запрос на запуск хрона"
"2016-07-29 22:00:00";"Запуск в режиме рассылки"
"2016-07-30 10:00:02";"Запрос на запуск хрона"
"2016-07-30 10:00:02";"Запуск в режиме обслуживания"
"2016-07-30 10:00:02";"Запуск в режиме рассылки"
"2016-07-30 11:00:01";"Запрос на запуск хрона"
"2016-07-30 11:00:01";"Запуск в режиме рассылки"
"2016-07-30 17:00:01";"Запрос на запуск хрона"
"2016-07-30 17:00:01";"Запуск в режиме рассылки"
"2016-07-30 18:00:01";"Запрос на запуск хрона"
"2016-07-30 18:00:01";"Запуск в режиме рассылки"
"2016-07-30 19:00:00";"Запрос на запуск хрона"
"2016-07-30 19:00:00";"Запуск в режиме рассылки"
"2016-07-30 20:00:00";"Запрос на запуск хрона"
"2016-07-30 20:00:00";"Запуск в режиме рассылки"
"2016-07-30 21:00:01";"Запрос на запуск хрона"
"2016-07-30 21:00:01";"Запуск в режиме рассылки"
"2016-07-31 13:00:01";"Запрос на запуск хрона"
"2016-07-31 13:00:01";"Запуск в режиме обслуживания"
"2016-07-31 13:00:01";"Запуск в режиме рассылки"
"2016-07-31 13:00:57";"Запрос на запуск хрона"
"2016-08-01 07:00:01";"Запрос на запуск хрона"
"2016-08-01 07:00:01";"Запуск в режиме рассылки"
"2016-08-01 07:00:01";"Запуск в режиме архивации журналов"
