"2017-04-01 10:00:00";"Запрос на запуск хрона"
"2017-04-01 10:00:00";"Запуск в режиме рассылки"
"2017-04-01 11:00:01";"Запрос на запуск хрона"
"2017-04-01 11:00:01";"Запуск в режиме рассылки"
"2017-04-01 12:00:01";"Запрос на запуск хрона"
"2017-04-01 12:00:01";"Запуск в режиме рассылки"
"2017-04-01 13:00:01";"Запрос на запуск хрона"
"2017-04-01 13:00:01";"Запуск в режиме рассылки"
"2017-04-01 14:00:01";"Запрос на запуск хрона"
"2017-04-01 14:00:01";"Запуск в режиме рассылки"
"2017-04-01 15:00:00";"Запрос на запуск хрона"
"2017-04-01 15:00:00";"Запуск в режиме рассылки"
"2017-04-01 16:00:00";"Запрос на запуск хрона"
"2017-04-01 16:00:00";"Запуск в режиме рассылки"
"2017-04-01 17:00:00";"Запрос на запуск хрона"
"2017-04-01 17:00:00";"Запуск в режиме рассылки"
"2017-04-01 18:00:00";"Запрос на запуск хрона"
"2017-04-01 18:00:00";"Запуск в режиме рассылки"
"2017-04-01 19:00:01";"Запрос на запуск хрона"
"2017-04-01 19:00:01";"Запуск в режиме рассылки"
"2017-04-01 20:00:01";"Запрос на запуск хрона"
"2017-04-01 20:00:01";"Запуск в режиме рассылки"
"2017-04-01 21:00:01";"Запрос на запуск хрона"
"2017-04-01 21:00:01";"Запуск в режиме рассылки"
"2017-04-01 22:00:00";"Запрос на запуск хрона"
"2017-04-01 22:00:00";"Запуск в режиме рассылки"
"2017-04-02 08:00:01";"Запрос на запуск хрона"
"2017-04-02 08:00:01";"Запуск в режиме обслуживания"
"2017-04-02 08:00:01";"Запуск в режиме рассылки"
"2017-04-02 09:00:01";"Запрос на запуск хрона"
"2017-04-02 09:00:01";"Запуск в режиме рассылки"
"2017-04-02 10:00:00";"Запрос на запуск хрона"
"2017-04-02 10:00:00";"Запуск в режиме рассылки"
"2017-04-02 11:00:00";"Запрос на запуск хрона"
"2017-04-02 11:00:00";"Запуск в режиме рассылки"
"2017-04-02 12:00:00";"Запрос на запуск хрона"
"2017-04-02 12:00:00";"Запуск в режиме рассылки"
"2017-04-02 13:00:01";"Запрос на запуск хрона"
"2017-04-02 13:00:01";"Запуск в режиме рассылки"
"2017-04-02 14:00:01";"Запрос на запуск хрона"
"2017-04-02 14:00:01";"Запуск в режиме рассылки"
"2017-04-02 15:00:01";"Запрос на запуск хрона"
"2017-04-02 15:00:01";"Запуск в режиме рассылки"
"2017-04-02 16:00:01";"Запрос на запуск хрона"
"2017-04-02 16:00:01";"Запуск в режиме рассылки"
"2017-04-02 17:00:01";"Запрос на запуск хрона"
"2017-04-02 17:00:01";"Запуск в режиме рассылки"
"2017-04-02 18:00:00";"Запрос на запуск хрона"
"2017-04-02 18:00:00";"Запуск в режиме рассылки"
"2017-04-02 19:00:00";"Запрос на запуск хрона"
"2017-04-02 19:00:00";"Запуск в режиме рассылки"
"2017-04-02 20:00:00";"Запрос на запуск хрона"
"2017-04-02 20:00:00";"Запуск в режиме рассылки"
"2017-04-02 21:00:01";"Запрос на запуск хрона"
"2017-04-02 21:00:01";"Запуск в режиме рассылки"
"2017-04-02 22:00:03";"Запрос на запуск хрона"
"2017-04-02 22:00:03";"Запуск в режиме рассылки"
"2017-04-02 23:00:01";"Запрос на запуск хрона"
"2017-04-02 23:00:01";"Запуск в режиме рассылки"
"2017-04-03 00:00:01";"Запрос на запуск хрона"
"2017-04-03 00:00:01";"Запуск в режиме рассылки"
"2017-04-03 01:00:01";"Запрос на запуск хрона"
"2017-04-03 01:00:01";"Запуск в режиме рассылки"
"2017-04-03 02:00:00";"Запрос на запуск хрона"
"2017-04-03 02:00:00";"Запуск в режиме рассылки"
"2017-04-03 03:00:01";"Запрос на запуск хрона"
"2017-04-03 03:00:01";"Запуск в режиме рассылки"
"2017-04-03 04:00:01";"Запрос на запуск хрона"
"2017-04-03 04:00:01";"Запуск в режиме рассылки"
"2017-04-03 05:00:01";"Запрос на запуск хрона"
"2017-04-03 05:00:01";"Запуск в режиме рассылки"
"2017-04-03 06:00:01";"Запрос на запуск хрона"
"2017-04-03 06:00:01";"Запуск в режиме рассылки"
"2017-04-03 07:00:00";"Запрос на запуск хрона"
"2017-04-03 07:00:00";"Запуск в режиме рассылки"
"2017-04-03 08:00:00";"Запрос на запуск хрона"
"2017-04-03 08:00:00";"Запуск в режиме обслуживания"
"2017-04-03 08:00:00";"Запуск в режиме рассылки"
"2017-04-03 09:00:00";"Запрос на запуск хрона"
"2017-04-03 09:00:00";"Запуск в режиме рассылки"
"2017-04-03 10:00:01";"Запрос на запуск хрона"
"2017-04-03 10:00:01";"Запуск в режиме рассылки"
"2017-04-03 11:00:01";"Запрос на запуск хрона"
"2017-04-03 11:00:01";"Запуск в режиме рассылки"
"2017-04-03 12:00:00";"Запрос на запуск хрона"
"2017-04-03 12:00:00";"Запуск в режиме рассылки"
"2017-04-03 13:00:01";"Запрос на запуск хрона"
"2017-04-03 13:00:01";"Запуск в режиме рассылки"
"2017-04-03 14:00:01";"Запрос на запуск хрона"
"2017-04-03 14:00:01";"Запуск в режиме рассылки"
"2017-04-03 15:00:01";"Запрос на запуск хрона"
"2017-04-03 15:00:01";"Запуск в режиме рассылки"
"2017-04-03 16:00:02";"Запрос на запуск хрона"
"2017-04-03 16:00:02";"Запуск в режиме рассылки"
"2017-04-03 17:00:01";"Запрос на запуск хрона"
"2017-04-03 17:00:01";"Запуск в режиме рассылки"
"2017-04-03 18:00:01";"Запрос на запуск хрона"
"2017-04-03 18:00:01";"Запуск в режиме рассылки"
"2017-04-03 19:00:01";"Запрос на запуск хрона"
"2017-04-03 19:00:01";"Запуск в режиме рассылки"
"2017-04-03 20:00:01";"Запрос на запуск хрона"
"2017-04-03 20:00:01";"Запуск в режиме рассылки"
"2017-04-03 21:00:01";"Запрос на запуск хрона"
"2017-04-03 21:00:01";"Запуск в режиме рассылки"
"2017-04-03 22:00:00";"Запрос на запуск хрона"
"2017-04-03 22:00:00";"Запуск в режиме рассылки"
"2017-04-04 09:00:01";"Запрос на запуск хрона"
"2017-04-04 09:00:01";"Запуск в режиме обслуживания"
"2017-04-04 09:00:01";"Запуск в режиме рассылки"
"2017-04-04 17:00:01";"Запрос на запуск хрона"
"2017-04-04 17:00:01";"Запуск в режиме рассылки"
"2017-04-04 18:00:00";"Запрос на запуск хрона"
"2017-04-04 18:00:00";"Запуск в режиме рассылки"
"2017-04-04 19:00:00";"Запрос на запуск хрона"
"2017-04-04 19:00:00";"Запуск в режиме рассылки"
"2017-04-04 20:00:01";"Запрос на запуск хрона"
"2017-04-04 20:00:01";"Запуск в режиме рассылки"
"2017-04-04 21:00:01";"Запрос на запуск хрона"
"2017-04-04 21:00:01";"Запуск в режиме рассылки"
"2017-04-04 22:00:00";"Запрос на запуск хрона"
"2017-04-04 22:00:00";"Запуск в режиме рассылки"
"2017-04-05 08:00:02";"Запрос на запуск хрона"
"2017-04-05 08:00:02";"Запуск в режиме обслуживания"
"2017-04-05 08:00:02";"Запуск в режиме рассылки"
"2017-04-05 09:00:00";"Запрос на запуск хрона"
"2017-04-05 09:00:00";"Запуск в режиме рассылки"
"2017-04-05 10:00:00";"Запрос на запуск хрона"
"2017-04-05 10:00:00";"Запуск в режиме рассылки"
"2017-04-05 11:00:02";"Запрос на запуск хрона"
"2017-04-05 11:00:02";"Запуск в режиме рассылки"
"2017-04-05 12:00:01";"Запрос на запуск хрона"
"2017-04-05 12:00:01";"Запуск в режиме рассылки"
"2017-04-05 13:00:01";"Запрос на запуск хрона"
"2017-04-05 13:00:01";"Запуск в режиме рассылки"
"2017-04-05 14:00:00";"Запрос на запуск хрона"
"2017-04-05 14:00:00";"Запуск в режиме рассылки"
"2017-04-05 15:00:00";"Запрос на запуск хрона"
"2017-04-05 15:00:00";"Запуск в режиме рассылки"
"2017-04-05 16:00:01";"Запрос на запуск хрона"
"2017-04-05 16:00:01";"Запуск в режиме рассылки"
"2017-04-05 17:00:00";"Запрос на запуск хрона"
"2017-04-05 17:00:00";"Запуск в режиме рассылки"
"2017-04-05 18:00:01";"Запрос на запуск хрона"
"2017-04-05 18:00:01";"Запуск в режиме рассылки"
"2017-04-05 19:00:00";"Запрос на запуск хрона"
"2017-04-05 19:00:00";"Запуск в режиме рассылки"
"2017-04-05 20:00:01";"Запрос на запуск хрона"
"2017-04-05 20:00:01";"Запуск в режиме рассылки"
"2017-04-05 21:00:01";"Запрос на запуск хрона"
"2017-04-05 21:00:01";"Запуск в режиме рассылки"
"2017-04-06 09:00:01";"Запрос на запуск хрона"
"2017-04-06 09:00:01";"Запуск в режиме обслуживания"
"2017-04-06 09:00:01";"Обслуживание. Добавлено писем в рассылочную базу - 1 шт."
"2017-04-06 09:00:01";"Запуск в режиме рассылки"
"2017-04-06 09:00:03";"Рассылка. Разослано писем - 1 шт."
"2017-04-06 10:00:01";"Запрос на запуск хрона"
"2017-04-06 10:00:01";"Запуск в режиме рассылки"
"2017-04-06 11:00:01";"Запрос на запуск хрона"
"2017-04-06 11:00:01";"Запуск в режиме рассылки"
"2017-04-06 12:00:01";"Запрос на запуск хрона"
"2017-04-06 12:00:01";"Запуск в режиме рассылки"
"2017-04-06 13:00:01";"Запрос на запуск хрона"
"2017-04-06 13:00:01";"Запуск в режиме рассылки"
"2017-04-06 14:00:01";"Запрос на запуск хрона"
"2017-04-06 14:00:01";"Запуск в режиме рассылки"
"2017-04-06 15:00:01";"Запрос на запуск хрона"
"2017-04-06 15:00:01";"Запуск в режиме рассылки"
"2017-04-06 16:00:00";"Запрос на запуск хрона"
"2017-04-06 16:00:00";"Запуск в режиме рассылки"
"2017-04-06 17:00:01";"Запрос на запуск хрона"
"2017-04-06 17:00:01";"Запуск в режиме рассылки"
"2017-04-06 18:00:01";"Запрос на запуск хрона"
"2017-04-06 18:00:01";"Запуск в режиме рассылки"
"2017-04-06 19:00:00";"Запрос на запуск хрона"
"2017-04-06 19:00:00";"Запуск в режиме рассылки"
"2017-04-06 20:00:00";"Запрос на запуск хрона"
"2017-04-06 20:00:00";"Запуск в режиме рассылки"
"2017-04-06 21:00:00";"Запрос на запуск хрона"
"2017-04-06 21:00:00";"Запуск в режиме рассылки"
"2017-04-06 22:00:00";"Запрос на запуск хрона"
"2017-04-06 22:00:00";"Запуск в режиме рассылки"
"2017-04-07 10:00:10";"Запрос на запуск хрона"
"2017-04-07 10:00:10";"Запуск в режиме обслуживания"
"2017-04-07 10:00:14";"Обслуживание. Добавлено писем в рассылочную базу - 2 шт."
"2017-04-07 10:00:14";"Запуск в режиме рассылки"
"2017-04-07 10:00:19";"Рассылка. Разослано писем - 2 шт."
"2017-04-07 11:00:01";"Запрос на запуск хрона"
"2017-04-07 11:00:01";"Запуск в режиме рассылки"
"2017-04-07 12:00:01";"Запрос на запуск хрона"
"2017-04-07 12:00:01";"Запуск в режиме рассылки"
"2017-04-07 13:00:01";"Запрос на запуск хрона"
"2017-04-07 13:00:01";"Запуск в режиме рассылки"
"2017-04-07 14:00:00";"Запрос на запуск хрона"
"2017-04-07 14:00:00";"Запуск в режиме рассылки"
"2017-04-07 15:00:00";"Запрос на запуск хрона"
"2017-04-07 15:00:00";"Запуск в режиме рассылки"
"2017-04-07 16:00:00";"Запрос на запуск хрона"
"2017-04-07 16:00:00";"Запуск в режиме рассылки"
"2017-04-07 17:00:01";"Запрос на запуск хрона"
"2017-04-07 17:00:01";"Запуск в режиме рассылки"
"2017-04-07 18:00:00";"Запрос на запуск хрона"
"2017-04-07 18:00:00";"Запуск в режиме рассылки"
"2017-04-07 19:00:00";"Запрос на запуск хрона"
"2017-04-07 19:00:00";"Запуск в режиме рассылки"
"2017-04-07 20:00:00";"Запрос на запуск хрона"
"2017-04-07 20:00:00";"Запуск в режиме рассылки"
"2017-04-07 21:00:00";"Запрос на запуск хрона"
"2017-04-07 21:00:00";"Запуск в режиме рассылки"
"2017-04-07 22:00:00";"Запрос на запуск хрона"
"2017-04-07 22:00:00";"Запуск в режиме рассылки"
"2017-04-08 10:00:00";"Запрос на запуск хрона"
"2017-04-08 10:00:00";"Запуск в режиме обслуживания"
"2017-04-08 10:00:01";"Обслуживание. Добавлено писем в рассылочную базу - 1 шт."
"2017-04-08 10:00:01";"Запуск в режиме рассылки"
"2017-04-08 10:00:14";"Рассылка. Разослано писем - 1 шт."
"2017-04-08 11:00:00";"Запрос на запуск хрона"
"2017-04-08 11:00:00";"Запуск в режиме рассылки"
"2017-04-08 12:00:00";"Запрос на запуск хрона"
"2017-04-08 12:00:00";"Запуск в режиме рассылки"
"2017-04-08 13:00:00";"Запрос на запуск хрона"
"2017-04-08 13:00:00";"Запуск в режиме рассылки"
"2017-04-08 14:00:00";"Запрос на запуск хрона"
"2017-04-08 14:00:00";"Запуск в режиме рассылки"
"2017-04-08 15:00:00";"Запрос на запуск хрона"
"2017-04-08 15:00:00";"Запуск в режиме рассылки"
"2017-04-08 16:00:00";"Запрос на запуск хрона"
"2017-04-08 16:00:00";"Запуск в режиме рассылки"
"2017-04-09 08:00:01";"Запрос на запуск хрона"
"2017-04-09 08:00:01";"Запуск в режиме обслуживания"
"2017-04-09 08:00:01";"Запуск в режиме рассылки"
"2017-04-09 09:00:01";"Запрос на запуск хрона"
"2017-04-09 09:00:01";"Запуск в режиме рассылки"
"2017-04-09 10:00:00";"Запрос на запуск хрона"
"2017-04-09 10:00:00";"Запуск в режиме рассылки"
"2017-04-09 11:00:01";"Запрос на запуск хрона"
"2017-04-09 11:00:01";"Запуск в режиме рассылки"
"2017-04-09 12:00:00";"Запрос на запуск хрона"
"2017-04-09 12:00:00";"Запуск в режиме рассылки"
"2017-04-09 13:00:00";"Запрос на запуск хрона"
"2017-04-09 13:00:00";"Запуск в режиме рассылки"
"2017-04-09 14:00:02";"Запрос на запуск хрона"
"2017-04-09 14:00:02";"Запуск в режиме рассылки"
"2017-04-09 15:00:00";"Запрос на запуск хрона"
"2017-04-09 15:00:00";"Запуск в режиме рассылки"
"2017-04-09 16:00:01";"Запрос на запуск хрона"
"2017-04-09 16:00:01";"Запуск в режиме рассылки"
"2017-04-09 17:00:01";"Запрос на запуск хрона"
"2017-04-09 17:00:01";"Запуск в режиме рассылки"
"2017-04-09 18:00:00";"Запрос на запуск хрона"
"2017-04-09 18:00:00";"Запуск в режиме рассылки"
"2017-04-09 19:00:01";"Запрос на запуск хрона"
"2017-04-09 19:00:01";"Запуск в режиме рассылки"
"2017-04-09 20:00:01";"Запрос на запуск хрона"
"2017-04-09 20:00:01";"Запуск в режиме рассылки"
"2017-04-09 21:00:00";"Запрос на запуск хрона"
"2017-04-09 21:00:00";"Запуск в режиме рассылки"
"2017-04-10 10:00:01";"Запрос на запуск хрона"
"2017-04-10 10:00:01";"Запуск в режиме обслуживания"
"2017-04-10 10:00:02";"Запуск в режиме рассылки"
"2017-04-10 11:00:00";"Запрос на запуск хрона"
"2017-04-10 11:00:00";"Запуск в режиме рассылки"
"2017-04-10 12:00:00";"Запрос на запуск хрона"
"2017-04-10 12:00:00";"Запуск в режиме рассылки"
"2017-04-10 13:00:00";"Запрос на запуск хрона"
"2017-04-10 13:00:00";"Запуск в режиме рассылки"
"2017-04-10 14:00:00";"Запрос на запуск хрона"
"2017-04-10 14:00:00";"Запуск в режиме рассылки"
"2017-04-10 15:00:00";"Запрос на запуск хрона"
"2017-04-10 15:00:00";"Запуск в режиме рассылки"
"2017-04-10 16:00:00";"Запрос на запуск хрона"
"2017-04-10 16:00:00";"Запуск в режиме рассылки"
"2017-04-10 17:00:00";"Запрос на запуск хрона"
"2017-04-10 17:00:00";"Запуск в режиме рассылки"
"2017-04-10 18:00:00";"Запрос на запуск хрона"
"2017-04-10 18:00:00";"Запуск в режиме рассылки"
"2017-04-10 19:00:00";"Запрос на запуск хрона"
"2017-04-10 19:00:00";"Запуск в режиме рассылки"
"2017-04-10 20:00:00";"Запрос на запуск хрона"
"2017-04-10 20:00:00";"Запуск в режиме рассылки"
"2017-04-10 21:00:00";"Запрос на запуск хрона"
"2017-04-10 21:00:00";"Запуск в режиме рассылки"
"2017-04-11 09:00:00";"Запрос на запуск хрона"
"2017-04-11 09:00:00";"Запуск в режиме обслуживания"
"2017-04-11 09:00:01";"Запуск в режиме рассылки"
"2017-04-11 10:00:00";"Запрос на запуск хрона"
"2017-04-11 10:00:00";"Запуск в режиме рассылки"
"2017-04-11 11:00:01";"Запрос на запуск хрона"
"2017-04-11 11:00:01";"Запуск в режиме рассылки"
"2017-04-11 12:00:01";"Запрос на запуск хрона"
"2017-04-11 12:00:02";"Запуск в режиме рассылки"
"2017-04-11 13:00:01";"Запрос на запуск хрона"
"2017-04-11 13:00:01";"Запуск в режиме рассылки"
"2017-04-11 14:00:00";"Запрос на запуск хрона"
"2017-04-11 14:00:00";"Запуск в режиме рассылки"
"2017-04-11 15:00:00";"Запрос на запуск хрона"
"2017-04-11 15:00:00";"Запуск в режиме рассылки"
"2017-04-11 16:00:00";"Запрос на запуск хрона"
"2017-04-11 16:00:00";"Запуск в режиме рассылки"
"2017-04-11 17:00:00";"Запрос на запуск хрона"
"2017-04-11 17:00:00";"Запуск в режиме рассылки"
"2017-04-11 18:00:00";"Запрос на запуск хрона"
"2017-04-11 18:00:00";"Запуск в режиме рассылки"
"2017-04-11 19:00:01";"Запрос на запуск хрона"
"2017-04-11 19:00:01";"Запуск в режиме рассылки"
"2017-04-11 20:00:01";"Запрос на запуск хрона"
"2017-04-11 20:00:01";"Запуск в режиме рассылки"
"2017-04-11 21:00:00";"Запрос на запуск хрона"
"2017-04-11 21:00:00";"Запуск в режиме рассылки"
"2017-04-12 10:00:02";"Запрос на запуск хрона"
"2017-04-12 10:00:02";"Запуск в режиме обслуживания"
"2017-04-12 10:00:02";"Запуск в режиме рассылки"
"2017-04-12 11:00:01";"Запрос на запуск хрона"
"2017-04-12 11:00:01";"Запуск в режиме рассылки"
"2017-04-12 12:00:00";"Запрос на запуск хрона"
"2017-04-12 12:00:01";"Запуск в режиме рассылки"
"2017-04-12 13:00:01";"Запрос на запуск хрона"
"2017-04-12 13:00:01";"Запуск в режиме рассылки"
"2017-04-12 14:00:01";"Запрос на запуск хрона"
"2017-04-12 14:00:01";"Запуск в режиме рассылки"
"2017-04-12 15:00:01";"Запрос на запуск хрона"
"2017-04-12 15:00:01";"Запуск в режиме рассылки"
"2017-04-12 16:00:01";"Запрос на запуск хрона"
"2017-04-12 16:00:01";"Запуск в режиме рассылки"
"2017-04-12 17:00:00";"Запрос на запуск хрона"
"2017-04-12 17:00:01";"Запуск в режиме рассылки"
"2017-04-12 18:00:00";"Запрос на запуск хрона"
"2017-04-12 18:00:00";"Запуск в режиме рассылки"
"2017-04-12 19:00:00";"Запрос на запуск хрона"
"2017-04-12 19:00:00";"Запуск в режиме рассылки"
"2017-04-12 20:00:01";"Запрос на запуск хрона"
"2017-04-12 20:00:01";"Запуск в режиме рассылки"
"2017-04-12 21:00:00";"Запрос на запуск хрона"
"2017-04-12 21:00:01";"Запуск в режиме рассылки"
"2017-04-13 09:00:01";"Запрос на запуск хрона"
"2017-04-13 09:00:01";"Запуск в режиме обслуживания"
"2017-04-13 09:00:01";"Запуск в режиме рассылки"
"2017-04-13 10:00:00";"Запрос на запуск хрона"
"2017-04-13 10:00:00";"Запуск в режиме рассылки"
"2017-04-13 11:00:01";"Запрос на запуск хрона"
"2017-04-13 11:00:01";"Запуск в режиме рассылки"
"2017-04-13 12:00:00";"Запрос на запуск хрона"
"2017-04-13 12:00:00";"Запуск в режиме рассылки"
"2017-04-13 13:00:00";"Запрос на запуск хрона"
"2017-04-13 13:00:00";"Запуск в режиме рассылки"
"2017-04-13 14:00:00";"Запрос на запуск хрона"
"2017-04-13 14:00:00";"Запуск в режиме рассылки"
"2017-04-13 15:00:00";"Запрос на запуск хрона"
"2017-04-13 15:00:00";"Запуск в режиме рассылки"
"2017-04-13 16:00:01";"Запрос на запуск хрона"
"2017-04-13 16:00:01";"Запуск в режиме рассылки"
"2017-04-13 17:00:01";"Запрос на запуск хрона"
"2017-04-13 17:00:02";"Запуск в режиме рассылки"
"2017-04-13 18:00:01";"Запрос на запуск хрона"
"2017-04-13 18:00:01";"Запуск в режиме рассылки"
"2017-04-13 19:00:01";"Запрос на запуск хрона"
"2017-04-13 19:00:01";"Запуск в режиме рассылки"
"2017-04-13 20:00:01";"Запрос на запуск хрона"
"2017-04-13 20:00:01";"Запуск в режиме рассылки"
"2017-04-13 21:00:01";"Запрос на запуск хрона"
"2017-04-13 21:00:01";"Запуск в режиме рассылки"
"2017-04-14 21:00:01";"Запрос на запуск хрона"
"2017-04-14 21:00:01";"Запуск в режиме обслуживания"
"2017-04-14 21:00:02";"Запуск в режиме рассылки"
"2017-04-15 10:00:01";"Запрос на запуск хрона"
"2017-04-15 10:00:01";"Запуск в режиме обслуживания"
"2017-04-15 10:00:01";"Запуск в режиме рассылки"
"2017-04-15 11:00:00";"Запрос на запуск хрона"
"2017-04-15 11:00:00";"Запуск в режиме рассылки"
"2017-04-15 12:00:01";"Запрос на запуск хрона"
"2017-04-15 12:00:01";"Запуск в режиме рассылки"
"2017-04-15 13:00:00";"Запрос на запуск хрона"
"2017-04-15 13:00:00";"Запуск в режиме рассылки"
"2017-04-15 14:00:00";"Запрос на запуск хрона"
"2017-04-15 14:00:00";"Запуск в режиме рассылки"
"2017-04-15 15:00:00";"Запрос на запуск хрона"
"2017-04-15 15:00:00";"Запуск в режиме рассылки"
"2017-04-15 16:00:01";"Запрос на запуск хрона"
"2017-04-15 16:00:01";"Запуск в режиме рассылки"
"2017-04-15 17:00:00";"Запрос на запуск хрона"
"2017-04-15 17:00:00";"Запуск в режиме рассылки"
"2017-04-15 18:00:01";"Запрос на запуск хрона"
"2017-04-15 18:00:01";"Запуск в режиме рассылки"
"2017-04-15 19:00:00";"Запрос на запуск хрона"
"2017-04-15 19:00:00";"Запуск в режиме рассылки"
"2017-04-15 20:00:00";"Запрос на запуск хрона"
"2017-04-15 20:00:00";"Запуск в режиме рассылки"
"2017-04-15 21:00:00";"Запрос на запуск хрона"
"2017-04-15 21:00:00";"Запуск в режиме рассылки"
"2017-04-15 22:00:00";"Запрос на запуск хрона"
"2017-04-15 22:00:01";"Запуск в режиме рассылки"
"2017-04-16 09:00:01";"Запрос на запуск хрона"
"2017-04-16 09:00:01";"Запуск в режиме обслуживания"
"2017-04-16 09:00:01";"Запуск в режиме рассылки"
"2017-04-16 10:00:00";"Запрос на запуск хрона"
"2017-04-16 10:00:00";"Запуск в режиме рассылки"
"2017-04-16 11:00:00";"Запрос на запуск хрона"
"2017-04-16 11:00:00";"Запуск в режиме рассылки"
"2017-04-16 12:00:00";"Запрос на запуск хрона"
"2017-04-16 12:00:00";"Запуск в режиме рассылки"
"2017-04-16 13:00:00";"Запрос на запуск хрона"
"2017-04-16 13:00:00";"Запуск в режиме рассылки"
"2017-04-16 14:00:01";"Запрос на запуск хрона"
"2017-04-16 14:00:01";"Запуск в режиме рассылки"
"2017-04-16 15:00:00";"Запрос на запуск хрона"
"2017-04-16 15:00:00";"Запуск в режиме рассылки"
"2017-04-16 16:00:00";"Запрос на запуск хрона"
"2017-04-16 16:00:00";"Запуск в режиме рассылки"
"2017-04-16 17:00:00";"Запрос на запуск хрона"
"2017-04-16 17:00:00";"Запуск в режиме рассылки"
"2017-04-16 18:00:00";"Запрос на запуск хрона"
"2017-04-16 18:00:00";"Запуск в режиме рассылки"
"2017-04-16 19:00:00";"Запрос на запуск хрона"
"2017-04-16 19:00:00";"Запуск в режиме рассылки"
"2017-04-16 20:00:01";"Запрос на запуск хрона"
"2017-04-16 20:00:01";"Запуск в режиме рассылки"
"2017-04-16 21:00:01";"Запрос на запуск хрона"
"2017-04-16 21:00:01";"Запуск в режиме рассылки"
"2017-04-17 08:00:01";"Запрос на запуск хрона"
"2017-04-17 08:00:01";"Запуск в режиме обслуживания"
"2017-04-17 08:00:01";"Запуск в режиме рассылки"
"2017-04-17 09:00:00";"Запрос на запуск хрона"
"2017-04-17 09:00:00";"Запуск в режиме рассылки"
"2017-04-17 10:00:00";"Запрос на запуск хрона"
"2017-04-17 10:00:00";"Запуск в режиме рассылки"
"2017-04-17 11:00:00";"Запрос на запуск хрона"
"2017-04-17 11:00:00";"Запуск в режиме рассылки"
"2017-04-17 12:00:00";"Запрос на запуск хрона"
"2017-04-17 12:00:00";"Запуск в режиме рассылки"
"2017-04-17 13:00:01";"Запрос на запуск хрона"
"2017-04-17 13:00:01";"Запуск в режиме рассылки"
"2017-04-18 08:00:02";"Запрос на запуск хрона"
"2017-04-18 08:00:02";"Запуск в режиме обслуживания"
"2017-04-18 08:00:02";"Запуск в режиме рассылки"
"2017-04-18 09:00:01";"Запрос на запуск хрона"
"2017-04-18 09:00:01";"Запуск в режиме рассылки"
"2017-04-18 10:00:01";"Запрос на запуск хрона"
"2017-04-18 10:00:01";"Запуск в режиме рассылки"
"2017-04-18 11:00:00";"Запрос на запуск хрона"
"2017-04-18 11:00:00";"Запуск в режиме рассылки"
"2017-04-18 12:00:01";"Запрос на запуск хрона"
"2017-04-18 12:00:01";"Запуск в режиме рассылки"
"2017-04-18 13:00:01";"Запрос на запуск хрона"
"2017-04-18 13:00:01";"Запуск в режиме рассылки"
"2017-04-18 14:00:01";"Запрос на запуск хрона"
"2017-04-18 14:00:01";"Запуск в режиме рассылки"
"2017-04-18 15:00:01";"Запрос на запуск хрона"
"2017-04-18 15:00:01";"Запуск в режиме рассылки"
"2017-04-18 16:00:00";"Запрос на запуск хрона"
"2017-04-18 16:00:00";"Запуск в режиме рассылки"
"2017-04-18 17:00:00";"Запрос на запуск хрона"
"2017-04-18 17:00:00";"Запуск в режиме рассылки"
"2017-04-18 18:00:00";"Запрос на запуск хрона"
"2017-04-18 18:00:00";"Запуск в режиме рассылки"
"2017-04-19 09:00:01";"Запрос на запуск хрона"
"2017-04-19 09:00:01";"Запуск в режиме обслуживания"
"2017-04-19 09:00:01";"Запуск в режиме рассылки"
"2017-04-19 10:00:00";"Запрос на запуск хрона"
"2017-04-19 10:00:00";"Запуск в режиме рассылки"
"2017-04-19 11:00:01";"Запрос на запуск хрона"
"2017-04-19 11:00:01";"Запуск в режиме рассылки"
"2017-04-19 12:00:00";"Запрос на запуск хрона"
"2017-04-19 12:00:00";"Запуск в режиме рассылки"
"2017-04-19 13:00:02";"Запрос на запуск хрона"
"2017-04-19 13:00:02";"Запуск в режиме рассылки"
"2017-04-19 14:00:01";"Запрос на запуск хрона"
"2017-04-19 14:00:01";"Запуск в режиме рассылки"
"2017-04-19 15:00:01";"Запрос на запуск хрона"
"2017-04-19 15:00:01";"Запуск в режиме рассылки"
"2017-04-19 16:00:00";"Запрос на запуск хрона"
"2017-04-19 16:00:00";"Запуск в режиме рассылки"
"2017-04-19 17:00:03";"Запрос на запуск хрона"
"2017-04-19 17:00:03";"Запуск в режиме рассылки"
"2017-04-19 18:00:00";"Запрос на запуск хрона"
"2017-04-19 18:00:00";"Запуск в режиме рассылки"
"2017-04-19 19:00:02";"Запрос на запуск хрона"
"2017-04-19 19:00:02";"Запуск в режиме рассылки"
"2017-04-19 20:00:00";"Запрос на запуск хрона"
"2017-04-19 20:00:00";"Запуск в режиме рассылки"
"2017-04-19 21:00:00";"Запрос на запуск хрона"
"2017-04-19 21:00:00";"Запуск в режиме рассылки"
"2017-04-20 10:00:01";"Запрос на запуск хрона"
"2017-04-20 10:00:01";"Запуск в режиме обслуживания"
"2017-04-20 10:00:01";"Запуск в режиме рассылки"
"2017-04-20 11:00:00";"Запрос на запуск хрона"
"2017-04-20 11:00:00";"Запуск в режиме рассылки"
"2017-04-20 12:00:00";"Запрос на запуск хрона"
"2017-04-20 12:00:00";"Запуск в режиме рассылки"
"2017-04-20 13:00:00";"Запрос на запуск хрона"
"2017-04-20 13:00:00";"Запуск в режиме рассылки"
"2017-04-20 14:00:00";"Запрос на запуск хрона"
"2017-04-20 14:00:00";"Запуск в режиме рассылки"
"2017-04-20 15:00:00";"Запрос на запуск хрона"
"2017-04-20 15:00:00";"Запуск в режиме рассылки"
"2017-04-20 16:00:01";"Запрос на запуск хрона"
"2017-04-20 16:00:01";"Запуск в режиме рассылки"
"2017-04-20 17:00:00";"Запрос на запуск хрона"
"2017-04-20 17:00:00";"Запуск в режиме рассылки"
"2017-04-20 18:00:00";"Запрос на запуск хрона"
"2017-04-20 18:00:00";"Запуск в режиме рассылки"
"2017-04-20 19:00:01";"Запрос на запуск хрона"
"2017-04-20 19:00:01";"Запуск в режиме рассылки"
"2017-04-20 20:00:01";"Запрос на запуск хрона"
"2017-04-20 20:00:01";"Запуск в режиме рассылки"
"2017-04-20 21:00:01";"Запрос на запуск хрона"
"2017-04-20 21:00:01";"Запуск в режиме рассылки"
"2017-04-20 22:00:01";"Запрос на запуск хрона"
"2017-04-20 22:00:01";"Запуск в режиме рассылки"
"2017-04-21 09:00:01";"Запрос на запуск хрона"
"2017-04-21 09:00:01";"Запуск в режиме обслуживания"
"2017-04-21 09:00:02";"Запуск в режиме рассылки"
"2017-04-21 10:00:00";"Запрос на запуск хрона"
"2017-04-21 10:00:00";"Запуск в режиме рассылки"
"2017-04-21 11:00:00";"Запрос на запуск хрона"
"2017-04-21 11:00:00";"Запуск в режиме рассылки"
"2017-04-21 12:00:00";"Запрос на запуск хрона"
"2017-04-21 12:00:00";"Запуск в режиме рассылки"
"2017-04-21 13:00:00";"Запрос на запуск хрона"
"2017-04-21 13:00:00";"Запуск в режиме рассылки"
"2017-04-21 14:00:01";"Запрос на запуск хрона"
"2017-04-21 14:00:01";"Запуск в режиме рассылки"
"2017-04-21 15:00:02";"Запрос на запуск хрона"
"2017-04-21 15:00:02";"Запуск в режиме рассылки"
"2017-04-22 10:00:01";"Запрос на запуск хрона"
"2017-04-22 10:00:01";"Запуск в режиме обслуживания"
"2017-04-22 10:00:01";"Запуск в режиме рассылки"
"2017-04-22 11:00:01";"Запрос на запуск хрона"
"2017-04-22 11:00:01";"Запуск в режиме рассылки"
"2017-04-22 12:00:02";"Запрос на запуск хрона"
"2017-04-22 12:00:02";"Запуск в режиме рассылки"
"2017-04-23 09:00:01";"Запрос на запуск хрона"
"2017-04-23 09:00:01";"Запуск в режиме обслуживания"
"2017-04-23 09:00:01";"Запуск в режиме рассылки"
"2017-04-23 10:00:01";"Запрос на запуск хрона"
"2017-04-23 10:00:01";"Запуск в режиме рассылки"
"2017-04-23 11:00:01";"Запрос на запуск хрона"
"2017-04-23 11:00:01";"Запуск в режиме рассылки"
"2017-04-23 12:00:00";"Запрос на запуск хрона"
"2017-04-23 12:00:00";"Запуск в режиме рассылки"
"2017-04-23 13:00:00";"Запрос на запуск хрона"
"2017-04-23 13:00:00";"Запуск в режиме рассылки"
"2017-04-23 14:00:00";"Запрос на запуск хрона"
"2017-04-23 14:00:00";"Запуск в режиме рассылки"
"2017-04-23 15:00:00";"Запрос на запуск хрона"
"2017-04-23 15:00:00";"Запуск в режиме рассылки"
"2017-04-23 16:00:00";"Запрос на запуск хрона"
"2017-04-23 16:00:00";"Запуск в режиме рассылки"
"2017-04-23 17:00:01";"Запрос на запуск хрона"
"2017-04-23 17:00:01";"Запуск в режиме рассылки"
"2017-04-23 18:00:00";"Запрос на запуск хрона"
"2017-04-23 18:00:00";"Запуск в режиме рассылки"
"2017-04-23 19:00:00";"Запрос на запуск хрона"
"2017-04-23 19:00:00";"Запуск в режиме рассылки"
"2017-04-23 20:00:00";"Запрос на запуск хрона"
"2017-04-23 20:00:00";"Запуск в режиме рассылки"
"2017-04-23 21:00:01";"Запрос на запуск хрона"
"2017-04-23 21:00:01";"Запуск в режиме рассылки"
"2017-04-24 07:00:01";"Запрос на запуск хрона"
"2017-04-24 07:00:01";"Запуск в режиме рассылки"
"2017-04-24 08:00:01";"Запрос на запуск хрона"
"2017-04-24 08:00:01";"Запуск в режиме обслуживания"
"2017-04-24 08:00:01";"Запуск в режиме рассылки"
"2017-04-24 09:00:00";"Запрос на запуск хрона"
"2017-04-24 09:00:00";"Запуск в режиме рассылки"
"2017-04-24 10:00:00";"Запрос на запуск хрона"
"2017-04-24 10:00:00";"Запуск в режиме рассылки"
"2017-04-24 11:00:01";"Запрос на запуск хрона"
"2017-04-24 11:00:01";"Запуск в режиме рассылки"
"2017-04-24 12:00:01";"Запрос на запуск хрона"
"2017-04-24 12:00:01";"Запуск в режиме рассылки"
"2017-04-24 13:00:00";"Запрос на запуск хрона"
"2017-04-24 13:00:00";"Запуск в режиме рассылки"
"2017-04-24 14:00:00";"Запрос на запуск хрона"
"2017-04-24 14:00:00";"Запуск в режиме рассылки"
"2017-04-24 15:00:02";"Запрос на запуск хрона"
"2017-04-24 15:00:02";"Запуск в режиме рассылки"
"2017-04-24 16:00:02";"Запрос на запуск хрона"
"2017-04-24 16:00:02";"Запуск в режиме рассылки"
"2017-04-24 17:00:02";"Запрос на запуск хрона"
"2017-04-24 17:00:03";"Запуск в режиме рассылки"
"2017-04-24 18:00:02";"Запрос на запуск хрона"
"2017-04-24 18:00:02";"Запуск в режиме рассылки"
"2017-04-24 19:00:01";"Запрос на запуск хрона"
"2017-04-24 19:00:01";"Запуск в режиме рассылки"
"2017-04-24 20:00:00";"Запрос на запуск хрона"
"2017-04-24 20:00:00";"Запуск в режиме рассылки"
"2017-04-24 21:00:00";"Запрос на запуск хрона"
"2017-04-24 21:00:00";"Запуск в режиме рассылки"
"2017-04-25 09:00:02";"Запрос на запуск хрона"
"2017-04-25 09:00:02";"Запуск в режиме обслуживания"
"2017-04-25 09:00:02";"Запуск в режиме рассылки"
"2017-04-25 10:00:01";"Запрос на запуск хрона"
"2017-04-25 10:00:01";"Запуск в режиме рассылки"
"2017-04-25 11:00:01";"Запрос на запуск хрона"
"2017-04-25 11:00:01";"Запуск в режиме рассылки"
"2017-04-25 12:00:00";"Запрос на запуск хрона"
"2017-04-25 12:00:00";"Запуск в режиме рассылки"
"2017-04-25 13:00:00";"Запрос на запуск хрона"
"2017-04-25 13:00:00";"Запуск в режиме рассылки"
"2017-04-25 14:00:01";"Запрос на запуск хрона"
"2017-04-25 14:00:01";"Запуск в режиме рассылки"
"2017-04-25 15:00:01";"Запрос на запуск хрона"
"2017-04-25 15:00:01";"Запуск в режиме рассылки"
"2017-04-25 16:00:01";"Запрос на запуск хрона"
"2017-04-25 16:00:01";"Запуск в режиме рассылки"
"2017-04-25 17:00:00";"Запрос на запуск хрона"
"2017-04-25 17:00:00";"Запуск в режиме рассылки"
"2017-04-25 18:00:00";"Запрос на запуск хрона"
"2017-04-25 18:00:00";"Запуск в режиме рассылки"
"2017-04-25 19:00:00";"Запрос на запуск хрона"
"2017-04-25 19:00:00";"Запуск в режиме рассылки"
"2017-04-25 20:00:00";"Запрос на запуск хрона"
"2017-04-25 20:00:00";"Запуск в режиме рассылки"
"2017-04-25 21:00:00";"Запрос на запуск хрона"
"2017-04-25 21:00:00";"Запуск в режиме рассылки"
"2017-04-26 09:00:02";"Запрос на запуск хрона"
"2017-04-26 09:00:02";"Запуск в режиме обслуживания"
"2017-04-26 09:00:02";"Запуск в режиме рассылки"
"2017-04-26 10:00:01";"Запрос на запуск хрона"
"2017-04-26 10:00:01";"Запуск в режиме рассылки"
"2017-04-26 11:00:00";"Запрос на запуск хрона"
"2017-04-26 11:00:00";"Запуск в режиме рассылки"
"2017-04-26 12:00:02";"Запрос на запуск хрона"
"2017-04-26 12:00:02";"Запуск в режиме рассылки"
"2017-04-26 13:00:00";"Запрос на запуск хрона"
"2017-04-26 13:00:00";"Запуск в режиме рассылки"
"2017-04-26 14:00:00";"Запрос на запуск хрона"
"2017-04-26 14:00:00";"Запуск в режиме рассылки"
"2017-04-26 15:00:01";"Запрос на запуск хрона"
"2017-04-26 15:00:01";"Запуск в режиме рассылки"
"2017-04-26 16:00:00";"Запрос на запуск хрона"
"2017-04-26 16:00:00";"Запуск в режиме рассылки"
"2017-04-26 17:00:02";"Запрос на запуск хрона"
"2017-04-26 17:00:02";"Запуск в режиме рассылки"
"2017-04-26 18:00:01";"Запрос на запуск хрона"
"2017-04-26 18:00:01";"Запуск в режиме рассылки"
"2017-04-26 19:00:01";"Запрос на запуск хрона"
"2017-04-26 19:00:01";"Запуск в режиме рассылки"
"2017-04-26 20:00:01";"Запрос на запуск хрона"
"2017-04-26 20:00:01";"Запуск в режиме рассылки"
"2017-04-26 21:00:00";"Запрос на запуск хрона"
"2017-04-26 21:00:00";"Запуск в режиме рассылки"
"2017-04-27 10:00:01";"Запрос на запуск хрона"
"2017-04-27 10:00:01";"Запуск в режиме обслуживания"
"2017-04-27 10:00:01";"Запуск в режиме рассылки"
"2017-04-27 11:00:00";"Запрос на запуск хрона"
"2017-04-27 11:00:00";"Запуск в режиме рассылки"
"2017-04-27 12:00:00";"Запрос на запуск хрона"
"2017-04-27 12:00:00";"Запуск в режиме рассылки"
"2017-04-27 13:00:00";"Запрос на запуск хрона"
"2017-04-27 13:00:00";"Запуск в режиме рассылки"
"2017-04-27 14:00:01";"Запрос на запуск хрона"
"2017-04-27 14:00:01";"Запуск в режиме рассылки"
"2017-04-27 15:00:00";"Запрос на запуск хрона"
"2017-04-27 15:00:00";"Запуск в режиме рассылки"
"2017-04-27 16:00:00";"Запрос на запуск хрона"
"2017-04-27 16:00:00";"Запуск в режиме рассылки"
"2017-04-27 17:00:00";"Запрос на запуск хрона"
"2017-04-27 17:00:00";"Запуск в режиме рассылки"
"2017-04-27 18:00:00";"Запрос на запуск хрона"
"2017-04-27 18:00:00";"Запуск в режиме рассылки"
"2017-04-27 19:00:00";"Запрос на запуск хрона"
"2017-04-27 19:00:00";"Запуск в режиме рассылки"
"2017-04-27 20:00:01";"Запрос на запуск хрона"
"2017-04-27 20:00:01";"Запуск в режиме рассылки"
"2017-04-27 21:00:00";"Запрос на запуск хрона"
"2017-04-27 21:00:00";"Запуск в режиме рассылки"
"2017-04-28 10:00:02";"Запрос на запуск хрона"
"2017-04-28 10:00:02";"Запуск в режиме обслуживания"
"2017-04-28 10:00:02";"Запуск в режиме рассылки"
"2017-04-28 11:00:00";"Запрос на запуск хрона"
"2017-04-28 11:00:00";"Запуск в режиме рассылки"
"2017-04-28 12:00:01";"Запрос на запуск хрона"
"2017-04-28 12:00:01";"Запуск в режиме рассылки"
"2017-04-28 13:00:00";"Запрос на запуск хрона"
"2017-04-28 13:00:00";"Запуск в режиме рассылки"
"2017-04-28 14:00:00";"Запрос на запуск хрона"
"2017-04-28 14:00:00";"Запуск в режиме рассылки"
"2017-04-28 15:00:00";"Запрос на запуск хрона"
"2017-04-28 15:00:00";"Запуск в режиме рассылки"
"2017-04-28 16:00:00";"Запрос на запуск хрона"
"2017-04-28 16:00:00";"Запуск в режиме рассылки"
"2017-04-28 17:00:00";"Запрос на запуск хрона"
"2017-04-28 17:00:00";"Запуск в режиме рассылки"
"2017-04-28 18:00:01";"Запрос на запуск хрона"
"2017-04-28 18:00:01";"Запуск в режиме рассылки"
"2017-04-28 19:00:00";"Запрос на запуск хрона"
"2017-04-28 19:00:00";"Запуск в режиме рассылки"
"2017-04-28 20:00:00";"Запрос на запуск хрона"
"2017-04-28 20:00:00";"Запуск в режиме рассылки"
"2017-04-28 21:00:00";"Запрос на запуск хрона"
"2017-04-28 21:00:00";"Запуск в режиме рассылки"
"2017-04-29 14:00:01";"Запрос на запуск хрона"
"2017-04-29 14:00:01";"Запуск в режиме обслуживания"
"2017-04-29 14:00:01";"Запуск в режиме рассылки"
"2017-04-29 15:00:00";"Запрос на запуск хрона"
"2017-04-29 15:00:00";"Запуск в режиме рассылки"
"2017-04-29 16:00:00";"Запрос на запуск хрона"
"2017-04-29 16:00:00";"Запуск в режиме рассылки"
"2017-04-29 17:00:00";"Запрос на запуск хрона"
"2017-04-29 17:00:00";"Запуск в режиме рассылки"
"2017-04-29 18:00:00";"Запрос на запуск хрона"
"2017-04-29 18:00:00";"Запуск в режиме рассылки"
"2017-04-29 19:00:01";"Запрос на запуск хрона"
"2017-04-29 19:00:01";"Запуск в режиме рассылки"
"2017-04-29 20:00:00";"Запрос на запуск хрона"
"2017-04-29 20:00:00";"Запуск в режиме рассылки"
"2017-05-01 08:00:02";"Запрос на запуск хрона"
"2017-05-01 08:00:02";"Запуск в режиме обслуживания"
"2017-05-01 08:00:02";"Запуск в режиме рассылки"
"2017-05-01 08:00:02";"Запуск в режиме архивации журналов"
