"2017-03-01 18:43:56";53;123123;192.168.1.36;"Mozilla/5.0 (Windows NT 6.3; WOW64) AppleWebKit/537.36 (KHTML, like Gecko) Chrome/56.0.2924.87 Safari/537.36";"Пользователь вышел"
"2017-03-01 17:44:01";1;admin;192.168.1.36;"Mozilla/5.0 (Windows NT 6.3; WOW64) AppleWebKit/537.36 (KHTML, like Gecko) Chrome/56.0.2924.87 Safari/537.36";"Вход пользователя в систему"
"2017-03-13 18:37:46";1;admin;192.168.1.36;"Mozilla/5.0 (Windows NT 6.3; WOW64) AppleWebKit/537.36 (KHTML, like Gecko) Chrome/56.0.2924.87 Safari/537.36";"Пользователь вышел"
"2017-03-13 17:43:28";1;admin;192.168.1.36;"Mozilla/5.0 (Windows NT 6.3; WOW64) AppleWebKit/537.36 (KHTML, like Gecko) Chrome/56.0.2924.87 Safari/537.36";"Вход пользователя в систему"
"2017-03-13 19:28:59";1;admin;192.168.1.36;"Mozilla/5.0 (Windows NT 6.3; WOW64) AppleWebKit/537.36 (KHTML, like Gecko) Chrome/56.0.2924.87 Safari/537.36";"Пользователь вышел"
"2017-03-13 18:43:46";1;admin;192.168.1.36;"Mozilla/5.0 (Windows NT 6.3; WOW64) AppleWebKit/537.36 (KHTML, like Gecko) Chrome/56.0.2924.87 Safari/537.36";"Вход пользователя в систему"
