"2017-03-01 09:00:00";"Запрос на запуск хрона"
"2017-03-01 09:00:00";"Запуск в режиме рассылки"
"2017-03-01 10:00:00";"Запрос на запуск хрона"
"2017-03-01 10:00:00";"Запуск в режиме рассылки"
"2017-03-01 11:00:00";"Запрос на запуск хрона"
"2017-03-01 11:00:00";"Запуск в режиме рассылки"
"2017-03-01 12:00:01";"Запрос на запуск хрона"
"2017-03-01 12:00:01";"Запуск в режиме рассылки"
"2017-03-01 13:00:01";"Запрос на запуск хрона"
"2017-03-01 13:00:01";"Запуск в режиме рассылки"
"2017-03-01 14:00:01";"Запрос на запуск хрона"
"2017-03-01 14:00:01";"Запуск в режиме рассылки"
"2017-03-01 15:00:00";"Запрос на запуск хрона"
"2017-03-01 15:00:00";"Запуск в режиме рассылки"
"2017-03-01 16:00:00";"Запрос на запуск хрона"
"2017-03-01 16:00:00";"Запуск в режиме рассылки"
"2017-03-01 17:00:00";"Запрос на запуск хрона"
"2017-03-01 17:00:00";"Запуск в режиме рассылки"
"2017-03-01 18:00:01";"Запрос на запуск хрона"
"2017-03-01 18:00:01";"Запуск в режиме рассылки"
"2017-03-01 19:00:01";"Запрос на запуск хрона"
"2017-03-01 19:00:01";"Запуск в режиме рассылки"
"2017-03-01 20:00:00";"Запрос на запуск хрона"
"2017-03-01 20:00:00";"Запуск в режиме рассылки"
"2017-03-01 21:00:00";"Запрос на запуск хрона"
"2017-03-01 21:00:00";"Запуск в режиме рассылки"
"2017-03-02 09:00:01";"Запрос на запуск хрона"
"2017-03-02 09:00:01";"Запуск в режиме обслуживания"
"2017-03-02 09:00:01";"Обслуживание. Добавлено писем в рассылочную базу - 1 шт."
"2017-03-02 09:00:01";"Запуск в режиме рассылки"
"2017-03-02 09:00:03";"Рассылка. Разослано писем - 1 шт."
"2017-03-02 10:00:01";"Запрос на запуск хрона"
"2017-03-02 10:00:01";"Запуск в режиме рассылки"
"2017-03-02 11:00:01";"Запрос на запуск хрона"
"2017-03-02 11:00:01";"Запуск в режиме рассылки"
"2017-03-02 12:00:01";"Запрос на запуск хрона"
"2017-03-02 12:00:01";"Запуск в режиме рассылки"
"2017-03-02 13:00:00";"Запрос на запуск хрона"
"2017-03-02 13:00:00";"Запуск в режиме рассылки"
"2017-03-02 14:00:00";"Запрос на запуск хрона"
"2017-03-02 14:00:00";"Запуск в режиме рассылки"
"2017-03-02 15:00:00";"Запрос на запуск хрона"
"2017-03-02 15:00:00";"Запуск в режиме рассылки"
"2017-03-02 16:00:00";"Запрос на запуск хрона"
"2017-03-02 16:00:00";"Запуск в режиме рассылки"
"2017-03-02 17:00:01";"Запрос на запуск хрона"
"2017-03-02 17:00:01";"Запуск в режиме рассылки"
"2017-03-02 18:00:00";"Запрос на запуск хрона"
"2017-03-02 18:00:00";"Запуск в режиме рассылки"
"2017-03-02 19:00:01";"Запрос на запуск хрона"
"2017-03-02 19:00:01";"Запуск в режиме рассылки"
"2017-03-02 20:00:01";"Запрос на запуск хрона"
"2017-03-02 20:00:01";"Запуск в режиме рассылки"
"2017-03-02 21:00:00";"Запрос на запуск хрона"
"2017-03-02 21:00:00";"Запуск в режиме рассылки"
"2017-03-02 22:00:00";"Запрос на запуск хрона"
"2017-03-02 22:00:00";"Запуск в режиме рассылки"
"2017-03-03 09:00:01";"Запрос на запуск хрона"
"2017-03-03 09:00:01";"Запуск в режиме обслуживания"
"2017-03-03 09:00:01";"Обслуживание. Добавлено писем в рассылочную базу - 1 шт."
"2017-03-03 09:00:01";"Запуск в режиме рассылки"
"2017-03-03 09:00:02";"Рассылка. Разослано писем - 1 шт."
"2017-03-03 10:00:01";"Запрос на запуск хрона"
"2017-03-03 10:00:01";"Запуск в режиме рассылки"
"2017-03-03 11:00:00";"Запрос на запуск хрона"
"2017-03-03 11:00:00";"Запуск в режиме рассылки"
"2017-03-03 15:00:01";"Запрос на запуск хрона"
"2017-03-03 15:00:01";"Запуск в режиме рассылки"
"2017-03-03 16:00:01";"Запрос на запуск хрона"
"2017-03-03 16:00:01";"Запуск в режиме рассылки"
"2017-03-03 17:00:01";"Запрос на запуск хрона"
"2017-03-03 17:00:01";"Запуск в режиме рассылки"
"2017-03-03 18:00:01";"Запрос на запуск хрона"
"2017-03-03 18:00:01";"Запуск в режиме рассылки"
"2017-03-03 19:00:00";"Запрос на запуск хрона"
"2017-03-03 19:00:00";"Запуск в режиме рассылки"
"2017-03-03 20:00:01";"Запрос на запуск хрона"
"2017-03-03 20:00:01";"Запуск в режиме рассылки"
"2017-03-03 21:00:01";"Запрос на запуск хрона"
"2017-03-03 21:00:01";"Запуск в режиме рассылки"
"2017-03-04 09:00:01";"Запрос на запуск хрона"
"2017-03-04 09:00:01";"Запуск в режиме обслуживания"
"2017-03-04 09:00:01";"Запуск в режиме рассылки"
"2017-03-04 10:00:01";"Запрос на запуск хрона"
"2017-03-04 10:00:01";"Запуск в режиме рассылки"
"2017-03-04 11:00:01";"Запрос на запуск хрона"
"2017-03-04 11:00:01";"Запуск в режиме рассылки"
"2017-03-04 12:00:00";"Запрос на запуск хрона"
"2017-03-04 12:00:00";"Запуск в режиме рассылки"
"2017-03-04 13:00:00";"Запрос на запуск хрона"
"2017-03-04 13:00:00";"Запуск в режиме рассылки"
"2017-03-04 14:00:00";"Запрос на запуск хрона"
"2017-03-04 14:00:00";"Запуск в режиме рассылки"
"2017-03-04 15:00:01";"Запрос на запуск хрона"
"2017-03-04 15:00:01";"Запуск в режиме рассылки"
"2017-03-05 09:00:01";"Запрос на запуск хрона"
"2017-03-05 09:00:01";"Запуск в режиме обслуживания"
"2017-03-05 09:00:02";"Запуск в режиме рассылки"
"2017-03-05 09:00:53";"Запрос на запуск хрона"
"2017-03-05 10:00:01";"Запрос на запуск хрона"
"2017-03-05 10:00:01";"Запуск в режиме рассылки"
"2017-03-05 11:00:00";"Запрос на запуск хрона"
"2017-03-05 11:00:00";"Запуск в режиме рассылки"
"2017-03-05 12:00:01";"Запрос на запуск хрона"
"2017-03-05 12:00:01";"Запуск в режиме рассылки"
"2017-03-05 13:00:01";"Запрос на запуск хрона"
"2017-03-05 13:00:01";"Запуск в режиме рассылки"
"2017-03-05 14:00:01";"Запрос на запуск хрона"
"2017-03-05 14:00:01";"Запуск в режиме рассылки"
"2017-03-05 15:00:01";"Запрос на запуск хрона"
"2017-03-05 15:00:01";"Запуск в режиме рассылки"
"2017-03-05 16:00:01";"Запрос на запуск хрона"
"2017-03-05 16:00:01";"Запуск в режиме рассылки"
"2017-03-05 17:00:01";"Запрос на запуск хрона"
"2017-03-05 17:00:01";"Запуск в режиме рассылки"
"2017-03-05 18:00:01";"Запрос на запуск хрона"
"2017-03-05 18:00:01";"Запуск в режиме рассылки"
"2017-03-05 19:00:01";"Запрос на запуск хрона"
"2017-03-05 19:00:01";"Запуск в режиме рассылки"
"2017-03-05 20:00:00";"Запрос на запуск хрона"
"2017-03-05 20:00:00";"Запуск в режиме рассылки"
"2017-03-05 21:00:00";"Запрос на запуск хрона"
"2017-03-05 21:00:00";"Запуск в режиме рассылки"
"2017-03-06 09:00:01";"Запрос на запуск хрона"
"2017-03-06 09:00:01";"Запуск в режиме обслуживания"
"2017-03-06 09:00:01";"Запуск в режиме рассылки"
"2017-03-06 10:00:00";"Запрос на запуск хрона"
"2017-03-06 10:00:00";"Запуск в режиме рассылки"
"2017-03-06 11:00:00";"Запрос на запуск хрона"
"2017-03-06 11:00:00";"Запуск в режиме рассылки"
"2017-03-06 12:00:01";"Запрос на запуск хрона"
"2017-03-06 12:00:01";"Запуск в режиме рассылки"
"2017-03-06 13:00:00";"Запрос на запуск хрона"
"2017-03-06 13:00:00";"Запуск в режиме рассылки"
"2017-03-06 14:00:00";"Запрос на запуск хрона"
"2017-03-06 14:00:00";"Запуск в режиме рассылки"
"2017-03-06 15:00:01";"Запрос на запуск хрона"
"2017-03-06 15:00:01";"Запуск в режиме рассылки"
"2017-03-06 16:00:01";"Запрос на запуск хрона"
"2017-03-06 16:00:01";"Запуск в режиме рассылки"
"2017-03-06 17:00:00";"Запрос на запуск хрона"
"2017-03-06 17:00:00";"Запуск в режиме рассылки"
"2017-03-06 18:00:01";"Запрос на запуск хрона"
"2017-03-06 18:00:01";"Запуск в режиме рассылки"
"2017-03-06 19:00:00";"Запрос на запуск хрона"
"2017-03-06 19:00:00";"Запуск в режиме рассылки"
"2017-03-07 21:00:01";"Запрос на запуск хрона"
"2017-03-07 21:00:01";"Запуск в режиме обслуживания"
"2017-03-07 21:00:01";"Запуск в режиме рассылки"
"2017-03-07 22:00:01";"Запрос на запуск хрона"
"2017-03-07 22:00:01";"Запуск в режиме рассылки"
"2017-03-08 11:00:01";"Запрос на запуск хрона"
"2017-03-08 11:00:01";"Запуск в режиме обслуживания"
"2017-03-08 11:00:01";"Запуск в режиме рассылки"
"2017-03-08 12:00:01";"Запрос на запуск хрона"
"2017-03-08 12:00:01";"Запуск в режиме рассылки"
"2017-03-08 13:00:00";"Запрос на запуск хрона"
"2017-03-08 13:00:00";"Запуск в режиме рассылки"
"2017-03-08 14:00:01";"Запрос на запуск хрона"
"2017-03-08 14:00:01";"Запуск в режиме рассылки"
"2017-03-08 15:00:01";"Запрос на запуск хрона"
"2017-03-08 15:00:01";"Запуск в режиме рассылки"
"2017-03-08 16:00:01";"Запрос на запуск хрона"
"2017-03-08 16:00:01";"Запуск в режиме рассылки"
"2017-03-08 17:00:00";"Запрос на запуск хрона"
"2017-03-08 17:00:00";"Запуск в режиме рассылки"
"2017-03-08 18:00:00";"Запрос на запуск хрона"
"2017-03-08 18:00:00";"Запуск в режиме рассылки"
"2017-03-08 19:00:00";"Запрос на запуск хрона"
"2017-03-08 19:00:00";"Запуск в режиме рассылки"
"2017-03-08 20:00:00";"Запрос на запуск хрона"
"2017-03-08 20:00:00";"Запуск в режиме рассылки"
"2017-03-08 21:00:01";"Запрос на запуск хрона"
"2017-03-08 21:00:01";"Запуск в режиме рассылки"
"2017-03-09 15:00:01";"Запрос на запуск хрона"
"2017-03-09 15:00:01";"Запуск в режиме обслуживания"
"2017-03-09 15:00:01";"Запуск в режиме рассылки"
"2017-03-09 16:00:01";"Запрос на запуск хрона"
"2017-03-09 16:00:01";"Запуск в режиме рассылки"
"2017-03-09 17:00:00";"Запрос на запуск хрона"
"2017-03-09 17:00:00";"Запуск в режиме рассылки"
"2017-03-09 18:00:00";"Запрос на запуск хрона"
"2017-03-09 18:00:00";"Запуск в режиме рассылки"
"2017-03-09 19:00:01";"Запрос на запуск хрона"
"2017-03-09 19:00:01";"Запуск в режиме рассылки"
"2017-03-09 20:00:01";"Запрос на запуск хрона"
"2017-03-09 20:00:01";"Запуск в режиме рассылки"
"2017-03-09 21:00:01";"Запрос на запуск хрона"
"2017-03-09 21:00:01";"Запуск в режиме рассылки"
"2017-03-09 22:00:01";"Запрос на запуск хрона"
"2017-03-09 22:00:01";"Запуск в режиме рассылки"
"2017-03-10 09:00:01";"Запрос на запуск хрона"
"2017-03-10 09:00:01";"Запуск в режиме обслуживания"
"2017-03-10 09:00:01";"Запуск в режиме рассылки"
"2017-03-10 10:00:00";"Запрос на запуск хрона"
"2017-03-10 10:00:00";"Запуск в режиме рассылки"
"2017-03-10 11:00:00";"Запрос на запуск хрона"
"2017-03-10 11:00:00";"Запуск в режиме рассылки"
"2017-03-10 12:00:01";"Запрос на запуск хрона"
"2017-03-10 12:00:01";"Запуск в режиме рассылки"
"2017-03-10 13:00:01";"Запрос на запуск хрона"
"2017-03-10 13:00:01";"Запуск в режиме рассылки"
"2017-03-10 14:00:01";"Запрос на запуск хрона"
"2017-03-10 14:00:01";"Запуск в режиме рассылки"
"2017-03-10 15:00:01";"Запрос на запуск хрона"
"2017-03-10 15:00:01";"Запуск в режиме рассылки"
"2017-03-10 16:00:00";"Запрос на запуск хрона"
"2017-03-10 16:00:00";"Запуск в режиме рассылки"
"2017-03-10 17:00:00";"Запрос на запуск хрона"
"2017-03-10 17:00:00";"Запуск в режиме рассылки"
"2017-03-10 18:00:00";"Запрос на запуск хрона"
"2017-03-10 18:00:00";"Запуск в режиме рассылки"
"2017-03-10 19:00:00";"Запрос на запуск хрона"
"2017-03-10 19:00:00";"Запуск в режиме рассылки"
"2017-03-11 09:00:01";"Запрос на запуск хрона"
"2017-03-11 09:00:01";"Запуск в режиме обслуживания"
"2017-03-11 09:00:01";"Запуск в режиме рассылки"
"2017-03-11 10:00:01";"Запрос на запуск хрона"
"2017-03-11 10:00:01";"Запуск в режиме рассылки"
"2017-03-11 11:00:00";"Запрос на запуск хрона"
"2017-03-11 11:00:00";"Запуск в режиме рассылки"
"2017-03-11 12:00:00";"Запрос на запуск хрона"
"2017-03-11 12:00:00";"Запуск в режиме рассылки"
"2017-03-11 13:00:00";"Запрос на запуск хрона"
"2017-03-11 13:00:00";"Запуск в режиме рассылки"
"2017-03-11 14:00:02";"Запрос на запуск хрона"
"2017-03-11 14:00:02";"Запуск в режиме рассылки"
"2017-03-11 15:00:01";"Запрос на запуск хрона"
"2017-03-11 15:00:01";"Запуск в режиме рассылки"
"2017-03-11 16:00:01";"Запрос на запуск хрона"
"2017-03-11 16:00:01";"Запуск в режиме рассылки"
"2017-03-11 17:00:01";"Запрос на запуск хрона"
"2017-03-11 17:00:01";"Запуск в режиме рассылки"
"2017-03-11 18:00:02";"Запрос на запуск хрона"
"2017-03-11 18:00:02";"Запуск в режиме рассылки"
"2017-03-11 19:00:00";"Запрос на запуск хрона"
"2017-03-11 19:00:00";"Запуск в режиме рассылки"
"2017-03-11 20:00:00";"Запрос на запуск хрона"
"2017-03-11 20:00:00";"Запуск в режиме рассылки"
"2017-03-12 15:00:01";"Запрос на запуск хрона"
"2017-03-12 15:00:01";"Запуск в режиме обслуживания"
"2017-03-12 15:00:01";"Обслуживание. Добавлено писем в рассылочную базу - 2 шт."
"2017-03-12 15:00:01";"Запуск в режиме рассылки"
"2017-03-12 15:00:05";"Рассылка. Разослано писем - 2 шт."
"2017-03-12 16:00:01";"Запрос на запуск хрона"
"2017-03-12 16:00:01";"Запуск в режиме рассылки"
"2017-03-12 17:00:01";"Запрос на запуск хрона"
"2017-03-12 17:00:01";"Запуск в режиме рассылки"
"2017-03-12 18:00:00";"Запрос на запуск хрона"
"2017-03-12 18:00:00";"Запуск в режиме рассылки"
"2017-03-12 19:00:00";"Запрос на запуск хрона"
"2017-03-12 19:00:00";"Запуск в режиме рассылки"
"2017-03-12 20:00:00";"Запрос на запуск хрона"
"2017-03-12 20:00:00";"Запуск в режиме рассылки"
"2017-03-12 21:00:01";"Запрос на запуск хрона"
"2017-03-12 21:00:01";"Запуск в режиме рассылки"
"2017-03-13 09:00:01";"Запрос на запуск хрона"
"2017-03-13 09:00:01";"Запуск в режиме обслуживания"
"2017-03-13 09:00:02";"Обслуживание. Добавлено писем в рассылочную базу - 1 шт."
"2017-03-13 09:00:02";"Запуск в режиме рассылки"
"2017-03-13 09:00:04";"Рассылка. Разослано писем - 1 шт."
"2017-03-13 10:00:01";"Запрос на запуск хрона"
"2017-03-13 10:00:01";"Запуск в режиме рассылки"
"2017-03-13 11:00:00";"Запрос на запуск хрона"
"2017-03-13 11:00:00";"Запуск в режиме рассылки"
"2017-03-13 12:00:00";"Запрос на запуск хрона"
"2017-03-13 12:00:00";"Запуск в режиме рассылки"
"2017-03-13 13:00:01";"Запрос на запуск хрона"
"2017-03-13 13:00:01";"Запуск в режиме рассылки"
"2017-03-13 14:00:01";"Запрос на запуск хрона"
"2017-03-13 14:00:01";"Запуск в режиме рассылки"
"2017-03-13 15:00:01";"Запрос на запуск хрона"
"2017-03-13 15:00:01";"Запуск в режиме рассылки"
"2017-03-13 16:00:00";"Запрос на запуск хрона"
"2017-03-13 16:00:00";"Запуск в режиме рассылки"
"2017-03-13 17:00:00";"Запрос на запуск хрона"
"2017-03-13 17:00:00";"Запуск в режиме рассылки"
"2017-03-13 18:00:01";"Запрос на запуск хрона"
"2017-03-13 18:00:01";"Запуск в режиме рассылки"
"2017-03-13 19:00:01";"Запрос на запуск хрона"
"2017-03-13 19:00:01";"Запуск в режиме рассылки"
"2017-03-13 20:00:01";"Запрос на запуск хрона"
"2017-03-13 20:00:01";"Запуск в режиме рассылки"
"2017-03-13 21:00:01";"Запрос на запуск хрона"
"2017-03-13 21:00:01";"Запуск в режиме рассылки"
"2017-03-13 22:00:01";"Запрос на запуск хрона"
"2017-03-13 22:00:01";"Запуск в режиме рассылки"
"2017-03-14 09:00:01";"Запрос на запуск хрона"
"2017-03-14 09:00:01";"Запуск в режиме обслуживания"
"2017-03-14 09:00:01";"Запуск в режиме рассылки"
"2017-03-14 10:00:00";"Запрос на запуск хрона"
"2017-03-14 10:00:00";"Запуск в режиме рассылки"
"2017-03-14 11:00:01";"Запрос на запуск хрона"
"2017-03-14 11:00:01";"Запуск в режиме рассылки"
"2017-03-14 12:00:01";"Запрос на запуск хрона"
"2017-03-14 12:00:01";"Запуск в режиме рассылки"
"2017-03-14 13:00:01";"Запрос на запуск хрона"
"2017-03-14 13:00:01";"Запуск в режиме рассылки"
"2017-03-14 14:00:00";"Запрос на запуск хрона"
"2017-03-14 14:00:00";"Запуск в режиме рассылки"
"2017-03-14 15:00:00";"Запрос на запуск хрона"
"2017-03-14 15:00:00";"Запуск в режиме рассылки"
"2017-03-14 16:00:01";"Запрос на запуск хрона"
"2017-03-14 16:00:01";"Запуск в режиме рассылки"
"2017-03-14 17:00:00";"Запрос на запуск хрона"
"2017-03-14 17:00:00";"Запуск в режиме рассылки"
"2017-03-14 18:00:00";"Запрос на запуск хрона"
"2017-03-14 18:00:00";"Запуск в режиме рассылки"
"2017-03-14 19:00:01";"Запрос на запуск хрона"
"2017-03-14 19:00:01";"Запуск в режиме рассылки"
"2017-03-14 20:00:01";"Запрос на запуск хрона"
"2017-03-14 20:00:01";"Запуск в режиме рассылки"
"2017-03-14 21:00:01";"Запрос на запуск хрона"
"2017-03-14 21:00:01";"Запуск в режиме рассылки"
"2017-03-15 10:00:01";"Запрос на запуск хрона"
"2017-03-15 10:00:01";"Запуск в режиме обслуживания"
"2017-03-15 10:00:01";"Обслуживание. Добавлено писем в рассылочную базу - 1 шт."
"2017-03-15 10:00:01";"Обслуживание. Удалено устаревших нераспознанных SMS - 17 шт."
"2017-03-15 10:00:01";"Запуск в режиме рассылки"
"2017-03-15 10:00:03";"Рассылка. Разослано писем - 1 шт."
"2017-03-15 12:00:01";"Запрос на запуск хрона"
"2017-03-15 12:00:01";"Запуск в режиме рассылки"
"2017-03-15 13:00:01";"Запрос на запуск хрона"
"2017-03-15 13:00:01";"Запуск в режиме рассылки"
"2017-03-15 14:00:01";"Запрос на запуск хрона"
"2017-03-15 14:00:01";"Запуск в режиме рассылки"
"2017-03-15 15:00:00";"Запрос на запуск хрона"
"2017-03-15 15:00:00";"Запуск в режиме рассылки"
"2017-03-15 16:00:00";"Запрос на запуск хрона"
"2017-03-15 16:00:00";"Запуск в режиме рассылки"
"2017-03-15 17:00:00";"Запрос на запуск хрона"
"2017-03-15 17:00:00";"Запуск в режиме рассылки"
"2017-03-15 18:00:00";"Запрос на запуск хрона"
"2017-03-15 18:00:00";"Запуск в режиме рассылки"
"2017-03-15 19:00:00";"Запрос на запуск хрона"
"2017-03-15 19:00:00";"Запуск в режиме рассылки"
"2017-03-15 20:00:01";"Запрос на запуск хрона"
"2017-03-15 20:00:01";"Запуск в режиме рассылки"
"2017-03-15 21:00:01";"Запрос на запуск хрона"
"2017-03-15 21:00:01";"Запуск в режиме рассылки"
"2017-03-16 10:00:01";"Запрос на запуск хрона"
"2017-03-16 10:00:01";"Запуск в режиме обслуживания"
"2017-03-16 10:00:02";"Обслуживание. Добавлено писем в рассылочную базу - 2 шт."
"2017-03-16 10:00:02";"Обслуживание. Удалено устаревших нераспознанных SMS - 17 шт."
"2017-03-16 10:00:02";"Запуск в режиме рассылки"
"2017-03-16 10:00:05";"Рассылка. Разослано писем - 2 шт."
"2017-03-16 11:00:01";"Запрос на запуск хрона"
"2017-03-16 11:00:01";"Запуск в режиме рассылки"
"2017-03-16 12:00:01";"Запрос на запуск хрона"
"2017-03-16 12:00:01";"Запуск в режиме рассылки"
"2017-03-16 13:00:01";"Запрос на запуск хрона"
"2017-03-16 13:00:01";"Запуск в режиме рассылки"
"2017-03-16 14:44:06";"Запрос на запуск хрона"
"2017-03-16 14:44:06";"Запуск в режиме обслуживания"
"2017-03-16 14:44:06";"Обслуживание. Добавлено писем в рассылочную базу - 2 шт."
"2017-03-16 14:44:06";"Запуск в режиме рассылки"
"2017-03-16 14:44:11";"Рассылка. Разослано писем - 2 шт."
"2017-03-16 14:45:21";"Запрос на запуск хрона"
"2017-03-16 14:45:21";"Запуск в режиме обслуживания"
"2017-03-16 14:45:21";"Обслуживание. Добавлено писем в рассылочную базу - 2 шт."
"2017-03-16 14:45:21";"Запуск в режиме рассылки"
"2017-03-16 14:45:24";"Рассылка. Разослано писем - 2 шт."
"2017-03-16 14:56:18";"Запрос на запуск хрона"
"2017-03-16 14:56:18";"Запуск в режиме обслуживания"
"2017-03-16 14:56:18";"Обслуживание. Добавлено писем в рассылочную базу - 2 шт."
"2017-03-16 14:56:18";"Запуск в режиме рассылки"
"2017-03-16 14:56:23";"Рассылка. Разослано писем - 2 шт."
"2017-03-16 14:00:00";"Запрос на запуск хрона"
"2017-03-16 14:00:00";"Запуск в режиме рассылки"
"2017-03-16 15:07:09";"Запрос на запуск хрона"
"2017-03-16 15:07:09";"Запуск в режиме обслуживания"
"2017-03-16 15:07:09";"Обслуживание. Добавлено писем в рассылочную базу - 3 шт."
"2017-03-16 15:07:09";"Запуск в режиме рассылки"
"2017-03-16 15:07:14";"Рассылка. Разослано писем - 3 шт."
"2017-03-16 15:00:01";"Запрос на запуск хрона"
"2017-03-16 15:00:01";"Запуск в режиме рассылки"
"2017-03-16 16:00:01";"Запрос на запуск хрона"
"2017-03-16 16:00:01";"Запуск в режиме рассылки"
"2017-03-16 17:00:01";"Запрос на запуск хрона"
"2017-03-16 17:00:01";"Запуск в режиме рассылки"
"2017-03-16 18:00:01";"Запрос на запуск хрона"
"2017-03-16 18:00:01";"Запуск в режиме рассылки"
"2017-03-16 19:00:00";"Запрос на запуск хрона"
"2017-03-16 19:00:00";"Запуск в режиме рассылки"
"2017-03-16 20:00:00";"Запрос на запуск хрона"
"2017-03-16 20:00:00";"Запуск в режиме рассылки"
"2017-03-16 21:00:00";"Запрос на запуск хрона"
"2017-03-16 21:00:01";"Запуск в режиме рассылки"
"2017-03-17 09:00:01";"Запрос на запуск хрона"
"2017-03-17 09:00:01";"Запуск в режиме обслуживания"
"2017-03-17 09:00:01";"Обслуживание. Добавлено писем в рассылочную базу - 1 шт."
"2017-03-17 09:00:01";"Запуск в режиме рассылки"
"2017-03-17 09:00:03";"Рассылка. Разослано писем - 1 шт."
"2017-03-17 10:00:00";"Запрос на запуск хрона"
"2017-03-17 10:00:00";"Запуск в режиме рассылки"
"2017-03-17 11:00:00";"Запрос на запуск хрона"
"2017-03-17 11:00:00";"Запуск в режиме рассылки"
"2017-03-17 12:00:00";"Запрос на запуск хрона"
"2017-03-17 12:00:00";"Запуск в режиме рассылки"
"2017-03-17 13:00:00";"Запрос на запуск хрона"
"2017-03-17 13:00:00";"Запуск в режиме рассылки"
"2017-03-17 14:00:00";"Запрос на запуск хрона"
"2017-03-17 14:00:00";"Запуск в режиме рассылки"
"2017-03-17 15:00:01";"Запрос на запуск хрона"
"2017-03-17 15:00:01";"Запуск в режиме рассылки"
"2017-03-17 16:00:01";"Запрос на запуск хрона"
"2017-03-17 16:00:01";"Запуск в режиме рассылки"
"2017-03-17 17:00:01";"Запрос на запуск хрона"
"2017-03-17 17:00:01";"Запуск в режиме рассылки"
"2017-03-17 18:00:00";"Запрос на запуск хрона"
"2017-03-17 18:00:00";"Запуск в режиме рассылки"
"2017-03-17 19:00:00";"Запрос на запуск хрона"
"2017-03-17 19:00:00";"Запуск в режиме рассылки"
"2017-03-17 20:00:00";"Запрос на запуск хрона"
"2017-03-17 20:00:00";"Запуск в режиме рассылки"
"2017-03-18 10:00:01";"Запрос на запуск хрона"
"2017-03-18 10:00:01";"Запуск в режиме обслуживания"
"2017-03-18 10:00:01";"Обслуживание. Удалено устаревших нераспознанных SMS - 16 шт."
"2017-03-18 10:00:01";"Запуск в режиме рассылки"
"2017-03-18 11:00:00";"Запрос на запуск хрона"
"2017-03-18 11:00:00";"Запуск в режиме рассылки"
"2017-03-18 12:00:01";"Запрос на запуск хрона"
"2017-03-18 12:00:01";"Запуск в режиме рассылки"
"2017-03-18 13:00:01";"Запрос на запуск хрона"
"2017-03-18 13:00:01";"Запуск в режиме рассылки"
"2017-03-18 14:00:01";"Запрос на запуск хрона"
"2017-03-18 14:00:01";"Запуск в режиме рассылки"
"2017-03-18 15:00:01";"Запрос на запуск хрона"
"2017-03-18 15:00:01";"Запуск в режиме рассылки"
"2017-03-18 16:00:01";"Запрос на запуск хрона"
"2017-03-18 16:00:01";"Запуск в режиме рассылки"
"2017-03-18 17:00:01";"Запрос на запуск хрона"
"2017-03-18 17:00:01";"Запуск в режиме рассылки"
"2017-03-18 18:00:01";"Запрос на запуск хрона"
"2017-03-18 18:00:01";"Запуск в режиме рассылки"
"2017-03-18 19:00:00";"Запрос на запуск хрона"
"2017-03-18 19:00:00";"Запуск в режиме рассылки"
"2017-03-18 20:00:01";"Запрос на запуск хрона"
"2017-03-18 20:00:01";"Запуск в режиме рассылки"
"2017-03-18 21:00:01";"Запрос на запуск хрона"
"2017-03-18 21:00:01";"Запуск в режиме рассылки"
"2017-03-19 16:00:01";"Запрос на запуск хрона"
"2017-03-19 16:00:01";"Запуск в режиме обслуживания"
"2017-03-19 16:00:01";"Запуск в режиме рассылки"
"2017-03-19 17:00:00";"Запрос на запуск хрона"
"2017-03-19 17:00:00";"Запуск в режиме рассылки"
"2017-03-19 18:00:01";"Запрос на запуск хрона"
"2017-03-19 18:00:01";"Запуск в режиме рассылки"
"2017-03-19 19:00:01";"Запрос на запуск хрона"
"2017-03-19 19:00:01";"Запуск в режиме рассылки"
"2017-03-19 20:00:01";"Запрос на запуск хрона"
"2017-03-19 20:00:01";"Запуск в режиме рассылки"
"2017-03-19 21:00:01";"Запрос на запуск хрона"
"2017-03-19 21:00:01";"Запуск в режиме рассылки"
"2017-03-20 10:00:01";"Запрос на запуск хрона"
"2017-03-20 10:00:01";"Запуск в режиме обслуживания"
"2017-03-20 10:00:01";"Запуск в режиме рассылки"
"2017-03-20 11:00:01";"Запрос на запуск хрона"
"2017-03-20 11:00:01";"Запуск в режиме рассылки"
"2017-03-20 12:00:02";"Запрос на запуск хрона"
"2017-03-20 12:00:02";"Запуск в режиме рассылки"
"2017-03-20 13:00:00";"Запрос на запуск хрона"
"2017-03-20 13:00:00";"Запуск в режиме рассылки"
"2017-03-20 14:00:00";"Запрос на запуск хрона"
"2017-03-20 14:00:00";"Запуск в режиме рассылки"
"2017-03-20 15:00:00";"Запрос на запуск хрона"
"2017-03-20 15:00:00";"Запуск в режиме рассылки"
"2017-03-20 16:00:01";"Запрос на запуск хрона"
"2017-03-20 16:00:01";"Запуск в режиме рассылки"
"2017-03-20 17:00:01";"Запрос на запуск хрона"
"2017-03-20 17:00:01";"Запуск в режиме рассылки"
"2017-03-20 18:00:01";"Запрос на запуск хрона"
"2017-03-20 18:00:01";"Запуск в режиме рассылки"
"2017-03-20 19:00:01";"Запрос на запуск хрона"
"2017-03-20 19:00:01";"Запуск в режиме рассылки"
"2017-03-20 20:00:01";"Запрос на запуск хрона"
"2017-03-20 20:00:01";"Запуск в режиме рассылки"
"2017-03-20 21:00:00";"Запрос на запуск хрона"
"2017-03-20 21:00:00";"Запуск в режиме рассылки"
"2017-03-21 08:00:01";"Запрос на запуск хрона"
"2017-03-21 08:00:01";"Запуск в режиме обслуживания"
"2017-03-21 08:00:01";"Запуск в режиме рассылки"
"2017-03-21 09:00:00";"Запрос на запуск хрона"
"2017-03-21 09:00:00";"Запуск в режиме рассылки"
"2017-03-21 10:00:00";"Запрос на запуск хрона"
"2017-03-21 10:00:00";"Запуск в режиме рассылки"
"2017-03-21 11:00:01";"Запрос на запуск хрона"
"2017-03-21 11:00:01";"Запуск в режиме рассылки"
"2017-03-21 12:00:01";"Запрос на запуск хрона"
"2017-03-21 12:00:01";"Запуск в режиме рассылки"
"2017-03-21 13:00:01";"Запрос на запуск хрона"
"2017-03-21 13:00:01";"Запуск в режиме рассылки"
"2017-03-21 14:00:00";"Запрос на запуск хрона"
"2017-03-21 14:00:00";"Запуск в режиме рассылки"
"2017-03-21 15:00:00";"Запрос на запуск хрона"
"2017-03-21 15:00:00";"Запуск в режиме рассылки"
"2017-03-21 16:00:00";"Запрос на запуск хрона"
"2017-03-21 16:00:00";"Запуск в режиме рассылки"
"2017-03-21 17:00:01";"Запрос на запуск хрона"
"2017-03-21 17:00:01";"Запуск в режиме рассылки"
"2017-03-21 17:01:00";"Запрос на запуск хрона"
"2017-03-21 18:00:00";"Запрос на запуск хрона"
"2017-03-21 18:00:00";"Запуск в режиме рассылки"
"2017-03-21 19:00:00";"Запрос на запуск хрона"
"2017-03-21 19:00:00";"Запуск в режиме рассылки"
"2017-03-21 20:00:00";"Запрос на запуск хрона"
"2017-03-21 20:00:00";"Запуск в режиме рассылки"
"2017-03-21 21:00:01";"Запрос на запуск хрона"
"2017-03-21 21:00:01";"Запуск в режиме рассылки"
"2017-03-22 09:00:03";"Запрос на запуск хрона"
"2017-03-22 09:00:03";"Запуск в режиме обслуживания"
"2017-03-22 09:00:04";"Запуск в режиме рассылки"
"2017-03-22 10:00:01";"Запрос на запуск хрона"
"2017-03-22 10:00:01";"Запуск в режиме рассылки"
"2017-03-22 11:00:01";"Запрос на запуск хрона"
"2017-03-22 11:00:01";"Запуск в режиме рассылки"
"2017-03-22 12:00:00";"Запрос на запуск хрона"
"2017-03-22 12:00:00";"Запуск в режиме рассылки"
"2017-03-22 13:00:01";"Запрос на запуск хрона"
"2017-03-22 13:00:01";"Запуск в режиме рассылки"
"2017-03-22 14:00:01";"Запрос на запуск хрона"
"2017-03-22 14:00:01";"Запуск в режиме рассылки"
"2017-03-22 15:00:01";"Запрос на запуск хрона"
"2017-03-22 15:00:01";"Запуск в режиме рассылки"
"2017-03-22 16:00:01";"Запрос на запуск хрона"
"2017-03-22 16:00:01";"Запуск в режиме рассылки"
"2017-03-22 17:00:00";"Запрос на запуск хрона"
"2017-03-22 17:00:00";"Запуск в режиме рассылки"
"2017-03-22 18:00:00";"Запрос на запуск хрона"
"2017-03-22 18:00:00";"Запуск в режиме рассылки"
"2017-03-22 19:00:00";"Запрос на запуск хрона"
"2017-03-22 19:00:00";"Запуск в режиме рассылки"
"2017-03-22 20:00:01";"Запрос на запуск хрона"
"2017-03-22 20:00:01";"Запуск в режиме рассылки"
"2017-03-22 21:00:01";"Запрос на запуск хрона"
"2017-03-22 21:00:01";"Запуск в режиме рассылки"
"2017-03-22 22:00:00";"Запрос на запуск хрона"
"2017-03-22 22:00:01";"Запуск в режиме рассылки"
"2017-03-23 10:00:01";"Запрос на запуск хрона"
"2017-03-23 10:00:01";"Запуск в режиме обслуживания"
"2017-03-23 10:00:01";"Запуск в режиме рассылки"
"2017-03-23 11:00:01";"Запрос на запуск хрона"
"2017-03-23 11:00:01";"Запуск в режиме рассылки"
"2017-03-23 12:00:01";"Запрос на запуск хрона"
"2017-03-23 12:00:01";"Запуск в режиме рассылки"
"2017-03-23 13:00:01";"Запрос на запуск хрона"
"2017-03-23 13:00:01";"Запуск в режиме рассылки"
"2017-03-23 14:00:00";"Запрос на запуск хрона"
"2017-03-23 14:00:00";"Запуск в режиме рассылки"
"2017-03-23 15:00:00";"Запрос на запуск хрона"
"2017-03-23 15:00:00";"Запуск в режиме рассылки"
"2017-03-23 16:00:00";"Запрос на запуск хрона"
"2017-03-23 16:00:00";"Запуск в режиме рассылки"
"2017-03-23 17:00:01";"Запрос на запуск хрона"
"2017-03-23 17:00:01";"Запуск в режиме рассылки"
"2017-03-23 18:00:01";"Запрос на запуск хрона"
"2017-03-23 18:00:01";"Запуск в режиме рассылки"
"2017-03-23 19:00:01";"Запрос на запуск хрона"
"2017-03-23 19:00:01";"Запуск в режиме рассылки"
"2017-03-23 20:00:00";"Запрос на запуск хрона"
"2017-03-23 20:00:00";"Запуск в режиме рассылки"
"2017-03-23 21:00:00";"Запрос на запуск хрона"
"2017-03-23 21:00:00";"Запуск в режиме рассылки"
"2017-03-23 22:00:00";"Запрос на запуск хрона"
"2017-03-23 22:00:00";"Запуск в режиме рассылки"
"2017-03-24 09:00:01";"Запрос на запуск хрона"
"2017-03-24 09:00:01";"Запуск в режиме обслуживания"
"2017-03-24 09:00:01";"Запуск в режиме рассылки"
"2017-03-24 10:00:01";"Запрос на запуск хрона"
"2017-03-24 10:00:01";"Запуск в режиме рассылки"
"2017-03-24 11:00:01";"Запрос на запуск хрона"
"2017-03-24 11:00:01";"Запуск в режиме рассылки"
"2017-03-24 12:00:00";"Запрос на запуск хрона"
"2017-03-24 12:00:00";"Запуск в режиме рассылки"
"2017-03-24 13:00:00";"Запрос на запуск хрона"
"2017-03-24 13:00:00";"Запуск в режиме рассылки"
"2017-03-24 14:00:00";"Запрос на запуск хрона"
"2017-03-24 14:00:00";"Запуск в режиме рассылки"
"2017-03-24 15:00:01";"Запрос на запуск хрона"
"2017-03-24 15:00:01";"Запуск в режиме рассылки"
"2017-03-24 16:00:01";"Запрос на запуск хрона"
"2017-03-24 16:00:01";"Запуск в режиме рассылки"
"2017-03-24 17:00:01";"Запрос на запуск хрона"
"2017-03-24 17:00:01";"Запуск в режиме рассылки"
"2017-03-24 18:00:01";"Запрос на запуск хрона"
"2017-03-24 18:00:01";"Запуск в режиме рассылки"
"2017-03-24 19:00:01";"Запрос на запуск хрона"
"2017-03-24 19:00:01";"Запуск в режиме рассылки"
"2017-03-24 20:00:01";"Запрос на запуск хрона"
"2017-03-24 20:00:01";"Запуск в режиме рассылки"
"2017-03-24 21:00:01";"Запрос на запуск хрона"
"2017-03-24 21:00:01";"Запуск в режиме рассылки"
"2017-03-24 22:00:00";"Запрос на запуск хрона"
"2017-03-24 22:00:00";"Запуск в режиме рассылки"
"2017-03-25 09:00:01";"Запрос на запуск хрона"
"2017-03-25 09:00:01";"Запуск в режиме обслуживания"
"2017-03-25 09:00:02";"Запуск в режиме рассылки"
"2017-03-25 10:00:01";"Запрос на запуск хрона"
"2017-03-25 10:00:01";"Запуск в режиме рассылки"
"2017-03-25 11:00:01";"Запрос на запуск хрона"
"2017-03-25 11:00:01";"Запуск в режиме рассылки"
"2017-03-25 12:00:00";"Запрос на запуск хрона"
"2017-03-25 12:00:00";"Запуск в режиме рассылки"
"2017-03-25 13:00:01";"Запрос на запуск хрона"
"2017-03-25 13:00:01";"Запуск в режиме рассылки"
"2017-03-25 14:00:01";"Запрос на запуск хрона"
"2017-03-25 14:00:01";"Запуск в режиме рассылки"
"2017-03-25 15:00:01";"Запрос на запуск хрона"
"2017-03-25 15:00:01";"Запуск в режиме рассылки"
"2017-03-25 16:00:01";"Запрос на запуск хрона"
"2017-03-25 16:00:01";"Запуск в режиме рассылки"
"2017-03-25 17:00:01";"Запрос на запуск хрона"
"2017-03-25 17:00:01";"Запуск в режиме рассылки"
"2017-03-25 18:00:01";"Запрос на запуск хрона"
"2017-03-25 18:00:01";"Запуск в режиме рассылки"
"2017-03-25 19:00:01";"Запрос на запуск хрона"
"2017-03-25 19:00:01";"Запуск в режиме рассылки"
"2017-03-25 20:00:01";"Запрос на запуск хрона"
"2017-03-25 20:00:01";"Запуск в режиме рассылки"
"2017-03-25 21:00:00";"Запрос на запуск хрона"
"2017-03-25 21:00:00";"Запуск в режиме рассылки"
"2017-03-26 16:00:02";"Запрос на запуск хрона"
"2017-03-26 16:00:02";"Запуск в режиме обслуживания"
"2017-03-26 16:00:02";"Запуск в режиме рассылки"
"2017-03-26 17:00:00";"Запрос на запуск хрона"
"2017-03-26 17:00:00";"Запуск в режиме рассылки"
"2017-03-26 18:00:00";"Запрос на запуск хрона"
"2017-03-26 18:00:00";"Запуск в режиме рассылки"
"2017-03-26 19:00:00";"Запрос на запуск хрона"
"2017-03-26 19:00:00";"Запуск в режиме рассылки"
"2017-03-26 20:00:01";"Запрос на запуск хрона"
"2017-03-26 20:00:01";"Запуск в режиме рассылки"
"2017-03-26 21:00:01";"Запрос на запуск хрона"
"2017-03-26 21:00:01";"Запуск в режиме рассылки"
"2017-03-26 22:00:01";"Запрос на запуск хрона"
"2017-03-26 22:00:01";"Запуск в режиме рассылки"
"2017-03-27 07:00:02";"Запрос на запуск хрона"
"2017-03-27 07:00:02";"Запуск в режиме рассылки"
"2017-03-27 08:00:02";"Запрос на запуск хрона"
"2017-03-27 08:00:02";"Запуск в режиме обслуживания"
"2017-03-27 08:00:02";"Запуск в режиме рассылки"
"2017-03-27 09:00:01";"Запрос на запуск хрона"
"2017-03-27 09:00:01";"Запуск в режиме рассылки"
"2017-03-27 10:00:00";"Запрос на запуск хрона"
"2017-03-27 10:00:00";"Запуск в режиме рассылки"
"2017-03-27 11:00:00";"Запрос на запуск хрона"
"2017-03-27 11:00:00";"Запуск в режиме рассылки"
"2017-03-27 12:00:01";"Запрос на запуск хрона"
"2017-03-27 12:00:01";"Запуск в режиме рассылки"
"2017-03-27 13:00:01";"Запрос на запуск хрона"
"2017-03-27 13:00:01";"Запуск в режиме рассылки"
"2017-03-27 14:00:01";"Запрос на запуск хрона"
"2017-03-27 14:00:01";"Запуск в режиме рассылки"
"2017-03-27 15:00:01";"Запрос на запуск хрона"
"2017-03-27 15:00:01";"Запуск в режиме рассылки"
"2017-03-27 16:00:01";"Запрос на запуск хрона"
"2017-03-27 16:00:01";"Запуск в режиме рассылки"
"2017-03-27 17:00:01";"Запрос на запуск хрона"
"2017-03-27 17:00:01";"Запуск в режиме рассылки"
"2017-03-27 18:00:01";"Запрос на запуск хрона"
"2017-03-27 18:00:01";"Запуск в режиме рассылки"
"2017-03-27 19:00:00";"Запрос на запуск хрона"
"2017-03-27 19:00:00";"Запуск в режиме рассылки"
"2017-03-27 20:00:00";"Запрос на запуск хрона"
"2017-03-27 20:00:00";"Запуск в режиме рассылки"
"2017-03-27 21:00:00";"Запрос на запуск хрона"
"2017-03-27 21:00:00";"Запуск в режиме рассылки"
"2017-03-27 22:00:01";"Запрос на запуск хрона"
"2017-03-27 22:00:01";"Запуск в режиме рассылки"
"2017-03-28 08:00:01";"Запрос на запуск хрона"
"2017-03-28 08:00:01";"Запуск в режиме обслуживания"
"2017-03-28 08:00:01";"Запуск в режиме рассылки"
"2017-03-28 09:00:01";"Запрос на запуск хрона"
"2017-03-28 09:00:01";"Запуск в режиме рассылки"
"2017-03-28 10:00:01";"Запрос на запуск хрона"
"2017-03-28 10:00:01";"Запуск в режиме рассылки"
"2017-03-28 11:00:00";"Запрос на запуск хрона"
"2017-03-28 11:00:00";"Запуск в режиме рассылки"
"2017-03-28 12:00:00";"Запрос на запуск хрона"
"2017-03-28 12:00:00";"Запуск в режиме рассылки"
"2017-03-28 13:00:00";"Запрос на запуск хрона"
"2017-03-28 13:00:00";"Запуск в режиме рассылки"
"2017-03-28 14:00:00";"Запрос на запуск хрона"
"2017-03-28 14:00:00";"Запуск в режиме рассылки"
"2017-03-28 15:00:00";"Запрос на запуск хрона"
"2017-03-28 15:00:00";"Запуск в режиме рассылки"
"2017-03-28 16:00:01";"Запрос на запуск хрона"
"2017-03-28 16:00:01";"Запуск в режиме рассылки"
"2017-03-28 17:00:01";"Запрос на запуск хрона"
"2017-03-28 17:00:01";"Запуск в режиме рассылки"
"2017-03-28 18:00:00";"Запрос на запуск хрона"
"2017-03-28 18:00:00";"Запуск в режиме рассылки"
"2017-03-28 19:00:00";"Запрос на запуск хрона"
"2017-03-28 19:00:00";"Запуск в режиме рассылки"
"2017-03-28 20:00:00";"Запрос на запуск хрона"
"2017-03-28 20:00:00";"Запуск в режиме рассылки"
"2017-03-28 21:00:00";"Запрос на запуск хрона"
"2017-03-28 21:00:00";"Запуск в режиме рассылки"
"2017-03-29 17:00:06";"Запрос на запуск хрона"
"2017-03-29 17:00:06";"Запуск в режиме обслуживания"
"2017-03-29 17:00:06";"Запуск в режиме рассылки"
"2017-03-29 18:00:01";"Запрос на запуск хрона"
"2017-03-29 18:00:01";"Запуск в режиме рассылки"
"2017-03-29 19:00:01";"Запрос на запуск хрона"
"2017-03-29 19:00:01";"Запуск в режиме рассылки"
"2017-03-29 20:00:00";"Запрос на запуск хрона"
"2017-03-29 20:00:00";"Запуск в режиме рассылки"
"2017-03-29 21:00:01";"Запрос на запуск хрона"
"2017-03-29 21:00:01";"Запуск в режиме рассылки"
"2017-03-30 08:00:02";"Запрос на запуск хрона"
"2017-03-30 08:00:02";"Запуск в режиме обслуживания"
"2017-03-30 08:00:02";"Запуск в режиме рассылки"
"2017-03-30 09:00:01";"Запрос на запуск хрона"
"2017-03-30 09:00:01";"Запуск в режиме рассылки"
"2017-03-30 10:00:00";"Запрос на запуск хрона"
"2017-03-30 10:00:00";"Запуск в режиме рассылки"
"2017-03-30 11:00:01";"Запрос на запуск хрона"
"2017-03-30 11:00:01";"Запуск в режиме рассылки"
"2017-03-30 12:00:01";"Запрос на запуск хрона"
"2017-03-30 12:00:01";"Запуск в режиме рассылки"
"2017-03-30 13:00:01";"Запрос на запуск хрона"
"2017-03-30 13:00:01";"Запуск в режиме рассылки"
"2017-03-30 14:00:01";"Запрос на запуск хрона"
"2017-03-30 14:00:01";"Запуск в режиме рассылки"
"2017-03-30 15:00:02";"Запрос на запуск хрона"
"2017-03-30 15:00:02";"Запуск в режиме рассылки"
"2017-03-30 16:00:01";"Запрос на запуск хрона"
"2017-03-30 16:00:01";"Запуск в режиме рассылки"
"2017-03-30 17:00:00";"Запрос на запуск хрона"
"2017-03-30 17:00:00";"Запуск в режиме рассылки"
"2017-03-30 18:00:00";"Запрос на запуск хрона"
"2017-03-30 18:00:00";"Запуск в режиме рассылки"
"2017-03-30 19:00:00";"Запрос на запуск хрона"
"2017-03-30 19:00:00";"Запуск в режиме рассылки"
"2017-03-30 20:00:01";"Запрос на запуск хрона"
"2017-03-30 20:00:01";"Запуск в режиме рассылки"
"2017-03-30 21:00:01";"Запрос на запуск хрона"
"2017-03-30 21:00:01";"Запуск в режиме рассылки"
"2017-03-31 10:00:01";"Запрос на запуск хрона"
"2017-03-31 10:00:01";"Запуск в режиме обслуживания"
"2017-03-31 10:00:01";"Запуск в режиме рассылки"
"2017-03-31 11:00:02";"Запрос на запуск хрона"
"2017-03-31 11:00:02";"Запуск в режиме рассылки"
"2017-03-31 12:00:02";"Запрос на запуск хрона"
"2017-03-31 12:00:02";"Запуск в режиме рассылки"
"2017-03-31 13:00:00";"Запрос на запуск хрона"
"2017-03-31 13:00:00";"Запуск в режиме рассылки"
"2017-03-31 14:00:00";"Запрос на запуск хрона"
"2017-03-31 14:00:00";"Запуск в режиме рассылки"
"2017-03-31 15:00:00";"Запрос на запуск хрона"
"2017-03-31 15:00:00";"Запуск в режиме рассылки"
"2017-03-31 16:00:01";"Запрос на запуск хрона"
"2017-03-31 16:00:01";"Запуск в режиме рассылки"
"2017-03-31 17:00:01";"Запрос на запуск хрона"
"2017-03-31 17:00:01";"Запуск в режиме рассылки"
"2017-03-31 18:00:01";"Запрос на запуск хрона"
"2017-03-31 18:00:01";"Запуск в режиме рассылки"
"2017-03-31 19:00:01";"Запрос на запуск хрона"
"2017-03-31 19:00:01";"Запуск в режиме рассылки"
"2017-03-31 20:00:00";"Запрос на запуск хрона"
"2017-03-31 20:00:00";"Запуск в режиме рассылки"
"2017-03-31 21:00:00";"Запрос на запуск хрона"
"2017-03-31 21:00:00";"Запуск в режиме рассылки"
"2017-04-01 09:00:03";"Запрос на запуск хрона"
"2017-04-01 09:00:03";"Запуск в режиме обслуживания"
"2017-04-01 09:00:03";"Запуск в режиме рассылки"
"2017-04-01 09:00:03";"Запуск в режиме архивации журналов"
