"2016-11-01 10:00:00";"Запрос на запуск хрона"
"2016-11-01 10:00:00";"Запуск в режиме рассылки"
"2016-11-01 11:00:00";"Запрос на запуск хрона"
"2016-11-01 11:00:00";"Запуск в режиме рассылки"
"2016-11-01 12:00:00";"Запрос на запуск хрона"
"2016-11-01 12:00:00";"Запуск в режиме рассылки"
"2016-11-01 13:00:00";"Запрос на запуск хрона"
"2016-11-01 13:00:00";"Запуск в режиме рассылки"
"2016-11-01 14:00:01";"Запрос на запуск хрона"
"2016-11-01 14:00:01";"Запуск в режиме рассылки"
"2016-11-01 15:00:02";"Запрос на запуск хрона"
"2016-11-01 15:00:02";"Запуск в режиме рассылки"
"2016-11-01 16:00:01";"Запрос на запуск хрона"
"2016-11-01 16:00:01";"Запуск в режиме рассылки"
"2016-11-01 17:00:01";"Запрос на запуск хрона"
"2016-11-01 17:00:01";"Запуск в режиме рассылки"
"2016-11-01 18:00:00";"Запрос на запуск хрона"
"2016-11-01 18:00:00";"Запуск в режиме рассылки"
"2016-11-01 19:00:01";"Запрос на запуск хрона"
"2016-11-01 19:00:01";"Запуск в режиме рассылки"
"2016-11-01 20:00:01";"Запрос на запуск хрона"
"2016-11-01 20:00:01";"Запуск в режиме рассылки"
"2016-11-01 21:00:00";"Запрос на запуск хрона"
"2016-11-01 21:00:00";"Запуск в режиме рассылки"
"2016-11-02 09:00:02";"Запрос на запуск хрона"
"2016-11-02 09:00:02";"Запуск в режиме обслуживания"
"2016-11-02 09:00:02";"Запуск в режиме рассылки"
"2016-11-02 10:00:01";"Запрос на запуск хрона"
"2016-11-02 10:00:01";"Запуск в режиме рассылки"
"2016-11-02 11:00:00";"Запрос на запуск хрона"
"2016-11-02 11:00:00";"Запуск в режиме рассылки"
"2016-11-02 12:00:01";"Запрос на запуск хрона"
"2016-11-02 12:00:01";"Запуск в режиме рассылки"
"2016-11-02 13:00:01";"Запрос на запуск хрона"
"2016-11-02 13:00:01";"Запуск в режиме рассылки"
"2016-11-02 14:00:01";"Запрос на запуск хрона"
"2016-11-02 14:00:01";"Запуск в режиме рассылки"
"2016-11-02 15:00:01";"Запрос на запуск хрона"
"2016-11-02 15:00:01";"Запуск в режиме рассылки"
"2016-11-02 16:00:01";"Запрос на запуск хрона"
"2016-11-02 16:00:01";"Запуск в режиме рассылки"
"2016-11-02 17:00:00";"Запрос на запуск хрона"
"2016-11-02 17:00:00";"Запуск в режиме рассылки"
"2016-11-02 18:00:01";"Запрос на запуск хрона"
"2016-11-02 18:00:01";"Запуск в режиме рассылки"
"2016-11-02 19:00:01";"Запрос на запуск хрона"
"2016-11-02 19:00:01";"Запуск в режиме рассылки"
"2016-11-02 20:00:01";"Запрос на запуск хрона"
"2016-11-02 20:00:01";"Запуск в режиме рассылки"
"2016-11-02 21:00:00";"Запрос на запуск хрона"
"2016-11-02 21:00:00";"Запуск в режиме рассылки"
"2016-11-02 22:00:01";"Запрос на запуск хрона"
"2016-11-02 22:00:01";"Запуск в режиме рассылки"
"2016-11-03 10:00:01";"Запрос на запуск хрона"
"2016-11-03 10:00:01";"Запуск в режиме обслуживания"
"2016-11-03 10:00:01";"Запуск в режиме рассылки"
"2016-11-03 11:00:02";"Запрос на запуск хрона"
"2016-11-03 11:00:02";"Запуск в режиме рассылки"
"2016-11-03 12:00:07";"Запрос на запуск хрона"
"2016-11-03 12:00:07";"Запуск в режиме рассылки"
"2016-11-03 13:00:01";"Запрос на запуск хрона"
"2016-11-03 13:00:01";"Запуск в режиме рассылки"
"2016-11-03 14:00:01";"Запрос на запуск хрона"
"2016-11-03 14:00:01";"Запуск в режиме рассылки"
"2016-11-03 15:00:01";"Запрос на запуск хрона"
"2016-11-03 15:00:01";"Запуск в режиме рассылки"
"2016-11-03 16:00:01";"Запрос на запуск хрона"
"2016-11-03 16:00:01";"Запуск в режиме рассылки"
"2016-11-03 17:00:01";"Запрос на запуск хрона"
"2016-11-03 17:00:01";"Запуск в режиме рассылки"
"2016-11-03 18:00:00";"Запрос на запуск хрона"
"2016-11-03 18:00:00";"Запуск в режиме рассылки"
"2016-11-03 19:00:04";"Запрос на запуск хрона"
"2016-11-03 19:00:04";"Запуск в режиме рассылки"
"2016-11-03 20:00:01";"Запрос на запуск хрона"
"2016-11-03 20:00:01";"Запуск в режиме рассылки"
"2016-11-03 21:00:00";"Запрос на запуск хрона"
"2016-11-03 21:00:00";"Запуск в режиме рассылки"
"2016-11-04 10:00:01";"Запрос на запуск хрона"
"2016-11-04 10:00:01";"Запуск в режиме обслуживания"
"2016-11-04 10:00:02";"Запуск в режиме рассылки"
"2016-11-04 11:00:01";"Запрос на запуск хрона"
"2016-11-04 11:00:01";"Запуск в режиме рассылки"
"2016-11-04 12:00:01";"Запрос на запуск хрона"
"2016-11-04 12:00:01";"Запуск в режиме рассылки"
"2016-11-04 13:00:00";"Запрос на запуск хрона"
"2016-11-04 13:00:00";"Запуск в режиме рассылки"
"2016-11-04 14:00:01";"Запрос на запуск хрона"
"2016-11-04 14:00:01";"Запуск в режиме рассылки"
"2016-11-04 15:00:01";"Запрос на запуск хрона"
"2016-11-04 15:00:01";"Запуск в режиме рассылки"
"2016-11-04 16:00:01";"Запрос на запуск хрона"
"2016-11-04 16:00:01";"Запуск в режиме рассылки"
"2016-11-04 17:00:00";"Запрос на запуск хрона"
"2016-11-04 17:00:00";"Запуск в режиме рассылки"
"2016-11-04 18:00:01";"Запрос на запуск хрона"
"2016-11-04 18:00:01";"Запуск в режиме рассылки"
"2016-11-04 19:00:00";"Запрос на запуск хрона"
"2016-11-04 19:00:00";"Запуск в режиме рассылки"
"2016-11-04 20:00:02";"Запрос на запуск хрона"
"2016-11-04 20:00:02";"Запуск в режиме рассылки"
"2016-11-05 09:00:02";"Запрос на запуск хрона"
"2016-11-05 09:00:02";"Запуск в режиме обслуживания"
"2016-11-05 09:00:02";"Запуск в режиме рассылки"
"2016-11-05 10:00:00";"Запрос на запуск хрона"
"2016-11-05 10:00:00";"Запуск в режиме рассылки"
"2016-11-05 11:00:01";"Запрос на запуск хрона"
"2016-11-05 11:00:01";"Запуск в режиме рассылки"
"2016-11-05 12:00:00";"Запрос на запуск хрона"
"2016-11-05 12:00:00";"Запуск в режиме рассылки"
"2016-11-05 13:00:00";"Запрос на запуск хрона"
"2016-11-05 13:00:00";"Запуск в режиме рассылки"
"2016-11-05 14:00:00";"Запрос на запуск хрона"
"2016-11-05 14:00:00";"Запуск в режиме рассылки"
"2016-11-05 15:00:01";"Запрос на запуск хрона"
"2016-11-05 15:00:01";"Запуск в режиме рассылки"
"2016-11-05 16:00:01";"Запрос на запуск хрона"
"2016-11-05 16:00:01";"Запуск в режиме рассылки"
"2016-11-05 17:00:03";"Запрос на запуск хрона"
"2016-11-05 17:00:03";"Запуск в режиме рассылки"
"2016-11-05 18:00:00";"Запрос на запуск хрона"
"2016-11-05 18:00:00";"Запуск в режиме рассылки"
"2016-11-05 19:00:01";"Запрос на запуск хрона"
"2016-11-05 19:00:01";"Запуск в режиме рассылки"
"2016-11-05 20:00:01";"Запрос на запуск хрона"
"2016-11-05 20:00:01";"Запуск в режиме рассылки"
"2016-11-05 21:00:01";"Запрос на запуск хрона"
"2016-11-05 21:00:01";"Запуск в режиме рассылки"
"2016-11-05 22:00:01";"Запрос на запуск хрона"
"2016-11-05 22:00:01";"Запуск в режиме рассылки"
"2016-11-06 08:00:03";"Запрос на запуск хрона"
"2016-11-06 08:00:03";"Запуск в режиме обслуживания"
"2016-11-06 08:00:04";"Запуск в режиме рассылки"
"2016-11-06 09:00:01";"Запрос на запуск хрона"
"2016-11-06 09:00:01";"Запуск в режиме рассылки"
"2016-11-06 10:00:00";"Запрос на запуск хрона"
"2016-11-06 10:00:00";"Запуск в режиме рассылки"
"2016-11-06 11:00:07";"Запрос на запуск хрона"
"2016-11-06 11:00:07";"Запуск в режиме рассылки"
"2016-11-06 12:00:00";"Запрос на запуск хрона"
"2016-11-06 12:00:00";"Запуск в режиме рассылки"
"2016-11-06 13:00:01";"Запрос на запуск хрона"
"2016-11-06 13:00:01";"Запуск в режиме рассылки"
"2016-11-06 14:00:00";"Запрос на запуск хрона"
"2016-11-06 14:00:00";"Запуск в режиме рассылки"
"2016-11-06 15:00:02";"Запрос на запуск хрона"
"2016-11-06 15:00:02";"Запуск в режиме рассылки"
"2016-11-06 16:00:01";"Запрос на запуск хрона"
"2016-11-06 16:00:01";"Запуск в режиме рассылки"
"2016-11-06 17:00:00";"Запрос на запуск хрона"
"2016-11-06 17:00:00";"Запуск в режиме рассылки"
"2016-11-06 18:00:00";"Запрос на запуск хрона"
"2016-11-06 18:00:00";"Запуск в режиме рассылки"
"2016-11-06 19:00:01";"Запрос на запуск хрона"
"2016-11-06 19:00:01";"Запуск в режиме рассылки"
"2016-11-06 20:00:01";"Запрос на запуск хрона"
"2016-11-06 20:00:01";"Запуск в режиме рассылки"
"2016-11-06 21:00:01";"Запрос на запуск хрона"
"2016-11-06 21:00:01";"Запуск в режиме рассылки"
"2016-11-07 18:00:01";"Запрос на запуск хрона"
"2016-11-07 18:00:01";"Запуск в режиме обслуживания"
"2016-11-07 18:00:01";"Запуск в режиме рассылки"
"2016-11-07 19:00:01";"Запрос на запуск хрона"
"2016-11-07 19:00:01";"Запуск в режиме рассылки"
"2016-11-07 20:00:02";"Запрос на запуск хрона"
"2016-11-07 20:00:02";"Запуск в режиме рассылки"
"2016-11-07 21:00:00";"Запрос на запуск хрона"
"2016-11-07 21:00:00";"Запуск в режиме рассылки"
"2016-11-08 10:00:01";"Запрос на запуск хрона"
"2016-11-08 10:00:01";"Запуск в режиме обслуживания"
"2016-11-08 10:00:01";"Запуск в режиме рассылки"
"2016-11-08 11:00:00";"Запрос на запуск хрона"
"2016-11-08 11:00:00";"Запуск в режиме рассылки"
"2016-11-08 12:00:01";"Запрос на запуск хрона"
"2016-11-08 12:00:01";"Запуск в режиме рассылки"
"2016-11-08 13:00:01";"Запрос на запуск хрона"
"2016-11-08 13:00:01";"Запуск в режиме рассылки"
"2016-11-08 14:00:01";"Запрос на запуск хрона"
"2016-11-08 14:00:01";"Запуск в режиме рассылки"
"2016-11-08 15:00:00";"Запрос на запуск хрона"
"2016-11-08 15:00:00";"Запуск в режиме рассылки"
"2016-11-08 16:00:01";"Запрос на запуск хрона"
"2016-11-08 16:00:01";"Запуск в режиме рассылки"
"2016-11-08 17:00:01";"Запрос на запуск хрона"
"2016-11-08 17:00:01";"Запуск в режиме рассылки"
"2016-11-08 18:00:01";"Запрос на запуск хрона"
"2016-11-08 18:00:01";"Запуск в режиме рассылки"
"2016-11-08 19:00:01";"Запрос на запуск хрона"
"2016-11-08 19:00:01";"Запуск в режиме рассылки"
"2016-11-08 20:00:01";"Запрос на запуск хрона"
"2016-11-08 20:00:01";"Запуск в режиме рассылки"
"2016-11-08 21:00:00";"Запрос на запуск хрона"
"2016-11-08 21:00:00";"Запуск в режиме рассылки"
"2016-11-08 22:00:00";"Запрос на запуск хрона"
"2016-11-08 22:00:00";"Запуск в режиме рассылки"
"2016-11-08 23:00:01";"Запрос на запуск хрона"
"2016-11-08 23:00:01";"Запуск в режиме рассылки"
"2016-11-09 10:00:01";"Запрос на запуск хрона"
"2016-11-09 10:00:01";"Запуск в режиме обслуживания"
"2016-11-09 10:00:01";"Запуск в режиме рассылки"
"2016-11-09 11:00:01";"Запрос на запуск хрона"
"2016-11-09 11:00:01";"Запуск в режиме рассылки"
"2016-11-09 12:00:01";"Запрос на запуск хрона"
"2016-11-09 12:00:01";"Запуск в режиме рассылки"
"2016-11-09 13:00:00";"Запрос на запуск хрона"
"2016-11-09 13:00:00";"Запуск в режиме рассылки"
"2016-11-09 14:00:01";"Запрос на запуск хрона"
"2016-11-09 14:00:01";"Запуск в режиме рассылки"
"2016-11-09 15:00:00";"Запрос на запуск хрона"
"2016-11-09 15:00:00";"Запуск в режиме рассылки"
"2016-11-09 16:00:01";"Запрос на запуск хрона"
"2016-11-09 16:00:01";"Запуск в режиме рассылки"
"2016-11-09 17:00:02";"Запрос на запуск хрона"
"2016-11-09 17:00:03";"Запуск в режиме рассылки"
"2016-11-09 18:00:00";"Запрос на запуск хрона"
"2016-11-09 18:00:00";"Запуск в режиме рассылки"
"2016-11-09 19:00:01";"Запрос на запуск хрона"
"2016-11-09 19:00:01";"Запуск в режиме рассылки"
"2016-11-09 20:00:01";"Запрос на запуск хрона"
"2016-11-09 20:00:01";"Запуск в режиме рассылки"
"2016-11-09 21:00:00";"Запрос на запуск хрона"
"2016-11-09 21:00:00";"Запуск в режиме рассылки"
"2016-11-09 22:00:01";"Запрос на запуск хрона"
"2016-11-09 22:00:01";"Запуск в режиме рассылки"
"2016-11-10 09:00:01";"Запрос на запуск хрона"
"2016-11-10 09:00:01";"Запуск в режиме обслуживания"
"2016-11-10 09:00:01";"Запуск в режиме рассылки"
"2016-11-10 10:00:01";"Запрос на запуск хрона"
"2016-11-10 10:00:01";"Запуск в режиме рассылки"
"2016-11-10 11:00:01";"Запрос на запуск хрона"
"2016-11-10 11:00:01";"Запуск в режиме рассылки"
"2016-11-10 12:00:01";"Запрос на запуск хрона"
"2016-11-10 12:00:01";"Запуск в режиме рассылки"
"2016-11-10 13:00:01";"Запрос на запуск хрона"
"2016-11-10 13:00:01";"Запуск в режиме рассылки"
"2016-11-10 14:00:05";"Запрос на запуск хрона"
"2016-11-10 14:00:05";"Запуск в режиме рассылки"
"2016-11-10 15:00:00";"Запрос на запуск хрона"
"2016-11-10 15:00:00";"Запуск в режиме рассылки"
"2016-11-10 16:00:01";"Запрос на запуск хрона"
"2016-11-10 16:00:01";"Запуск в режиме рассылки"
"2016-11-10 17:00:01";"Запрос на запуск хрона"
"2016-11-10 17:00:01";"Запуск в режиме рассылки"
"2016-11-10 18:00:00";"Запрос на запуск хрона"
"2016-11-10 18:00:00";"Запуск в режиме рассылки"
"2016-11-10 19:00:01";"Запрос на запуск хрона"
"2016-11-10 19:00:01";"Запуск в режиме рассылки"
"2016-11-10 20:00:01";"Запрос на запуск хрона"
"2016-11-10 20:00:01";"Запуск в режиме рассылки"
"2016-11-10 21:00:01";"Запрос на запуск хрона"
"2016-11-10 21:00:01";"Запуск в режиме рассылки"
"2016-11-11 09:00:01";"Запрос на запуск хрона"
"2016-11-11 09:00:01";"Запуск в режиме обслуживания"
"2016-11-11 09:00:02";"Обслуживание. Добавлено писем в рассылочную базу - 1 шт."
"2016-11-11 09:00:02";"Запуск в режиме рассылки"
"2016-11-11 09:00:03";"Рассылка. Разослано писем - 1 шт."
"2016-11-11 10:00:01";"Запрос на запуск хрона"
"2016-11-11 10:00:01";"Запуск в режиме рассылки"
"2016-11-11 11:00:00";"Запрос на запуск хрона"
"2016-11-11 11:00:00";"Запуск в режиме рассылки"
"2016-11-11 12:00:00";"Запрос на запуск хрона"
"2016-11-11 12:00:00";"Запуск в режиме рассылки"
"2016-11-11 13:00:01";"Запрос на запуск хрона"
"2016-11-11 13:00:01";"Запуск в режиме рассылки"
"2016-11-11 14:00:00";"Запрос на запуск хрона"
"2016-11-11 14:00:00";"Запуск в режиме рассылки"
"2016-11-11 15:00:00";"Запрос на запуск хрона"
"2016-11-11 15:00:00";"Запуск в режиме рассылки"
"2016-11-11 16:00:00";"Запрос на запуск хрона"
"2016-11-11 16:00:00";"Запуск в режиме рассылки"
"2016-11-11 17:00:00";"Запрос на запуск хрона"
"2016-11-11 17:00:00";"Запуск в режиме рассылки"
"2016-11-11 18:00:30";"Запрос на запуск хрона"
"2016-11-11 18:00:30";"Запуск в режиме рассылки"
"2016-11-11 19:00:00";"Запрос на запуск хрона"
"2016-11-11 19:00:00";"Запуск в режиме рассылки"
"2016-11-11 20:00:00";"Запрос на запуск хрона"
"2016-11-11 20:00:00";"Запуск в режиме рассылки"
"2016-11-11 21:00:01";"Запрос на запуск хрона"
"2016-11-11 21:00:01";"Запуск в режиме рассылки"
"2016-11-11 22:00:01";"Запрос на запуск хрона"
"2016-11-11 22:00:01";"Запуск в режиме рассылки"
"2016-11-12 09:00:00";"Запрос на запуск хрона"
"2016-11-12 09:00:00";"Запуск в режиме обслуживания"
"2016-11-12 09:00:00";"Запуск в режиме рассылки"
"2016-11-12 10:00:01";"Запрос на запуск хрона"
"2016-11-12 10:00:01";"Запуск в режиме рассылки"
"2016-11-12 11:00:01";"Запрос на запуск хрона"
"2016-11-12 11:00:01";"Запуск в режиме рассылки"
"2016-11-12 12:00:01";"Запрос на запуск хрона"
"2016-11-12 12:00:01";"Запуск в режиме рассылки"
"2016-11-12 13:00:01";"Запрос на запуск хрона"
"2016-11-12 13:00:01";"Запуск в режиме рассылки"
"2016-11-12 14:00:01";"Запрос на запуск хрона"
"2016-11-12 14:00:01";"Запуск в режиме рассылки"
"2016-11-12 15:00:01";"Запрос на запуск хрона"
"2016-11-12 15:00:01";"Запуск в режиме рассылки"
"2016-11-12 16:00:01";"Запрос на запуск хрона"
"2016-11-12 16:00:01";"Запуск в режиме рассылки"
"2016-11-12 17:00:01";"Запрос на запуск хрона"
"2016-11-12 17:00:01";"Запуск в режиме рассылки"
"2016-11-12 18:00:00";"Запрос на запуск хрона"
"2016-11-12 18:00:00";"Запуск в режиме рассылки"
"2016-11-12 19:00:00";"Запрос на запуск хрона"
"2016-11-12 19:00:00";"Запуск в режиме рассылки"
"2016-11-12 20:00:01";"Запрос на запуск хрона"
"2016-11-12 20:00:01";"Запуск в режиме рассылки"
"2016-11-12 21:00:00";"Запрос на запуск хрона"
"2016-11-12 21:00:00";"Запуск в режиме рассылки"
"2016-11-13 09:00:01";"Запрос на запуск хрона"
"2016-11-13 09:00:01";"Запуск в режиме обслуживания"
"2016-11-13 09:00:01";"Запуск в режиме рассылки"
"2016-11-13 10:00:01";"Запрос на запуск хрона"
"2016-11-13 10:00:01";"Запуск в режиме рассылки"
"2016-11-13 11:00:01";"Запрос на запуск хрона"
"2016-11-13 11:00:01";"Запуск в режиме рассылки"
"2016-11-13 12:00:01";"Запрос на запуск хрона"
"2016-11-13 12:00:01";"Запуск в режиме рассылки"
"2016-11-13 13:00:01";"Запрос на запуск хрона"
"2016-11-13 13:00:01";"Запуск в режиме рассылки"
"2016-11-13 14:00:01";"Запрос на запуск хрона"
"2016-11-13 14:00:01";"Запуск в режиме рассылки"
"2016-11-13 15:00:01";"Запрос на запуск хрона"
"2016-11-13 15:00:01";"Запуск в режиме рассылки"
"2016-11-13 16:00:01";"Запрос на запуск хрона"
"2016-11-13 16:00:01";"Запуск в режиме рассылки"
"2016-11-13 17:00:00";"Запрос на запуск хрона"
"2016-11-13 17:00:00";"Запуск в режиме рассылки"
"2016-11-13 18:00:00";"Запрос на запуск хрона"
"2016-11-13 18:00:00";"Запуск в режиме рассылки"
"2016-11-13 19:00:00";"Запрос на запуск хрона"
"2016-11-13 19:00:00";"Запуск в режиме рассылки"
"2016-11-13 20:00:00";"Запрос на запуск хрона"
"2016-11-13 20:00:00";"Запуск в режиме рассылки"
"2016-11-13 21:00:01";"Запрос на запуск хрона"
"2016-11-13 21:00:01";"Запуск в режиме рассылки"
"2016-11-13 22:00:01";"Запрос на запуск хрона"
"2016-11-13 22:00:01";"Запуск в режиме рассылки"
"2016-11-14 09:00:01";"Запрос на запуск хрона"
"2016-11-14 09:00:01";"Запуск в режиме обслуживания"
"2016-11-14 09:00:01";"Запуск в режиме рассылки"
"2016-11-14 10:00:00";"Запрос на запуск хрона"
"2016-11-14 10:00:00";"Запуск в режиме рассылки"
"2016-11-14 11:00:01";"Запрос на запуск хрона"
"2016-11-14 11:00:01";"Запуск в режиме рассылки"
"2016-11-14 12:00:01";"Запрос на запуск хрона"
"2016-11-14 12:00:01";"Запуск в режиме рассылки"
"2016-11-14 13:00:01";"Запрос на запуск хрона"
"2016-11-14 13:00:01";"Запуск в режиме рассылки"
"2016-11-14 14:00:00";"Запрос на запуск хрона"
"2016-11-14 14:00:00";"Запуск в режиме рассылки"
"2016-11-14 15:00:00";"Запрос на запуск хрона"
"2016-11-14 15:00:00";"Запуск в режиме рассылки"
"2016-11-14 16:00:00";"Запрос на запуск хрона"
"2016-11-14 16:00:00";"Запуск в режиме рассылки"
"2016-11-14 17:00:01";"Запрос на запуск хрона"
"2016-11-14 17:00:01";"Запуск в режиме рассылки"
"2016-11-14 18:00:01";"Запрос на запуск хрона"
"2016-11-14 18:00:01";"Запуск в режиме рассылки"
"2016-11-14 19:00:01";"Запрос на запуск хрона"
"2016-11-14 19:00:01";"Запуск в режиме рассылки"
"2016-11-14 20:00:01";"Запрос на запуск хрона"
"2016-11-14 20:00:01";"Запуск в режиме рассылки"
"2016-11-14 21:00:01";"Запрос на запуск хрона"
"2016-11-14 21:00:01";"Запуск в режиме рассылки"
"2016-11-15 09:00:01";"Запрос на запуск хрона"
"2016-11-15 09:00:01";"Запуск в режиме обслуживания"
"2016-11-15 09:00:01";"Запуск в режиме рассылки"
"2016-11-15 10:00:01";"Запрос на запуск хрона"
"2016-11-15 10:00:01";"Запуск в режиме рассылки"
"2016-11-15 11:00:00";"Запрос на запуск хрона"
"2016-11-15 11:00:00";"Запуск в режиме рассылки"
"2016-11-15 12:00:01";"Запрос на запуск хрона"
"2016-11-15 12:00:01";"Запуск в режиме рассылки"
"2016-11-15 13:00:01";"Запрос на запуск хрона"
"2016-11-15 13:00:01";"Запуск в режиме рассылки"
"2016-11-15 14:00:00";"Запрос на запуск хрона"
"2016-11-15 14:00:00";"Запуск в режиме рассылки"
"2016-11-15 15:00:00";"Запрос на запуск хрона"
"2016-11-15 15:00:00";"Запуск в режиме рассылки"
"2016-11-15 16:00:00";"Запрос на запуск хрона"
"2016-11-15 16:00:00";"Запуск в режиме рассылки"
"2016-11-15 17:00:00";"Запрос на запуск хрона"
"2016-11-15 17:00:00";"Запуск в режиме рассылки"
"2016-11-15 18:00:00";"Запрос на запуск хрона"
"2016-11-15 18:00:00";"Запуск в режиме рассылки"
"2016-11-15 19:00:00";"Запрос на запуск хрона"
"2016-11-15 19:00:00";"Запуск в режиме рассылки"
"2016-11-15 20:00:00";"Запрос на запуск хрона"
"2016-11-15 20:00:00";"Запуск в режиме рассылки"
"2016-11-15 21:00:00";"Запрос на запуск хрона"
"2016-11-15 21:00:00";"Запуск в режиме рассылки"
"2016-11-15 22:00:00";"Запрос на запуск хрона"
"2016-11-15 22:00:00";"Запуск в режиме рассылки"
"2016-11-16 10:00:01";"Запрос на запуск хрона"
"2016-11-16 10:00:01";"Запуск в режиме обслуживания"
"2016-11-16 10:00:01";"Запуск в режиме рассылки"
"2016-11-16 11:00:00";"Запрос на запуск хрона"
"2016-11-16 11:00:00";"Запуск в режиме рассылки"
"2016-11-16 12:00:01";"Запрос на запуск хрона"
"2016-11-16 12:00:01";"Запуск в режиме рассылки"
"2016-11-16 13:00:01";"Запрос на запуск хрона"
"2016-11-16 13:00:01";"Запуск в режиме рассылки"
"2016-11-16 14:00:00";"Запрос на запуск хрона"
"2016-11-16 14:00:00";"Запуск в режиме рассылки"
"2016-11-16 15:00:01";"Запрос на запуск хрона"
"2016-11-16 15:00:01";"Запуск в режиме рассылки"
"2016-11-16 16:00:01";"Запрос на запуск хрона"
"2016-11-16 16:00:01";"Запуск в режиме рассылки"
"2016-11-16 17:00:00";"Запрос на запуск хрона"
"2016-11-16 17:00:00";"Запуск в режиме рассылки"
"2016-11-16 18:00:00";"Запрос на запуск хрона"
"2016-11-16 18:00:00";"Запуск в режиме рассылки"
"2016-11-16 19:00:00";"Запрос на запуск хрона"
"2016-11-16 19:00:00";"Запуск в режиме рассылки"
"2016-11-16 20:00:00";"Запрос на запуск хрона"
"2016-11-16 20:00:00";"Запуск в режиме рассылки"
"2016-11-16 21:00:01";"Запрос на запуск хрона"
"2016-11-16 21:00:01";"Запуск в режиме рассылки"
"2016-11-16 22:00:01";"Запрос на запуск хрона"
"2016-11-16 22:00:01";"Запуск в режиме рассылки"
"2016-11-17 09:00:01";"Запрос на запуск хрона"
"2016-11-17 09:00:01";"Запуск в режиме обслуживания"
"2016-11-17 09:00:01";"Запуск в режиме рассылки"
"2016-11-17 10:00:00";"Запрос на запуск хрона"
"2016-11-17 10:00:00";"Запуск в режиме рассылки"
"2016-11-17 11:00:00";"Запрос на запуск хрона"
"2016-11-17 11:00:00";"Запуск в режиме рассылки"
"2016-11-17 12:00:00";"Запрос на запуск хрона"
"2016-11-17 12:00:00";"Запуск в режиме рассылки"
"2016-11-17 13:00:00";"Запрос на запуск хрона"
"2016-11-17 13:00:00";"Запуск в режиме рассылки"
"2016-11-17 14:00:00";"Запрос на запуск хрона"
"2016-11-17 14:00:00";"Запуск в режиме рассылки"
"2016-11-17 15:00:00";"Запрос на запуск хрона"
"2016-11-17 15:00:00";"Запуск в режиме рассылки"
"2016-11-17 16:00:01";"Запрос на запуск хрона"
"2016-11-17 16:00:01";"Запуск в режиме рассылки"
"2016-11-17 17:00:00";"Запрос на запуск хрона"
"2016-11-17 17:00:00";"Запуск в режиме рассылки"
"2016-11-17 18:00:00";"Запрос на запуск хрона"
"2016-11-17 18:00:00";"Запуск в режиме рассылки"
"2016-11-17 19:00:00";"Запрос на запуск хрона"
"2016-11-17 19:00:00";"Запуск в режиме рассылки"
"2016-11-17 20:00:00";"Запрос на запуск хрона"
"2016-11-17 20:00:00";"Запуск в режиме рассылки"
"2016-11-18 10:00:02";"Запрос на запуск хрона"
"2016-11-18 10:00:02";"Запуск в режиме обслуживания"
"2016-11-18 10:00:02";"Обслуживание. Добавлено писем в рассылочную базу - 1 шт."
"2016-11-18 10:00:02";"Запуск в режиме рассылки"
"2016-11-18 10:00:08";"Рассылка. Разослано писем - 1 шт."
"2016-11-18 11:00:01";"Запрос на запуск хрона"
"2016-11-18 11:00:01";"Запуск в режиме рассылки"
"2016-11-18 12:00:00";"Запрос на запуск хрона"
"2016-11-18 12:00:00";"Запуск в режиме рассылки"
"2016-11-18 13:00:01";"Запрос на запуск хрона"
"2016-11-18 13:00:01";"Запуск в режиме рассылки"
"2016-11-18 14:00:01";"Запрос на запуск хрона"
"2016-11-18 14:00:01";"Запуск в режиме рассылки"
"2016-11-18 15:00:01";"Запрос на запуск хрона"
"2016-11-18 15:00:01";"Запуск в режиме рассылки"
"2016-11-18 16:00:01";"Запрос на запуск хрона"
"2016-11-18 16:00:01";"Запуск в режиме рассылки"
"2016-11-18 17:00:01";"Запрос на запуск хрона"
"2016-11-18 17:00:01";"Запуск в режиме рассылки"
"2016-11-18 18:00:01";"Запрос на запуск хрона"
"2016-11-18 18:00:01";"Запуск в режиме рассылки"
"2016-11-18 19:00:01";"Запрос на запуск хрона"
"2016-11-18 19:00:01";"Запуск в режиме рассылки"
"2016-11-18 20:00:01";"Запрос на запуск хрона"
"2016-11-18 20:00:01";"Запуск в режиме рассылки"
"2016-11-18 21:00:01";"Запрос на запуск хрона"
"2016-11-18 21:00:01";"Запуск в режиме рассылки"
"2016-11-18 22:00:00";"Запрос на запуск хрона"
"2016-11-18 22:00:00";"Запуск в режиме рассылки"
"2016-11-19 09:00:01";"Запрос на запуск хрона"
"2016-11-19 09:00:01";"Запуск в режиме обслуживания"
"2016-11-19 09:00:01";"Обслуживание. Добавлено писем в рассылочную базу - 1 шт."
"2016-11-19 09:00:01";"Запуск в режиме рассылки"
"2016-11-19 09:00:03";"Рассылка. Разослано писем - 1 шт."
"2016-11-19 10:00:01";"Запрос на запуск хрона"
"2016-11-19 10:00:01";"Запуск в режиме рассылки"
"2016-11-19 11:00:01";"Запрос на запуск хрона"
"2016-11-19 11:00:01";"Запуск в режиме рассылки"
"2016-11-19 12:00:00";"Запрос на запуск хрона"
"2016-11-19 12:00:00";"Запуск в режиме рассылки"
"2016-11-19 13:00:00";"Запрос на запуск хрона"
"2016-11-19 13:00:00";"Запуск в режиме рассылки"
"2016-11-19 14:00:00";"Запрос на запуск хрона"
"2016-11-19 14:00:00";"Запуск в режиме рассылки"
"2016-11-19 15:00:01";"Запрос на запуск хрона"
"2016-11-19 15:00:01";"Запуск в режиме рассылки"
"2016-11-19 16:00:01";"Запрос на запуск хрона"
"2016-11-19 16:00:01";"Запуск в режиме рассылки"
"2016-11-19 17:00:01";"Запрос на запуск хрона"
"2016-11-19 17:00:01";"Запуск в режиме рассылки"
"2016-11-19 18:00:00";"Запрос на запуск хрона"
"2016-11-19 18:00:00";"Запуск в режиме рассылки"
"2016-11-19 19:00:00";"Запрос на запуск хрона"
"2016-11-19 19:00:00";"Запуск в режиме рассылки"
"2016-11-19 20:00:00";"Запрос на запуск хрона"
"2016-11-19 20:00:00";"Запуск в режиме рассылки"
"2016-11-19 21:00:01";"Запрос на запуск хрона"
"2016-11-19 21:00:01";"Запуск в режиме рассылки"
"2016-11-19 22:00:01";"Запрос на запуск хрона"
"2016-11-19 22:00:01";"Запуск в режиме рассылки"
"2016-11-20 11:00:01";"Запрос на запуск хрона"
"2016-11-20 11:00:01";"Запуск в режиме обслуживания"
"2016-11-20 11:00:01";"Запуск в режиме рассылки"
"2016-11-20 12:00:01";"Запрос на запуск хрона"
"2016-11-20 12:00:01";"Запуск в режиме рассылки"
"2016-11-20 13:00:00";"Запрос на запуск хрона"
"2016-11-20 13:00:00";"Запуск в режиме рассылки"
"2016-11-20 14:00:00";"Запрос на запуск хрона"
"2016-11-20 14:00:00";"Запуск в режиме рассылки"
"2016-11-20 15:00:00";"Запрос на запуск хрона"
"2016-11-20 15:00:00";"Запуск в режиме рассылки"
"2016-11-20 16:00:00";"Запрос на запуск хрона"
"2016-11-20 16:00:00";"Запуск в режиме рассылки"
"2016-11-20 17:00:01";"Запрос на запуск хрона"
"2016-11-20 17:00:01";"Запуск в режиме рассылки"
"2016-11-20 18:00:00";"Запрос на запуск хрона"
"2016-11-20 18:00:00";"Запуск в режиме рассылки"
"2016-11-20 19:00:01";"Запрос на запуск хрона"
"2016-11-20 19:00:01";"Запуск в режиме рассылки"
"2016-11-20 20:00:01";"Запрос на запуск хрона"
"2016-11-20 20:00:01";"Запуск в режиме рассылки"
"2016-11-20 21:00:00";"Запрос на запуск хрона"
"2016-11-20 21:00:00";"Запуск в режиме рассылки"
"2016-11-21 10:00:01";"Запрос на запуск хрона"
"2016-11-21 10:00:01";"Запуск в режиме обслуживания"
"2016-11-21 10:00:01";"Запуск в режиме рассылки"
"2016-11-21 11:00:01";"Запрос на запуск хрона"
"2016-11-21 11:00:01";"Запуск в режиме рассылки"
"2016-11-21 12:00:01";"Запрос на запуск хрона"
"2016-11-21 12:00:01";"Запуск в режиме рассылки"
"2016-11-21 13:00:00";"Запрос на запуск хрона"
"2016-11-21 13:00:00";"Запуск в режиме рассылки"
"2016-11-21 14:00:00";"Запрос на запуск хрона"
"2016-11-21 14:00:00";"Запуск в режиме рассылки"
"2016-11-21 15:00:00";"Запрос на запуск хрона"
"2016-11-21 15:00:00";"Запуск в режиме рассылки"
"2016-11-21 16:00:00";"Запрос на запуск хрона"
"2016-11-21 16:00:00";"Запуск в режиме рассылки"
"2016-11-21 17:00:01";"Запрос на запуск хрона"
"2016-11-21 17:00:01";"Запуск в режиме рассылки"
"2016-11-21 18:00:01";"Запрос на запуск хрона"
"2016-11-21 18:00:01";"Запуск в режиме рассылки"
"2016-11-21 19:00:00";"Запрос на запуск хрона"
"2016-11-21 19:00:00";"Запуск в режиме рассылки"
"2016-11-21 20:00:00";"Запрос на запуск хрона"
"2016-11-21 20:00:00";"Запуск в режиме рассылки"
"2016-11-21 21:00:01";"Запрос на запуск хрона"
"2016-11-21 21:00:01";"Запуск в режиме рассылки"
"2016-11-22 08:00:01";"Запрос на запуск хрона"
"2016-11-22 08:00:01";"Запуск в режиме обслуживания"
"2016-11-22 08:00:01";"Запуск в режиме рассылки"
"2016-11-22 09:00:01";"Запрос на запуск хрона"
"2016-11-22 09:00:01";"Запуск в режиме рассылки"
"2016-11-22 10:00:01";"Запрос на запуск хрона"
"2016-11-22 10:00:01";"Запуск в режиме рассылки"
"2016-11-22 11:00:00";"Запрос на запуск хрона"
"2016-11-22 11:00:00";"Запуск в режиме рассылки"
"2016-11-22 12:00:00";"Запрос на запуск хрона"
"2016-11-22 12:00:00";"Запуск в режиме рассылки"
"2016-11-22 13:00:00";"Запрос на запуск хрона"
"2016-11-22 13:00:00";"Запуск в режиме рассылки"
"2016-11-22 14:00:01";"Запрос на запуск хрона"
"2016-11-22 14:00:01";"Запуск в режиме рассылки"
"2016-11-22 15:00:01";"Запрос на запуск хрона"
"2016-11-22 15:00:01";"Запуск в режиме рассылки"
"2016-11-22 16:00:01";"Запрос на запуск хрона"
"2016-11-22 16:00:01";"Запуск в режиме рассылки"
"2016-11-22 17:00:00";"Запрос на запуск хрона"
"2016-11-22 17:00:00";"Запуск в режиме рассылки"
"2016-11-22 18:00:00";"Запрос на запуск хрона"
"2016-11-22 18:00:00";"Запуск в режиме рассылки"
"2016-11-22 19:00:01";"Запрос на запуск хрона"
"2016-11-22 19:00:01";"Запуск в режиме рассылки"
"2016-11-22 20:00:01";"Запрос на запуск хрона"
"2016-11-22 20:00:01";"Запуск в режиме рассылки"
"2016-11-22 21:00:00";"Запрос на запуск хрона"
"2016-11-22 21:00:00";"Запуск в режиме рассылки"
"2016-11-22 22:00:01";"Запрос на запуск хрона"
"2016-11-22 22:00:01";"Запуск в режиме рассылки"
"2016-11-23 09:00:01";"Запрос на запуск хрона"
"2016-11-23 09:00:01";"Запуск в режиме обслуживания"
"2016-11-23 09:00:01";"Запуск в режиме рассылки"
"2016-11-23 10:00:01";"Запрос на запуск хрона"
"2016-11-23 10:00:01";"Запуск в режиме рассылки"
"2016-11-23 11:00:01";"Запрос на запуск хрона"
"2016-11-23 11:00:01";"Запуск в режиме рассылки"
"2016-11-23 12:00:01";"Запрос на запуск хрона"
"2016-11-23 12:00:01";"Запуск в режиме рассылки"
"2016-11-23 13:00:01";"Запрос на запуск хрона"
"2016-11-23 13:00:01";"Запуск в режиме рассылки"
"2016-11-23 14:00:01";"Запрос на запуск хрона"
"2016-11-23 14:00:01";"Запуск в режиме рассылки"
"2016-11-23 15:00:01";"Запрос на запуск хрона"
"2016-11-23 15:00:01";"Запуск в режиме рассылки"
"2016-11-23 16:00:01";"Запрос на запуск хрона"
"2016-11-23 16:00:01";"Запуск в режиме рассылки"
"2016-11-23 17:00:01";"Запрос на запуск хрона"
"2016-11-23 17:00:01";"Запуск в режиме рассылки"
"2016-11-23 18:00:00";"Запрос на запуск хрона"
"2016-11-23 18:00:00";"Запуск в режиме рассылки"
"2016-11-23 19:00:00";"Запрос на запуск хрона"
"2016-11-23 19:00:00";"Запуск в режиме рассылки"
"2016-11-23 20:00:00";"Запрос на запуск хрона"
"2016-11-23 20:00:00";"Запуск в режиме рассылки"
"2016-11-23 21:00:01";"Запрос на запуск хрона"
"2016-11-23 21:00:01";"Запуск в режиме рассылки"
"2016-11-23 22:00:01";"Запрос на запуск хрона"
"2016-11-23 22:00:01";"Запуск в режиме рассылки"
"2016-11-24 10:00:01";"Запрос на запуск хрона"
"2016-11-24 10:00:01";"Запуск в режиме обслуживания"
"2016-11-24 10:00:01";"Обслуживание. Добавлено писем в рассылочную базу - 1 шт."
"2016-11-24 10:00:01";"Запуск в режиме рассылки"
"2016-11-24 10:00:04";"Рассылка. Разослано писем - 1 шт."
"2016-11-24 11:00:01";"Запрос на запуск хрона"
"2016-11-24 11:00:01";"Запуск в режиме рассылки"
"2016-11-24 12:00:00";"Запрос на запуск хрона"
"2016-11-24 12:00:00";"Запуск в режиме рассылки"
"2016-11-24 13:00:00";"Запрос на запуск хрона"
"2016-11-24 13:00:00";"Запуск в режиме рассылки"
"2016-11-24 14:00:01";"Запрос на запуск хрона"
"2016-11-24 14:00:01";"Запуск в режиме рассылки"
"2016-11-24 15:00:01";"Запрос на запуск хрона"
"2016-11-24 15:00:01";"Запуск в режиме рассылки"
"2016-11-24 16:00:01";"Запрос на запуск хрона"
"2016-11-24 16:00:01";"Запуск в режиме рассылки"
"2016-11-24 17:00:01";"Запрос на запуск хрона"
"2016-11-24 17:00:01";"Запуск в режиме рассылки"
"2016-11-24 18:00:01";"Запрос на запуск хрона"
"2016-11-24 18:00:01";"Запуск в режиме рассылки"
"2016-11-24 19:00:01";"Запрос на запуск хрона"
"2016-11-24 19:00:01";"Запуск в режиме рассылки"
"2016-11-24 20:00:01";"Запрос на запуск хрона"
"2016-11-24 20:00:01";"Запуск в режиме рассылки"
"2016-11-24 21:00:00";"Запрос на запуск хрона"
"2016-11-24 21:00:00";"Запуск в режиме рассылки"
"2016-11-24 22:00:00";"Запрос на запуск хрона"
"2016-11-24 22:00:00";"Запуск в режиме рассылки"
"2016-11-25 10:00:01";"Запрос на запуск хрона"
"2016-11-25 10:00:01";"Запуск в режиме обслуживания"
"2016-11-25 10:00:02";"Обслуживание. Добавлено писем в рассылочную базу - 2 шт."
"2016-11-25 10:00:02";"Запуск в режиме рассылки"
"2016-11-25 10:00:06";"Рассылка. Разослано писем - 2 шт."
"2016-11-25 11:00:01";"Запрос на запуск хрона"
"2016-11-25 11:00:01";"Запуск в режиме рассылки"
"2016-11-25 12:00:00";"Запрос на запуск хрона"
"2016-11-25 12:00:00";"Запуск в режиме рассылки"
"2016-11-25 13:00:00";"Запрос на запуск хрона"
"2016-11-25 13:00:00";"Запуск в режиме рассылки"
"2016-11-25 14:00:00";"Запрос на запуск хрона"
"2016-11-25 14:00:00";"Запуск в режиме рассылки"
"2016-11-25 15:00:00";"Запрос на запуск хрона"
"2016-11-25 15:00:00";"Запуск в режиме рассылки"
"2016-11-25 16:00:00";"Запрос на запуск хрона"
"2016-11-25 16:00:00";"Запуск в режиме рассылки"
"2016-11-25 17:00:01";"Запрос на запуск хрона"
"2016-11-25 17:00:01";"Запуск в режиме рассылки"
"2016-11-25 18:00:01";"Запрос на запуск хрона"
"2016-11-25 18:00:01";"Запуск в режиме рассылки"
"2016-11-25 19:00:01";"Запрос на запуск хрона"
"2016-11-25 19:00:01";"Запуск в режиме рассылки"
"2016-11-25 20:00:01";"Запрос на запуск хрона"
"2016-11-25 20:00:01";"Запуск в режиме рассылки"
"2016-11-25 21:00:00";"Запрос на запуск хрона"
"2016-11-25 21:00:00";"Запуск в режиме рассылки"
"2016-11-25 22:00:00";"Запрос на запуск хрона"
"2016-11-25 22:00:00";"Запуск в режиме рассылки"
"2016-11-26 08:00:01";"Запрос на запуск хрона"
"2016-11-26 08:00:01";"Запуск в режиме обслуживания"
"2016-11-26 08:00:01";"Обслуживание. Добавлено писем в рассылочную базу - 1 шт."
"2016-11-26 08:00:02";"Запуск в режиме рассылки"
"2016-11-26 08:00:04";"Рассылка. Разослано писем - 1 шт."
"2016-11-26 09:00:00";"Запрос на запуск хрона"
"2016-11-26 09:00:00";"Запуск в режиме рассылки"
"2016-11-26 10:00:00";"Запрос на запуск хрона"
"2016-11-26 10:00:00";"Запуск в режиме рассылки"
"2016-11-26 11:00:00";"Запрос на запуск хрона"
"2016-11-26 11:00:00";"Запуск в режиме рассылки"
"2016-11-26 12:00:01";"Запрос на запуск хрона"
"2016-11-26 12:00:01";"Запуск в режиме рассылки"
"2016-11-26 13:00:00";"Запрос на запуск хрона"
"2016-11-26 13:00:00";"Запуск в режиме рассылки"
"2016-11-26 14:00:01";"Запрос на запуск хрона"
"2016-11-26 14:00:01";"Запуск в режиме рассылки"
"2016-11-26 15:00:00";"Запрос на запуск хрона"
"2016-11-26 15:00:00";"Запуск в режиме рассылки"
"2016-11-26 16:00:00";"Запрос на запуск хрона"
"2016-11-26 16:00:00";"Запуск в режиме рассылки"
"2016-11-26 17:00:00";"Запрос на запуск хрона"
"2016-11-26 17:00:00";"Запуск в режиме рассылки"
"2016-11-26 18:00:01";"Запрос на запуск хрона"
"2016-11-26 18:00:01";"Запуск в режиме рассылки"
"2016-11-26 19:00:01";"Запрос на запуск хрона"
"2016-11-26 19:00:01";"Запуск в режиме рассылки"
"2016-11-26 20:00:00";"Запрос на запуск хрона"
"2016-11-26 20:00:00";"Запуск в режиме рассылки"
"2016-11-27 10:00:01";"Запрос на запуск хрона"
"2016-11-27 10:00:01";"Запуск в режиме обслуживания"
"2016-11-27 10:00:01";"Обслуживание. Добавлено писем в рассылочную базу - 1 шт."
"2016-11-27 10:00:01";"Запуск в режиме рассылки"
"2016-11-27 10:00:03";"Рассылка. Разослано писем - 1 шт."
"2016-11-27 11:00:01";"Запрос на запуск хрона"
"2016-11-27 11:00:01";"Запуск в режиме рассылки"
"2016-11-27 12:00:00";"Запрос на запуск хрона"
"2016-11-27 12:00:00";"Запуск в режиме рассылки"
"2016-11-27 13:00:00";"Запрос на запуск хрона"
"2016-11-27 13:00:00";"Запуск в режиме рассылки"
"2016-11-27 14:00:00";"Запрос на запуск хрона"
"2016-11-27 14:00:00";"Запуск в режиме рассылки"
"2016-11-27 15:00:00";"Запрос на запуск хрона"
"2016-11-27 15:00:00";"Запуск в режиме рассылки"
"2016-11-27 16:00:00";"Запрос на запуск хрона"
"2016-11-27 16:00:00";"Запуск в режиме рассылки"
"2016-11-27 17:00:01";"Запрос на запуск хрона"
"2016-11-27 17:00:01";"Запуск в режиме рассылки"
"2016-11-27 18:00:00";"Запрос на запуск хрона"
"2016-11-27 18:00:00";"Запуск в режиме рассылки"
"2016-11-27 19:00:00";"Запрос на запуск хрона"
"2016-11-27 19:00:00";"Запуск в режиме рассылки"
"2016-11-27 20:00:00";"Запрос на запуск хрона"
"2016-11-27 20:00:00";"Запуск в режиме рассылки"
"2016-11-27 21:00:00";"Запрос на запуск хрона"
"2016-11-27 21:00:00";"Запуск в режиме рассылки"
"2016-11-27 22:00:00";"Запрос на запуск хрона"
"2016-11-27 22:00:00";"Запуск в режиме рассылки"
"2016-11-27 23:00:00";"Запрос на запуск хрона"
"2016-11-27 23:00:00";"Запуск в режиме рассылки"
"2016-11-28 09:00:01";"Запрос на запуск хрона"
"2016-11-28 09:00:01";"Запуск в режиме обслуживания"
"2016-11-28 09:00:02";"Обслуживание. Добавлено писем в рассылочную базу - 1 шт."
"2016-11-28 09:00:02";"Запуск в режиме рассылки"
"2016-11-28 09:00:05";"Рассылка. Разослано писем - 1 шт."
"2016-11-28 10:00:00";"Запрос на запуск хрона"
"2016-11-28 10:00:00";"Запуск в режиме рассылки"
"2016-11-28 11:00:01";"Запрос на запуск хрона"
"2016-11-28 11:00:01";"Запуск в режиме рассылки"
"2016-11-28 12:00:01";"Запрос на запуск хрона"
"2016-11-28 12:00:01";"Запуск в режиме рассылки"
"2016-11-28 13:00:01";"Запрос на запуск хрона"
"2016-11-28 13:00:01";"Запуск в режиме рассылки"
"2016-11-28 14:00:00";"Запрос на запуск хрона"
"2016-11-28 14:00:00";"Запуск в режиме рассылки"
"2016-11-28 15:00:00";"Запрос на запуск хрона"
"2016-11-28 15:00:00";"Запуск в режиме рассылки"
"2016-11-28 16:00:01";"Запрос на запуск хрона"
"2016-11-28 16:00:01";"Запуск в режиме рассылки"
"2016-11-28 17:00:01";"Запрос на запуск хрона"
"2016-11-28 17:00:01";"Запуск в режиме рассылки"
"2016-11-28 18:00:00";"Запрос на запуск хрона"
"2016-11-28 18:00:00";"Запуск в режиме рассылки"
"2016-11-28 19:00:00";"Запрос на запуск хрона"
"2016-11-28 19:00:00";"Запуск в режиме рассылки"
"2016-11-28 20:00:00";"Запрос на запуск хрона"
"2016-11-28 20:00:00";"Запуск в режиме рассылки"
"2016-11-28 21:00:00";"Запрос на запуск хрона"
"2016-11-28 21:00:00";"Запуск в режиме рассылки"
"2016-11-29 09:00:01";"Запрос на запуск хрона"
"2016-11-29 09:00:01";"Запуск в режиме обслуживания"
"2016-11-29 09:00:01";"Запуск в режиме рассылки"
"2016-11-29 10:00:00";"Запрос на запуск хрона"
"2016-11-29 10:00:00";"Запуск в режиме рассылки"
"2016-11-29 11:00:01";"Запрос на запуск хрона"
"2016-11-29 11:00:01";"Запуск в режиме рассылки"
"2016-11-29 12:00:01";"Запрос на запуск хрона"
"2016-11-29 12:00:01";"Запуск в режиме рассылки"
"2016-11-29 13:00:01";"Запрос на запуск хрона"
"2016-11-29 13:00:01";"Запуск в режиме рассылки"
"2016-11-29 14:00:01";"Запрос на запуск хрона"
"2016-11-29 14:00:01";"Запуск в режиме рассылки"
"2016-11-29 15:00:01";"Запрос на запуск хрона"
"2016-11-29 15:00:01";"Запуск в режиме рассылки"
"2016-11-29 16:00:01";"Запрос на запуск хрона"
"2016-11-29 16:00:01";"Запуск в режиме рассылки"
"2016-11-29 17:00:01";"Запрос на запуск хрона"
"2016-11-29 17:00:01";"Запуск в режиме рассылки"
"2016-11-29 18:00:01";"Запрос на запуск хрона"
"2016-11-29 18:00:01";"Запуск в режиме рассылки"
"2016-11-29 19:00:00";"Запрос на запуск хрона"
"2016-11-29 19:00:00";"Запуск в режиме рассылки"
"2016-11-29 20:00:00";"Запрос на запуск хрона"
"2016-11-29 20:00:00";"Запуск в режиме рассылки"
"2016-11-30 09:00:01";"Запрос на запуск хрона"
"2016-11-30 09:00:01";"Запуск в режиме обслуживания"
"2016-11-30 09:00:01";"Запуск в режиме рассылки"
"2016-11-30 10:00:01";"Запрос на запуск хрона"
"2016-11-30 10:00:01";"Запуск в режиме рассылки"
"2016-11-30 11:00:00";"Запрос на запуск хрона"
"2016-11-30 11:00:00";"Запуск в режиме рассылки"
"2016-11-30 12:00:00";"Запрос на запуск хрона"
"2016-11-30 12:00:00";"Запуск в режиме рассылки"
"2016-11-30 13:00:00";"Запрос на запуск хрона"
"2016-11-30 13:00:00";"Запуск в режиме рассылки"
"2016-11-30 14:00:00";"Запрос на запуск хрона"
"2016-11-30 14:00:00";"Запуск в режиме рассылки"
"2016-11-30 15:00:00";"Запрос на запуск хрона"
"2016-11-30 15:00:00";"Запуск в режиме рассылки"
"2016-11-30 16:00:00";"Запрос на запуск хрона"
"2016-11-30 16:00:00";"Запуск в режиме рассылки"
"2016-11-30 17:00:01";"Запрос на запуск хрона"
"2016-11-30 17:00:01";"Запуск в режиме рассылки"
"2016-11-30 18:00:01";"Запрос на запуск хрона"
"2016-11-30 18:00:01";"Запуск в режиме рассылки"
"2016-11-30 19:00:00";"Запрос на запуск хрона"
"2016-11-30 19:00:00";"Запуск в режиме рассылки"
"2016-11-30 20:00:00";"Запрос на запуск хрона"
"2016-11-30 20:00:00";"Запуск в режиме рассылки"
"2016-11-30 21:00:00";"Запрос на запуск хрона"
"2016-11-30 21:00:00";"Запуск в режиме рассылки"
"2016-12-01 11:00:01";"Запрос на запуск хрона"
"2016-12-01 11:00:01";"Запуск в режиме обслуживания"
"2016-12-01 11:00:01";"Запуск в режиме рассылки"
"2016-12-01 11:00:01";"Запуск в режиме архивации журналов"
