"2016-11-10 18:48:31";dm84ya08@yandex.ru;robot@raznosilka.ru;"Разносилка. Неопределённые SMS."
"2016-11-11 09:00:03";dm84ya08@yandex.ru;robot@raznosilka.ru;"Возможно, вы забыли проставить оплаты"
"2016-11-18 10:00:08";dm84ya08@yandex.ru;robot@raznosilka.ru;"Не забудьте проставить оплаты"
"2016-11-19 09:00:03";dm84ya08@yandex.ru;robot@raznosilka.ru;"Возможно, вы забыли проставить оплаты"
"2016-11-24 10:00:04";dm84ya08@yandex.ru;robot@raznosilka.ru;"Не забудьте проставить оплаты"
"2016-11-25 10:00:04";dm84ya08@yandex.ru;robot@raznosilka.ru;"Не забудьте проставить оплаты"
"2016-11-25 10:00:06";dm84ya08@yandex.ru;robot@raznosilka.ru;"Возможно, вы забыли проставить оплаты"
"2016-11-26 08:00:04";dm84ya08@yandex.ru;robot@raznosilka.ru;"Возможно, вы забыли проставить оплаты"
"2016-11-27 10:00:03";dm84ya08@yandex.ru;robot@raznosilka.ru;"Не забудьте проставить оплаты"
"2016-11-28 09:00:05";dm84ya08@yandex.ru;robot@raznosilka.ru;"Возможно, вы забыли проставить оплаты"
