"2016-12-01 12:00:00";"Запрос на запуск хрона"
"2016-12-01 12:00:01";"Запуск в режиме рассылки"
"2016-12-01 13:00:01";"Запрос на запуск хрона"
"2016-12-01 13:00:01";"Запуск в режиме рассылки"
"2016-12-01 14:00:00";"Запрос на запуск хрона"
"2016-12-01 14:00:00";"Запуск в режиме рассылки"
"2016-12-01 15:00:00";"Запрос на запуск хрона"
"2016-12-01 15:00:00";"Запуск в режиме рассылки"
"2016-12-01 16:00:00";"Запрос на запуск хрона"
"2016-12-01 16:00:00";"Запуск в режиме рассылки"
"2016-12-01 17:00:02";"Запрос на запуск хрона"
"2016-12-01 17:00:02";"Запуск в режиме рассылки"
"2016-12-01 18:00:01";"Запрос на запуск хрона"
"2016-12-01 18:00:01";"Запуск в режиме рассылки"
"2016-12-01 19:00:01";"Запрос на запуск хрона"
"2016-12-01 19:00:01";"Запуск в режиме рассылки"
"2016-12-01 20:00:00";"Запрос на запуск хрона"
"2016-12-01 20:00:00";"Запуск в режиме рассылки"
"2016-12-01 21:00:01";"Запрос на запуск хрона"
"2016-12-01 21:00:01";"Запуск в режиме рассылки"
"2016-12-02 10:00:01";"Запрос на запуск хрона"
"2016-12-02 10:00:01";"Запуск в режиме обслуживания"
"2016-12-02 10:00:01";"Запуск в режиме рассылки"
"2016-12-02 11:00:00";"Запрос на запуск хрона"
"2016-12-02 11:00:00";"Запуск в режиме рассылки"
"2016-12-02 12:00:01";"Запрос на запуск хрона"
"2016-12-02 12:00:01";"Запуск в режиме рассылки"
"2016-12-02 13:00:00";"Запрос на запуск хрона"
"2016-12-02 13:00:00";"Запуск в режиме рассылки"
"2016-12-02 14:00:00";"Запрос на запуск хрона"
"2016-12-02 14:00:00";"Запуск в режиме рассылки"
"2016-12-02 15:00:00";"Запрос на запуск хрона"
"2016-12-02 15:00:00";"Запуск в режиме рассылки"
"2016-12-02 16:00:01";"Запрос на запуск хрона"
"2016-12-02 16:00:01";"Запуск в режиме рассылки"
"2016-12-02 17:00:01";"Запрос на запуск хрона"
"2016-12-02 17:00:01";"Запуск в режиме рассылки"
"2016-12-02 18:00:00";"Запрос на запуск хрона"
"2016-12-02 18:00:00";"Запуск в режиме рассылки"
"2016-12-02 19:00:00";"Запрос на запуск хрона"
"2016-12-02 19:00:00";"Запуск в режиме рассылки"
"2016-12-02 20:00:01";"Запрос на запуск хрона"
"2016-12-02 20:00:01";"Запуск в режиме рассылки"
"2016-12-02 21:00:01";"Запрос на запуск хрона"
"2016-12-02 21:00:01";"Запуск в режиме рассылки"
"2016-12-02 22:00:00";"Запрос на запуск хрона"
"2016-12-02 22:00:00";"Запуск в режиме рассылки"
"2016-12-03 09:00:01";"Запрос на запуск хрона"
"2016-12-03 09:00:01";"Запуск в режиме обслуживания"
"2016-12-03 09:00:02";"Запуск в режиме рассылки"
"2016-12-03 10:00:01";"Запрос на запуск хрона"
"2016-12-03 10:00:01";"Запуск в режиме рассылки"
"2016-12-03 11:00:01";"Запрос на запуск хрона"
"2016-12-03 11:00:01";"Запуск в режиме рассылки"
"2016-12-03 12:00:00";"Запрос на запуск хрона"
"2016-12-03 12:00:00";"Запуск в режиме рассылки"
"2016-12-03 13:00:00";"Запрос на запуск хрона"
"2016-12-03 13:00:00";"Запуск в режиме рассылки"
"2016-12-03 14:00:00";"Запрос на запуск хрона"
"2016-12-03 14:00:00";"Запуск в режиме рассылки"
"2016-12-03 15:00:00";"Запрос на запуск хрона"
"2016-12-03 15:00:00";"Запуск в режиме рассылки"
"2016-12-03 16:00:01";"Запрос на запуск хрона"
"2016-12-03 16:00:01";"Запуск в режиме рассылки"
"2016-12-03 17:00:01";"Запрос на запуск хрона"
"2016-12-03 17:00:01";"Запуск в режиме рассылки"
"2016-12-03 18:00:01";"Запрос на запуск хрона"
"2016-12-03 18:00:01";"Запуск в режиме рассылки"
"2016-12-03 19:00:00";"Запрос на запуск хрона"
"2016-12-03 19:00:00";"Запуск в режиме рассылки"
"2016-12-03 20:00:00";"Запрос на запуск хрона"
"2016-12-03 20:00:00";"Запуск в режиме рассылки"
"2016-12-03 21:00:00";"Запрос на запуск хрона"
"2016-12-03 21:00:00";"Запуск в режиме рассылки"
"2016-12-03 22:00:01";"Запрос на запуск хрона"
"2016-12-03 22:00:01";"Запуск в режиме рассылки"
"2016-12-04 09:00:01";"Запрос на запуск хрона"
"2016-12-04 09:00:01";"Запуск в режиме обслуживания"
"2016-12-04 09:00:01";"Обслуживание. Добавлено писем в рассылочную базу - 1 шт."
"2016-12-04 09:00:01";"Запуск в режиме рассылки"
"2016-12-04 09:00:04";"Рассылка. Разослано писем - 1 шт."
"2016-12-04 10:00:01";"Запрос на запуск хрона"
"2016-12-04 10:00:01";"Запуск в режиме рассылки"
"2016-12-04 11:00:00";"Запрос на запуск хрона"
"2016-12-04 11:00:00";"Запуск в режиме рассылки"
"2016-12-04 12:00:00";"Запрос на запуск хрона"
"2016-12-04 12:00:00";"Запуск в режиме рассылки"
"2016-12-04 13:00:00";"Запрос на запуск хрона"
"2016-12-04 13:00:00";"Запуск в режиме рассылки"
"2016-12-04 14:00:00";"Запрос на запуск хрона"
"2016-12-04 14:00:00";"Запуск в режиме рассылки"
"2016-12-04 15:00:01";"Запрос на запуск хрона"
"2016-12-04 15:00:01";"Запуск в режиме рассылки"
"2016-12-04 16:00:00";"Запрос на запуск хрона"
"2016-12-04 16:00:00";"Запуск в режиме рассылки"
"2016-12-04 17:00:01";"Запрос на запуск хрона"
"2016-12-04 17:00:01";"Запуск в режиме рассылки"
"2016-12-04 18:00:01";"Запрос на запуск хрона"
"2016-12-04 18:00:01";"Запуск в режиме рассылки"
"2016-12-04 19:00:01";"Запрос на запуск хрона"
"2016-12-04 19:00:01";"Запуск в режиме рассылки"
"2016-12-04 20:00:01";"Запрос на запуск хрона"
"2016-12-04 20:00:01";"Запуск в режиме рассылки"
"2016-12-05 14:00:01";"Запрос на запуск хрона"
"2016-12-05 14:00:01";"Запуск в режиме обслуживания"
"2016-12-05 14:00:02";"Обслуживание. Добавлено писем в рассылочную базу - 1 шт."
"2016-12-05 14:00:02";"Запуск в режиме рассылки"
"2016-12-05 14:00:04";"Рассылка. Разослано писем - 1 шт."
"2016-12-05 15:00:01";"Запрос на запуск хрона"
"2016-12-05 15:00:01";"Запуск в режиме рассылки"
"2016-12-05 16:00:01";"Запрос на запуск хрона"
"2016-12-05 16:00:01";"Запуск в режиме рассылки"
"2016-12-05 17:00:01";"Запрос на запуск хрона"
"2016-12-05 17:00:01";"Запуск в режиме рассылки"
"2016-12-05 18:00:00";"Запрос на запуск хрона"
"2016-12-05 18:00:00";"Запуск в режиме рассылки"
"2016-12-05 19:00:01";"Запрос на запуск хрона"
"2016-12-05 19:00:01";"Запуск в режиме рассылки"
"2016-12-05 20:00:01";"Запрос на запуск хрона"
"2016-12-05 20:00:01";"Запуск в режиме рассылки"
"2016-12-06 10:00:01";"Запрос на запуск хрона"
"2016-12-06 10:00:01";"Запуск в режиме обслуживания"
"2016-12-06 10:00:01";"Запуск в режиме рассылки"
"2016-12-06 11:00:01";"Запрос на запуск хрона"
"2016-12-06 11:00:01";"Запуск в режиме рассылки"
"2016-12-06 12:00:00";"Запрос на запуск хрона"
"2016-12-06 12:00:00";"Запуск в режиме рассылки"
"2016-12-06 13:00:00";"Запрос на запуск хрона"
"2016-12-06 13:00:00";"Запуск в режиме рассылки"
"2016-12-06 14:00:00";"Запрос на запуск хрона"
"2016-12-06 14:00:00";"Запуск в режиме рассылки"
"2016-12-06 15:00:00";"Запрос на запуск хрона"
"2016-12-06 15:00:00";"Запуск в режиме рассылки"
"2016-12-06 16:00:01";"Запрос на запуск хрона"
"2016-12-06 16:00:01";"Запуск в режиме рассылки"
"2016-12-06 17:00:00";"Запрос на запуск хрона"
"2016-12-06 17:00:00";"Запуск в режиме рассылки"
"2016-12-06 18:00:00";"Запрос на запуск хрона"
"2016-12-06 18:00:00";"Запуск в режиме рассылки"
"2016-12-06 19:00:00";"Запрос на запуск хрона"
"2016-12-06 19:00:00";"Запуск в режиме рассылки"
"2016-12-06 20:00:00";"Запрос на запуск хрона"
"2016-12-06 20:00:00";"Запуск в режиме рассылки"
"2016-12-06 21:00:01";"Запрос на запуск хрона"
"2016-12-06 21:00:01";"Запуск в режиме рассылки"
"2016-12-07 09:00:01";"Запрос на запуск хрона"
"2016-12-07 09:00:01";"Запуск в режиме обслуживания"
"2016-12-07 09:00:01";"Запуск в режиме рассылки"
"2016-12-07 10:00:01";"Запрос на запуск хрона"
"2016-12-07 10:00:01";"Запуск в режиме рассылки"
"2016-12-07 11:00:00";"Запрос на запуск хрона"
"2016-12-07 11:00:00";"Запуск в режиме рассылки"
"2016-12-07 12:00:00";"Запрос на запуск хрона"
"2016-12-07 12:00:00";"Запуск в режиме рассылки"
"2016-12-07 13:00:00";"Запрос на запуск хрона"
"2016-12-07 13:00:00";"Запуск в режиме рассылки"
"2016-12-07 14:00:02";"Запрос на запуск хрона"
"2016-12-07 14:00:02";"Запуск в режиме рассылки"
"2016-12-07 15:00:00";"Запрос на запуск хрона"
"2016-12-07 15:00:00";"Запуск в режиме рассылки"
"2016-12-07 16:00:00";"Запрос на запуск хрона"
"2016-12-07 16:00:00";"Запуск в режиме рассылки"
"2016-12-07 17:00:00";"Запрос на запуск хрона"
"2016-12-07 17:00:00";"Запуск в режиме рассылки"
"2016-12-07 18:00:00";"Запрос на запуск хрона"
"2016-12-07 18:00:00";"Запуск в режиме рассылки"
"2016-12-07 19:00:00";"Запрос на запуск хрона"
"2016-12-07 19:00:00";"Запуск в режиме рассылки"
"2016-12-07 20:00:01";"Запрос на запуск хрона"
"2016-12-07 20:00:01";"Запуск в режиме рассылки"
"2016-12-07 21:00:01";"Запрос на запуск хрона"
"2016-12-07 21:00:01";"Запуск в режиме рассылки"
"2016-12-07 22:00:00";"Запрос на запуск хрона"
"2016-12-07 22:00:00";"Запуск в режиме рассылки"
"2016-12-08 09:00:01";"Запрос на запуск хрона"
"2016-12-08 09:00:01";"Запуск в режиме обслуживания"
"2016-12-08 09:00:01";"Запуск в режиме рассылки"
"2016-12-08 10:00:01";"Запрос на запуск хрона"
"2016-12-08 10:00:01";"Запуск в режиме рассылки"
"2016-12-08 11:00:01";"Запрос на запуск хрона"
"2016-12-08 11:00:01";"Запуск в режиме рассылки"
"2016-12-08 12:00:01";"Запрос на запуск хрона"
"2016-12-08 12:00:01";"Запуск в режиме рассылки"
"2016-12-08 13:00:01";"Запрос на запуск хрона"
"2016-12-08 13:00:01";"Запуск в режиме рассылки"
"2016-12-08 14:00:00";"Запрос на запуск хрона"
"2016-12-08 14:00:00";"Запуск в режиме рассылки"
"2016-12-08 15:00:00";"Запрос на запуск хрона"
"2016-12-08 15:00:00";"Запуск в режиме рассылки"
"2016-12-08 16:00:01";"Запрос на запуск хрона"
"2016-12-08 16:00:01";"Запуск в режиме рассылки"
"2016-12-08 17:00:01";"Запрос на запуск хрона"
"2016-12-08 17:00:01";"Запуск в режиме рассылки"
"2016-12-08 18:00:01";"Запрос на запуск хрона"
"2016-12-08 18:00:01";"Запуск в режиме рассылки"
"2016-12-08 19:00:00";"Запрос на запуск хрона"
"2016-12-08 19:00:00";"Запуск в режиме рассылки"
"2016-12-08 20:00:00";"Запрос на запуск хрона"
"2016-12-08 20:00:00";"Запуск в режиме рассылки"
"2016-12-08 21:00:01";"Запрос на запуск хрона"
"2016-12-08 21:00:01";"Запуск в режиме рассылки"
"2016-12-09 10:00:01";"Запрос на запуск хрона"
"2016-12-09 10:00:01";"Запуск в режиме обслуживания"
"2016-12-09 10:00:01";"Запуск в режиме рассылки"
"2016-12-09 11:00:00";"Запрос на запуск хрона"
"2016-12-09 11:00:00";"Запуск в режиме рассылки"
"2016-12-09 12:00:00";"Запрос на запуск хрона"
"2016-12-09 12:00:00";"Запуск в режиме рассылки"
"2016-12-09 13:00:01";"Запрос на запуск хрона"
"2016-12-09 13:00:01";"Запуск в режиме рассылки"
"2016-12-09 14:00:00";"Запрос на запуск хрона"
"2016-12-09 14:00:00";"Запуск в режиме рассылки"
"2016-12-09 15:00:00";"Запрос на запуск хрона"
"2016-12-09 15:00:00";"Запуск в режиме рассылки"
"2016-12-09 16:00:01";"Запрос на запуск хрона"
"2016-12-09 16:00:01";"Запуск в режиме рассылки"
"2016-12-09 17:00:00";"Запрос на запуск хрона"
"2016-12-09 17:00:00";"Запуск в режиме рассылки"
"2016-12-09 18:00:00";"Запрос на запуск хрона"
"2016-12-09 18:00:00";"Запуск в режиме рассылки"
"2016-12-09 19:00:00";"Запрос на запуск хрона"
"2016-12-09 19:00:00";"Запуск в режиме рассылки"
"2016-12-09 20:00:00";"Запрос на запуск хрона"
"2016-12-09 20:00:00";"Запуск в режиме рассылки"
"2016-12-10 09:00:01";"Запрос на запуск хрона"
"2016-12-10 09:00:01";"Запуск в режиме обслуживания"
"2016-12-10 09:00:01";"Запуск в режиме рассылки"
"2016-12-10 10:00:01";"Запрос на запуск хрона"
"2016-12-10 10:00:01";"Запуск в режиме рассылки"
"2016-12-10 11:00:01";"Запрос на запуск хрона"
"2016-12-10 11:00:01";"Запуск в режиме обслуживания"
"2016-12-10 11:00:01";"Запуск в режиме рассылки"
"2016-12-10 12:00:00";"Запрос на запуск хрона"
"2016-12-10 12:00:00";"Запуск в режиме рассылки"
"2016-12-10 13:00:00";"Запрос на запуск хрона"
"2016-12-10 13:00:00";"Запуск в режиме рассылки"
"2016-12-10 14:00:00";"Запрос на запуск хрона"
"2016-12-10 14:00:00";"Запуск в режиме рассылки"
"2016-12-10 15:00:01";"Запрос на запуск хрона"
"2016-12-10 15:00:01";"Запуск в режиме рассылки"
"2016-12-10 16:00:00";"Запрос на запуск хрона"
"2016-12-10 16:00:00";"Запуск в режиме рассылки"
"2016-12-10 17:00:00";"Запрос на запуск хрона"
"2016-12-10 17:00:00";"Запуск в режиме рассылки"
"2016-12-10 18:00:00";"Запрос на запуск хрона"
"2016-12-10 18:00:00";"Запуск в режиме рассылки"
"2016-12-10 19:00:00";"Запрос на запуск хрона"
"2016-12-10 19:00:00";"Запуск в режиме рассылки"
"2016-12-10 20:00:00";"Запрос на запуск хрона"
"2016-12-10 20:00:00";"Запуск в режиме рассылки"
"2016-12-10 21:00:01";"Запрос на запуск хрона"
"2016-12-10 21:00:01";"Запуск в режиме рассылки"
"2016-12-12 09:00:01";"Запрос на запуск хрона"
"2016-12-12 09:00:01";"Запуск в режиме обслуживания"
"2016-12-12 09:00:02";"Обслуживание. Добавлено писем в рассылочную базу - 1 шт."
"2016-12-12 09:00:02";"Обслуживание. Удалено устаревших нераспознанных SMS - 25 шт."
"2016-12-12 09:00:02";"Запуск в режиме рассылки"
"2016-12-12 09:00:04";"Рассылка. Разослано писем - 1 шт."
"2016-12-12 10:00:00";"Запрос на запуск хрона"
"2016-12-12 10:00:00";"Запуск в режиме рассылки"
"2016-12-12 11:00:01";"Запрос на запуск хрона"
"2016-12-12 11:00:01";"Запуск в режиме рассылки"
"2016-12-12 12:00:01";"Запрос на запуск хрона"
"2016-12-12 12:00:01";"Запуск в режиме рассылки"
"2016-12-12 13:00:01";"Запрос на запуск хрона"
"2016-12-12 13:00:01";"Запуск в режиме рассылки"
"2016-12-12 14:00:01";"Запрос на запуск хрона"
"2016-12-12 14:00:01";"Запуск в режиме рассылки"
"2016-12-12 15:00:01";"Запрос на запуск хрона"
"2016-12-12 15:00:01";"Запуск в режиме рассылки"
"2016-12-12 16:00:00";"Запрос на запуск хрона"
"2016-12-12 16:00:00";"Запуск в режиме рассылки"
"2016-12-12 17:00:01";"Запрос на запуск хрона"
"2016-12-12 17:00:01";"Запуск в режиме рассылки"
"2016-12-12 18:00:01";"Запрос на запуск хрона"
"2016-12-12 18:00:01";"Запуск в режиме рассылки"
"2016-12-12 19:00:00";"Запрос на запуск хрона"
"2016-12-12 19:00:00";"Запуск в режиме рассылки"
"2016-12-12 20:00:00";"Запрос на запуск хрона"
"2016-12-12 20:00:00";"Запуск в режиме рассылки"
"2016-12-12 21:00:00";"Запрос на запуск хрона"
"2016-12-12 21:00:00";"Запуск в режиме рассылки"
"2016-12-13 08:00:01";"Запрос на запуск хрона"
"2016-12-13 08:00:01";"Запуск в режиме обслуживания"
"2016-12-13 08:00:01";"Запуск в режиме рассылки"
"2016-12-13 09:00:00";"Запрос на запуск хрона"
"2016-12-13 09:00:00";"Запуск в режиме рассылки"
"2016-12-13 10:00:00";"Запрос на запуск хрона"
"2016-12-13 10:00:00";"Запуск в режиме рассылки"
"2016-12-13 11:00:00";"Запрос на запуск хрона"
"2016-12-13 11:00:00";"Запуск в режиме рассылки"
"2016-12-13 12:00:01";"Запрос на запуск хрона"
"2016-12-13 12:00:01";"Запуск в режиме рассылки"
"2016-12-13 13:00:01";"Запрос на запуск хрона"
"2016-12-13 13:00:01";"Запуск в режиме рассылки"
"2016-12-13 14:00:01";"Запрос на запуск хрона"
"2016-12-13 14:00:01";"Запуск в режиме рассылки"
"2016-12-13 15:00:01";"Запрос на запуск хрона"
"2016-12-13 15:00:01";"Запуск в режиме рассылки"
"2016-12-13 16:00:01";"Запрос на запуск хрона"
"2016-12-13 16:00:01";"Запуск в режиме рассылки"
"2016-12-13 17:00:01";"Запрос на запуск хрона"
"2016-12-13 17:00:01";"Запуск в режиме рассылки"
"2016-12-13 18:00:00";"Запрос на запуск хрона"
"2016-12-13 18:00:00";"Запуск в режиме рассылки"
"2016-12-13 19:00:00";"Запрос на запуск хрона"
"2016-12-13 19:00:00";"Запуск в режиме рассылки"
"2016-12-13 20:00:01";"Запрос на запуск хрона"
"2016-12-13 20:00:01";"Запуск в режиме рассылки"
"2016-12-13 21:00:01";"Запрос на запуск хрона"
"2016-12-13 21:00:01";"Запуск в режиме рассылки"
"2016-12-14 09:00:02";"Запрос на запуск хрона"
"2016-12-14 09:00:02";"Запуск в режиме обслуживания"
"2016-12-14 09:00:02";"Запуск в режиме рассылки"
"2016-12-14 10:00:01";"Запрос на запуск хрона"
"2016-12-14 10:00:01";"Запуск в режиме рассылки"
"2016-12-14 11:00:01";"Запрос на запуск хрона"
"2016-12-14 11:00:01";"Запуск в режиме рассылки"
"2016-12-14 12:00:01";"Запрос на запуск хрона"
"2016-12-14 12:00:01";"Запуск в режиме рассылки"
"2016-12-14 13:00:01";"Запрос на запуск хрона"
"2016-12-14 13:00:01";"Запуск в режиме рассылки"
"2016-12-14 14:00:00";"Запрос на запуск хрона"
"2016-12-14 14:00:00";"Запуск в режиме рассылки"
"2016-12-14 15:00:01";"Запрос на запуск хрона"
"2016-12-14 15:00:01";"Запуск в режиме рассылки"
"2016-12-14 16:00:00";"Запрос на запуск хрона"
"2016-12-14 16:00:00";"Запуск в режиме рассылки"
"2016-12-14 17:00:00";"Запрос на запуск хрона"
"2016-12-14 17:00:00";"Запуск в режиме рассылки"
"2016-12-14 18:00:00";"Запрос на запуск хрона"
"2016-12-14 18:00:00";"Запуск в режиме рассылки"
"2016-12-14 19:00:01";"Запрос на запуск хрона"
"2016-12-14 19:00:01";"Запуск в режиме рассылки"
"2016-12-14 20:00:01";"Запрос на запуск хрона"
"2016-12-14 20:00:01";"Запуск в режиме рассылки"
"2016-12-14 21:00:00";"Запрос на запуск хрона"
"2016-12-14 21:00:00";"Запуск в режиме рассылки"
"2016-12-14 22:00:00";"Запрос на запуск хрона"
"2016-12-14 22:00:00";"Запуск в режиме рассылки"
"2016-12-15 15:00:01";"Запрос на запуск хрона"
"2016-12-15 15:00:01";"Запуск в режиме обслуживания"
"2016-12-15 15:00:02";"Запуск в режиме рассылки"
"2016-12-15 16:00:01";"Запрос на запуск хрона"
"2016-12-15 16:00:01";"Запуск в режиме рассылки"
"2016-12-15 17:00:01";"Запрос на запуск хрона"
"2016-12-15 17:00:01";"Запуск в режиме рассылки"
"2016-12-15 18:00:00";"Запрос на запуск хрона"
"2016-12-15 18:00:01";"Запуск в режиме рассылки"
"2016-12-15 19:00:01";"Запрос на запуск хрона"
"2016-12-15 19:00:01";"Запуск в режиме рассылки"
"2016-12-15 20:00:01";"Запрос на запуск хрона"
"2016-12-15 20:00:01";"Запуск в режиме рассылки"
"2016-12-15 21:00:01";"Запрос на запуск хрона"
"2016-12-15 21:00:01";"Запуск в режиме рассылки"
"2016-12-15 22:00:01";"Запрос на запуск хрона"
"2016-12-15 22:00:01";"Запуск в режиме рассылки"
"2016-12-16 09:00:02";"Запрос на запуск хрона"
"2016-12-16 09:00:02";"Запуск в режиме обслуживания"
"2016-12-16 09:00:02";"Обслуживание. Добавлено писем в рассылочную базу - 1 шт."
"2016-12-16 09:00:02";"Запуск в режиме рассылки"
"2016-12-16 09:00:04";"Рассылка. Разослано писем - 1 шт."
"2016-12-16 10:00:01";"Запрос на запуск хрона"
"2016-12-16 10:00:01";"Запуск в режиме рассылки"
"2016-12-16 11:00:00";"Запрос на запуск хрона"
"2016-12-16 11:00:01";"Запуск в режиме рассылки"
"2016-12-16 12:00:00";"Запрос на запуск хрона"
"2016-12-16 12:00:00";"Запуск в режиме рассылки"
"2016-12-16 13:00:00";"Запрос на запуск хрона"
"2016-12-16 13:00:00";"Запуск в режиме рассылки"
"2016-12-16 14:00:01";"Запрос на запуск хрона"
"2016-12-16 14:00:01";"Запуск в режиме рассылки"
"2016-12-16 15:00:01";"Запрос на запуск хрона"
"2016-12-16 15:00:01";"Запуск в режиме рассылки"
"2016-12-16 16:00:00";"Запрос на запуск хрона"
"2016-12-16 16:00:00";"Запуск в режиме рассылки"
"2016-12-16 18:00:01";"Запрос на запуск хрона"
"2016-12-16 18:00:01";"Запуск в режиме рассылки"
"2016-12-16 19:00:00";"Запрос на запуск хрона"
"2016-12-16 19:00:00";"Запуск в режиме рассылки"
"2016-12-16 20:00:00";"Запрос на запуск хрона"
"2016-12-16 20:00:00";"Запуск в режиме рассылки"
"2016-12-16 21:00:01";"Запрос на запуск хрона"
"2016-12-16 21:00:01";"Запуск в режиме рассылки"
"2016-12-17 09:00:01";"Запрос на запуск хрона"
"2016-12-17 09:00:01";"Запуск в режиме обслуживания"
"2016-12-17 09:00:02";"Обслуживание. Добавлено писем в рассылочную базу - 1 шт."
"2016-12-17 09:00:02";"Запуск в режиме рассылки"
"2016-12-17 09:00:04";"Рассылка. Разослано писем - 1 шт."
"2016-12-17 10:00:00";"Запрос на запуск хрона"
"2016-12-17 10:00:00";"Запуск в режиме рассылки"
"2016-12-17 11:00:01";"Запрос на запуск хрона"
"2016-12-17 11:00:01";"Запуск в режиме рассылки"
"2016-12-17 12:00:01";"Запрос на запуск хрона"
"2016-12-17 12:00:01";"Запуск в режиме рассылки"
"2016-12-17 13:00:00";"Запрос на запуск хрона"
"2016-12-17 13:00:00";"Запуск в режиме рассылки"
"2016-12-17 14:00:00";"Запрос на запуск хрона"
"2016-12-17 14:00:00";"Запуск в режиме рассылки"
"2016-12-17 15:00:00";"Запрос на запуск хрона"
"2016-12-17 15:00:00";"Запуск в режиме рассылки"
"2016-12-17 16:00:01";"Запрос на запуск хрона"
"2016-12-17 16:00:01";"Запуск в режиме рассылки"
"2016-12-17 17:00:01";"Запрос на запуск хрона"
"2016-12-17 17:00:01";"Запуск в режиме рассылки"
"2016-12-17 18:00:00";"Запрос на запуск хрона"
"2016-12-17 18:00:00";"Запуск в режиме рассылки"
"2016-12-17 19:00:01";"Запрос на запуск хрона"
"2016-12-17 19:00:01";"Запуск в режиме рассылки"
"2016-12-17 20:00:01";"Запрос на запуск хрона"
"2016-12-17 20:00:01";"Запуск в режиме рассылки"
"2016-12-17 21:00:00";"Запрос на запуск хрона"
"2016-12-17 21:00:00";"Запуск в режиме рассылки"
"2016-12-19 09:00:02";"Запрос на запуск хрона"
"2016-12-19 09:00:02";"Запуск в режиме обслуживания"
"2016-12-19 09:00:02";"Запуск в режиме рассылки"
"2016-12-19 10:00:00";"Запрос на запуск хрона"
"2016-12-19 10:00:00";"Запуск в режиме рассылки"
"2016-12-19 11:00:00";"Запрос на запуск хрона"
"2016-12-19 11:00:00";"Запуск в режиме рассылки"
"2016-12-19 12:00:01";"Запрос на запуск хрона"
"2016-12-19 12:00:01";"Запуск в режиме рассылки"
"2016-12-19 13:00:01";"Запрос на запуск хрона"
"2016-12-19 13:00:01";"Запуск в режиме рассылки"
"2016-12-19 14:00:01";"Запрос на запуск хрона"
"2016-12-19 14:00:01";"Запуск в режиме рассылки"
"2016-12-19 15:00:01";"Запрос на запуск хрона"
"2016-12-19 15:00:01";"Запуск в режиме рассылки"
"2016-12-19 16:00:00";"Запрос на запуск хрона"
"2016-12-19 16:00:00";"Запуск в режиме рассылки"
"2016-12-19 17:00:00";"Запрос на запуск хрона"
"2016-12-19 17:00:00";"Запуск в режиме рассылки"
"2016-12-19 18:00:00";"Запрос на запуск хрона"
"2016-12-19 18:00:00";"Запуск в режиме рассылки"
"2016-12-19 19:00:00";"Запрос на запуск хрона"
"2016-12-19 19:00:00";"Запуск в режиме рассылки"
"2016-12-19 20:00:00";"Запрос на запуск хрона"
"2016-12-19 20:00:00";"Запуск в режиме рассылки"
"2016-12-19 21:00:01";"Запрос на запуск хрона"
"2016-12-19 21:00:01";"Запуск в режиме рассылки"
"2016-12-19 22:00:01";"Запрос на запуск хрона"
"2016-12-19 22:00:01";"Запуск в режиме рассылки"
"2016-12-19 23:00:01";"Запрос на запуск хрона"
"2016-12-19 23:00:01";"Запуск в режиме рассылки"
"2016-12-20 00:00:00";"Запрос на запуск хрона"
"2016-12-20 00:00:00";"Запуск в режиме рассылки"
"2016-12-20 01:00:00";"Запрос на запуск хрона"
"2016-12-20 01:00:00";"Запуск в режиме рассылки"
"2016-12-20 02:00:00";"Запрос на запуск хрона"
"2016-12-20 02:00:00";"Запуск в режиме рассылки"
"2016-12-20 03:00:00";"Запрос на запуск хрона"
"2016-12-20 03:00:00";"Запуск в режиме рассылки"
"2016-12-20 04:00:00";"Запрос на запуск хрона"
"2016-12-20 04:00:00";"Запуск в режиме рассылки"
"2016-12-20 05:00:01";"Запрос на запуск хрона"
"2016-12-20 05:00:01";"Запуск в режиме рассылки"
"2016-12-20 06:00:01";"Запрос на запуск хрона"
"2016-12-20 06:00:01";"Запуск в режиме рассылки"
"2016-12-20 07:00:01";"Запрос на запуск хрона"
"2016-12-20 07:00:01";"Запуск в режиме рассылки"
"2016-12-20 08:00:01";"Запрос на запуск хрона"
"2016-12-20 08:00:01";"Запуск в режиме обслуживания"
"2016-12-20 08:00:01";"Запуск в режиме рассылки"
"2016-12-20 09:00:01";"Запрос на запуск хрона"
"2016-12-20 09:00:01";"Запуск в режиме рассылки"
"2016-12-20 10:00:00";"Запрос на запуск хрона"
"2016-12-20 10:00:00";"Запуск в режиме рассылки"
"2016-12-20 11:00:00";"Запрос на запуск хрона"
"2016-12-20 11:00:00";"Запуск в режиме рассылки"
"2016-12-20 12:00:01";"Запрос на запуск хрона"
"2016-12-20 12:00:01";"Запуск в режиме рассылки"
"2016-12-20 13:00:01";"Запрос на запуск хрона"
"2016-12-20 13:00:01";"Запуск в режиме рассылки"
"2016-12-20 14:00:00";"Запрос на запуск хрона"
"2016-12-20 14:00:00";"Запуск в режиме рассылки"
"2016-12-20 15:00:00";"Запрос на запуск хрона"
"2016-12-20 15:00:00";"Запуск в режиме рассылки"
"2016-12-20 16:00:01";"Запрос на запуск хрона"
"2016-12-20 16:00:01";"Запуск в режиме рассылки"
"2016-12-20 17:00:01";"Запрос на запуск хрона"
"2016-12-20 17:00:01";"Запуск в режиме рассылки"
"2016-12-20 18:00:01";"Запрос на запуск хрона"
"2016-12-20 18:00:01";"Запуск в режиме рассылки"
"2016-12-20 19:00:00";"Запрос на запуск хрона"
"2016-12-20 19:00:00";"Запуск в режиме рассылки"
"2016-12-20 20:00:01";"Запрос на запуск хрона"
"2016-12-20 20:00:01";"Запуск в режиме рассылки"
"2016-12-20 21:00:01";"Запрос на запуск хрона"
"2016-12-20 21:00:01";"Запуск в режиме рассылки"
"2016-12-20 22:00:01";"Запрос на запуск хрона"
"2016-12-20 22:00:01";"Запуск в режиме рассылки"
"2016-12-20 23:00:01";"Запрос на запуск хрона"
"2016-12-20 23:00:01";"Запуск в режиме рассылки"
"2016-12-21 09:00:09";"Запрос на запуск хрона"
"2016-12-21 09:00:09";"Запуск в режиме обслуживания"
"2016-12-21 09:00:09";"Обслуживание. Добавлено писем в рассылочную базу - 1 шт."
"2016-12-21 09:00:09";"Запуск в режиме рассылки"
"2016-12-21 09:00:11";"Рассылка. Разослано писем - 1 шт."
"2016-12-21 10:00:01";"Запрос на запуск хрона"
"2016-12-21 10:00:01";"Запуск в режиме рассылки"
"2016-12-21 11:00:01";"Запрос на запуск хрона"
"2016-12-21 11:00:01";"Запуск в режиме рассылки"
"2016-12-21 12:00:01";"Запрос на запуск хрона"
"2016-12-21 12:00:01";"Запуск в режиме рассылки"
"2016-12-21 13:00:02";"Запрос на запуск хрона"
"2016-12-21 13:00:02";"Запуск в режиме рассылки"
"2016-12-21 14:00:01";"Запрос на запуск хрона"
"2016-12-21 14:00:01";"Запуск в режиме рассылки"
"2016-12-21 15:00:01";"Запрос на запуск хрона"
"2016-12-21 15:00:01";"Запуск в режиме рассылки"
"2016-12-21 16:00:01";"Запрос на запуск хрона"
"2016-12-21 16:00:01";"Запуск в режиме рассылки"
"2016-12-21 17:00:01";"Запрос на запуск хрона"
"2016-12-21 17:00:01";"Запуск в режиме рассылки"
"2016-12-21 18:00:01";"Запрос на запуск хрона"
"2016-12-21 18:00:01";"Запуск в режиме рассылки"
"2016-12-21 19:00:00";"Запрос на запуск хрона"
"2016-12-21 19:00:00";"Запуск в режиме рассылки"
"2016-12-21 20:00:01";"Запрос на запуск хрона"
"2016-12-21 20:00:01";"Запуск в режиме рассылки"
"2016-12-21 21:00:01";"Запрос на запуск хрона"
"2016-12-21 21:00:01";"Запуск в режиме рассылки"
"2016-12-22 09:00:02";"Запрос на запуск хрона"
"2016-12-22 09:00:02";"Запуск в режиме обслуживания"
"2016-12-22 09:00:02";"Обслуживание. Добавлено писем в рассылочную базу - 2 шт."
"2016-12-22 09:00:02";"Запуск в режиме рассылки"
"2016-12-22 09:00:05";"Рассылка. Разослано писем - 2 шт."
"2016-12-22 10:00:01";"Запрос на запуск хрона"
"2016-12-22 10:00:01";"Запуск в режиме рассылки"
"2016-12-22 11:00:02";"Запрос на запуск хрона"
"2016-12-22 11:00:02";"Запуск в режиме рассылки"
"2016-12-22 12:00:01";"Запрос на запуск хрона"
"2016-12-22 12:00:01";"Запуск в режиме рассылки"
"2016-12-22 13:00:00";"Запрос на запуск хрона"
"2016-12-22 13:00:00";"Запуск в режиме рассылки"
"2016-12-22 20:00:01";"Запрос на запуск хрона"
"2016-12-22 20:00:01";"Запуск в режиме рассылки"
"2016-12-22 21:00:00";"Запрос на запуск хрона"
"2016-12-22 21:00:00";"Запуск в режиме рассылки"
"2016-12-22 22:00:01";"Запрос на запуск хрона"
"2016-12-22 22:00:01";"Запуск в режиме рассылки"
"2016-12-22 23:00:01";"Запрос на запуск хрона"
"2016-12-22 23:00:01";"Запуск в режиме рассылки"
"2016-12-23 09:00:01";"Запрос на запуск хрона"
"2016-12-23 09:00:01";"Запуск в режиме обслуживания"
"2016-12-23 09:00:02";"Обслуживание. Добавлено писем в рассылочную базу - 1 шт."
"2016-12-23 09:00:02";"Запуск в режиме рассылки"
"2016-12-23 09:00:04";"Рассылка. Разослано писем - 1 шт."
"2016-12-23 10:00:01";"Запрос на запуск хрона"
"2016-12-23 10:00:01";"Запуск в режиме рассылки"
"2016-12-23 11:00:01";"Запрос на запуск хрона"
"2016-12-23 11:00:01";"Запуск в режиме рассылки"
"2016-12-23 12:00:01";"Запрос на запуск хрона"
"2016-12-23 12:00:01";"Запуск в режиме рассылки"
"2016-12-23 13:00:00";"Запрос на запуск хрона"
"2016-12-23 13:00:00";"Запуск в режиме рассылки"
"2016-12-23 14:00:00";"Запрос на запуск хрона"
"2016-12-23 14:00:00";"Запуск в режиме рассылки"
"2016-12-23 15:00:01";"Запрос на запуск хрона"
"2016-12-23 15:00:01";"Запуск в режиме рассылки"
"2016-12-23 16:00:02";"Запрос на запуск хрона"
"2016-12-23 16:00:02";"Запуск в режиме рассылки"
"2016-12-24 09:00:01";"Запрос на запуск хрона"
"2016-12-24 09:00:01";"Запуск в режиме обслуживания"
"2016-12-24 09:00:01";"Запуск в режиме рассылки"
"2016-12-24 10:00:00";"Запрос на запуск хрона"
"2016-12-24 10:00:00";"Запуск в режиме рассылки"
"2016-12-24 11:00:01";"Запрос на запуск хрона"
"2016-12-24 11:00:01";"Запуск в режиме рассылки"
"2016-12-24 12:00:02";"Запрос на запуск хрона"
"2016-12-24 12:00:02";"Запуск в режиме рассылки"
"2016-12-25 09:00:01";"Запрос на запуск хрона"
"2016-12-25 09:00:01";"Запуск в режиме обслуживания"
"2016-12-25 09:00:02";"Запуск в режиме рассылки"
"2016-12-25 10:00:01";"Запрос на запуск хрона"
"2016-12-25 10:00:01";"Запуск в режиме рассылки"
"2016-12-25 11:00:01";"Запрос на запуск хрона"
"2016-12-25 11:00:01";"Запуск в режиме рассылки"
"2016-12-25 12:00:01";"Запрос на запуск хрона"
"2016-12-25 12:00:01";"Запуск в режиме рассылки"
"2016-12-25 13:00:01";"Запрос на запуск хрона"
"2016-12-25 13:00:01";"Запуск в режиме рассылки"
"2016-12-25 14:00:00";"Запрос на запуск хрона"
"2016-12-25 14:00:00";"Запуск в режиме рассылки"
"2016-12-25 15:00:00";"Запрос на запуск хрона"
"2016-12-25 15:00:00";"Запуск в режиме рассылки"
"2016-12-25 16:00:00";"Запрос на запуск хрона"
"2016-12-25 16:00:00";"Запуск в режиме рассылки"
"2016-12-25 17:00:00";"Запрос на запуск хрона"
"2016-12-25 17:00:00";"Запуск в режиме рассылки"
"2016-12-25 18:00:01";"Запрос на запуск хрона"
"2016-12-25 18:00:01";"Запуск в режиме рассылки"
"2016-12-25 19:00:00";"Запрос на запуск хрона"
"2016-12-25 19:00:00";"Запуск в режиме рассылки"
"2016-12-25 20:00:00";"Запрос на запуск хрона"
"2016-12-25 20:00:00";"Запуск в режиме рассылки"
"2016-12-25 21:00:00";"Запрос на запуск хрона"
"2016-12-25 21:00:00";"Запуск в режиме рассылки"
"2016-12-25 22:00:00";"Запрос на запуск хрона"
"2016-12-25 22:00:00";"Запуск в режиме рассылки"
"2016-12-26 09:00:01";"Запрос на запуск хрона"
"2016-12-26 09:00:01";"Запуск в режиме обслуживания"
"2016-12-26 09:00:01";"Запуск в режиме рассылки"
"2016-12-26 10:00:00";"Запрос на запуск хрона"
"2016-12-26 10:00:00";"Запуск в режиме рассылки"
"2016-12-26 11:00:00";"Запрос на запуск хрона"
"2016-12-26 11:00:00";"Запуск в режиме рассылки"
"2016-12-26 12:00:00";"Запрос на запуск хрона"
"2016-12-26 12:00:00";"Запуск в режиме рассылки"
"2016-12-26 13:00:00";"Запрос на запуск хрона"
"2016-12-26 13:00:00";"Запуск в режиме рассылки"
"2016-12-26 14:00:01";"Запрос на запуск хрона"
"2016-12-26 14:00:01";"Запуск в режиме рассылки"
"2016-12-26 15:00:01";"Запрос на запуск хрона"
"2016-12-26 15:00:01";"Запуск в режиме рассылки"
"2016-12-26 16:00:01";"Запрос на запуск хрона"
"2016-12-26 16:00:01";"Запуск в режиме рассылки"
"2016-12-26 17:00:01";"Запрос на запуск хрона"
"2016-12-26 17:00:01";"Запуск в режиме рассылки"
"2016-12-27 09:00:00";"Запрос на запуск хрона"
"2016-12-27 09:00:00";"Запуск в режиме обслуживания"
"2016-12-27 09:00:00";"Запуск в режиме рассылки"
"2016-12-27 10:00:00";"Запрос на запуск хрона"
"2016-12-27 10:00:00";"Запуск в режиме рассылки"
"2016-12-27 11:00:03";"Запрос на запуск хрона"
"2016-12-27 11:00:03";"Запуск в режиме рассылки"
"2016-12-27 12:00:01";"Запрос на запуск хрона"
"2016-12-27 12:00:01";"Запуск в режиме рассылки"
"2016-12-27 13:00:00";"Запрос на запуск хрона"
"2016-12-27 13:00:00";"Запуск в режиме рассылки"
"2016-12-27 14:00:00";"Запрос на запуск хрона"
"2016-12-27 14:00:00";"Запуск в режиме рассылки"
"2016-12-27 15:00:01";"Запрос на запуск хрона"
"2016-12-27 15:00:01";"Запуск в режиме рассылки"
"2016-12-27 16:00:01";"Запрос на запуск хрона"
"2016-12-27 16:00:01";"Запуск в режиме рассылки"
"2016-12-27 17:00:00";"Запрос на запуск хрона"
"2016-12-27 17:00:00";"Запуск в режиме рассылки"
"2016-12-27 18:00:00";"Запрос на запуск хрона"
"2016-12-27 18:00:00";"Запуск в режиме рассылки"
"2016-12-27 19:00:00";"Запрос на запуск хрона"
"2016-12-27 19:00:00";"Запуск в режиме рассылки"
"2016-12-27 20:00:00";"Запрос на запуск хрона"
"2016-12-27 20:00:00";"Запуск в режиме рассылки"
"2016-12-27 21:00:01";"Запрос на запуск хрона"
"2016-12-27 21:00:01";"Запуск в режиме рассылки"
"2016-12-28 09:00:01";"Запрос на запуск хрона"
"2016-12-28 09:00:01";"Запуск в режиме обслуживания"
"2016-12-28 09:00:01";"Запуск в режиме рассылки"
"2016-12-28 10:00:01";"Запрос на запуск хрона"
"2016-12-28 10:00:01";"Запуск в режиме рассылки"
"2016-12-28 11:00:01";"Запрос на запуск хрона"
"2016-12-28 11:00:01";"Запуск в режиме рассылки"
"2016-12-28 12:00:01";"Запрос на запуск хрона"
"2016-12-28 12:00:01";"Запуск в режиме рассылки"
"2016-12-28 13:00:00";"Запрос на запуск хрона"
"2016-12-28 13:00:00";"Запуск в режиме рассылки"
"2016-12-28 14:00:00";"Запрос на запуск хрона"
"2016-12-28 14:00:00";"Запуск в режиме рассылки"
"2016-12-28 15:00:01";"Запрос на запуск хрона"
"2016-12-28 15:00:01";"Запуск в режиме рассылки"
"2016-12-28 16:00:00";"Запрос на запуск хрона"
"2016-12-28 16:00:00";"Запуск в режиме рассылки"
"2016-12-28 17:00:00";"Запрос на запуск хрона"
"2016-12-28 17:00:00";"Запуск в режиме рассылки"
"2016-12-28 18:00:00";"Запрос на запуск хрона"
"2016-12-28 18:00:00";"Запуск в режиме рассылки"
"2016-12-28 19:00:01";"Запрос на запуск хрона"
"2016-12-28 19:00:01";"Запуск в режиме рассылки"
"2016-12-28 20:00:01";"Запрос на запуск хрона"
"2016-12-28 20:00:01";"Запуск в режиме рассылки"
"2016-12-29 09:00:01";"Запрос на запуск хрона"
"2016-12-29 09:00:01";"Запуск в режиме обслуживания"
"2016-12-29 09:00:01";"Запуск в режиме рассылки"
"2016-12-29 10:00:01";"Запрос на запуск хрона"
"2016-12-29 10:00:01";"Запуск в режиме рассылки"
"2016-12-29 11:00:00";"Запрос на запуск хрона"
"2016-12-29 11:00:00";"Запуск в режиме рассылки"
"2016-12-29 12:00:00";"Запрос на запуск хрона"
"2016-12-29 12:00:00";"Запуск в режиме рассылки"
"2016-12-29 13:00:01";"Запрос на запуск хрона"
"2016-12-29 13:00:01";"Запуск в режиме рассылки"
"2016-12-29 14:00:01";"Запрос на запуск хрона"
"2016-12-29 14:00:01";"Запуск в режиме рассылки"
"2016-12-30 16:00:01";"Запрос на запуск хрона"
"2016-12-30 16:00:01";"Запуск в режиме обслуживания"
"2016-12-30 16:00:01";"Запуск в режиме рассылки"
"2016-12-30 17:00:00";"Запрос на запуск хрона"
"2016-12-30 17:00:01";"Запуск в режиме рассылки"
"2017-01-02 12:00:01";"Запрос на запуск хрона"
"2017-01-02 12:00:01";"Запуск в режиме обслуживания"
"2017-01-02 12:00:01";"Запуск в режиме рассылки"
"2017-01-02 12:00:01";"Запуск в режиме архивации журналов"
