"2016-12-04 09:00:04";dm84ya08@yandex.ru;robot@raznosilka.ru;"Не забудьте проставить оплаты"
"2016-12-05 14:00:04";dm84ya08@yandex.ru;robot@raznosilka.ru;"Возможно, вы забыли проставить оплаты"
"2016-12-09 17:03:42";dm84ya08@yandex.ru;robot@raznosilka.ru;"Разносилка. Неопределённые SMS."
"2016-12-12 09:00:04";dm84ya08@yandex.ru;robot@raznosilka.ru;"Возможно, вы забыли проставить оплаты"
"2016-12-16 09:00:04";dm84ya08@yandex.ru;robot@raznosilka.ru;"Не забудьте проставить оплаты"
"2016-12-17 09:00:04";dm84ya08@yandex.ru;robot@raznosilka.ru;"Возможно, вы забыли проставить оплаты"
"2016-12-21 09:00:11";dm84ya08@yandex.ru;robot@raznosilka.ru;"Не забудьте проставить оплаты"
"2016-12-22 09:00:04";dm84ya08@yandex.ru;robot@raznosilka.ru;"Не забудьте проставить оплаты"
"2016-12-22 09:00:05";dm84ya08@yandex.ru;robot@raznosilka.ru;"Возможно, вы забыли проставить оплаты"
"2016-12-23 09:00:04";dm84ya08@yandex.ru;robot@raznosilka.ru;"Возможно, вы забыли проставить оплаты"
