"2016-09-15 16:10:25";—;фасолька;192.168.1.36;"Mozilla/5.0 (Windows NT 6.3; WOW64) AppleWebKit/537.36 (KHTML, like Gecko) Chrome/53.0.2785.113 Safari/537.36";"Пользователю не удалось войти. Не верные учётные данные."
"2016-09-15 16:10:33";—;admin;192.168.1.36;"Mozilla/5.0 (Windows NT 6.3; WOW64) AppleWebKit/537.36 (KHTML, like Gecko) Chrome/53.0.2785.113 Safari/537.36";"Пользователю не удалось войти. Не верные учётные данные."
"2016-09-15 16:10:37";1;admin;192.168.1.36;"Mozilla/5.0 (Windows NT 6.3; WOW64) AppleWebKit/537.36 (KHTML, like Gecko) Chrome/53.0.2785.113 Safari/537.36";"Вход пользователя в систему"
"2016-09-15 17:15:49";1;admin;192.168.1.36;"Mozilla/5.0 (Windows NT 6.3; WOW64) AppleWebKit/537.36 (KHTML, like Gecko) Chrome/53.0.2785.113 Safari/537.36";"Файл ""sms-20160915162435.xml"" успешно загружен"
"2016-09-15 17:25:56";1;admin;192.168.1.36;"Mozilla/5.0 (Windows NT 6.3; WOW64) AppleWebKit/537.36 (KHTML, like Gecko) Chrome/53.0.2785.113 Safari/537.36";"Файл ""sms-20160915162435.xml"" успешно загружен"
"2016-09-15 17:26:29";1;admin;192.168.1.36;"Mozilla/5.0 (Windows NT 6.3; WOW64) AppleWebKit/537.36 (KHTML, like Gecko) Chrome/53.0.2785.113 Safari/537.36";"Файл ""sms-20160915162435.xml"" успешно загружен"
