"2016-08-01 08:00:01";"Запрос на запуск хрона"
"2016-08-01 08:00:01";"Запуск в режиме обслуживания"
"2016-08-01 08:00:01";"Запуск в режиме рассылки"
"2016-08-01 09:00:01";"Запрос на запуск хрона"
"2016-08-01 09:00:01";"Запуск в режиме рассылки"
"2016-08-01 10:00:01";"Запрос на запуск хрона"
"2016-08-01 10:00:01";"Запуск в режиме рассылки"
"2016-08-01 11:00:00";"Запрос на запуск хрона"
"2016-08-01 11:00:00";"Запуск в режиме рассылки"
"2016-08-01 12:00:01";"Запрос на запуск хрона"
"2016-08-01 12:00:01";"Запуск в режиме рассылки"
"2016-08-01 13:00:00";"Запрос на запуск хрона"
"2016-08-01 13:00:00";"Запуск в режиме рассылки"
"2016-08-01 14:00:01";"Запрос на запуск хрона"
"2016-08-01 14:00:01";"Запуск в режиме рассылки"
"2016-08-01 15:00:01";"Запрос на запуск хрона"
"2016-08-01 15:00:01";"Запуск в режиме рассылки"
"2016-08-01 16:00:00";"Запрос на запуск хрона"
"2016-08-01 16:00:00";"Запуск в режиме рассылки"
"2016-08-01 17:00:00";"Запрос на запуск хрона"
"2016-08-01 17:00:00";"Запуск в режиме рассылки"
"2016-08-01 18:00:01";"Запрос на запуск хрона"
"2016-08-01 18:00:01";"Запуск в режиме рассылки"
"2016-08-01 19:00:01";"Запрос на запуск хрона"
"2016-08-01 19:00:01";"Запуск в режиме рассылки"
"2016-08-01 20:00:00";"Запрос на запуск хрона"
"2016-08-01 20:00:00";"Запуск в режиме рассылки"
"2016-08-01 21:00:01";"Запрос на запуск хрона"
"2016-08-01 21:00:01";"Запуск в режиме рассылки"
"2016-08-01 22:00:01";"Запрос на запуск хрона"
"2016-08-01 22:00:01";"Запуск в режиме рассылки"
"2016-08-02 11:00:02";"Запрос на запуск хрона"
"2016-08-02 11:00:02";"Запуск в режиме обслуживания"
"2016-08-02 11:00:02";"Запуск в режиме рассылки"
"2016-08-02 12:00:01";"Запрос на запуск хрона"
"2016-08-02 12:00:01";"Запуск в режиме рассылки"
"2016-08-02 13:00:00";"Запрос на запуск хрона"
"2016-08-02 13:00:00";"Запуск в режиме рассылки"
"2016-08-02 14:00:01";"Запрос на запуск хрона"
"2016-08-02 14:00:01";"Запуск в режиме рассылки"
"2016-08-02 15:00:01";"Запрос на запуск хрона"
"2016-08-02 15:00:01";"Запуск в режиме рассылки"
"2016-08-02 16:00:00";"Запрос на запуск хрона"
"2016-08-02 16:00:00";"Запуск в режиме рассылки"
"2016-08-02 17:00:00";"Запрос на запуск хрона"
"2016-08-02 17:00:00";"Запуск в режиме рассылки"
"2016-08-02 18:00:01";"Запрос на запуск хрона"
"2016-08-02 18:00:01";"Запуск в режиме рассылки"
"2016-08-02 19:00:00";"Запрос на запуск хрона"
"2016-08-02 19:00:00";"Запуск в режиме рассылки"
"2016-08-02 20:00:00";"Запрос на запуск хрона"
"2016-08-02 20:00:00";"Запуск в режиме рассылки"
"2016-08-02 21:00:00";"Запрос на запуск хрона"
"2016-08-02 21:00:00";"Запуск в режиме рассылки"
"2016-08-02 22:00:01";"Запрос на запуск хрона"
"2016-08-02 22:00:01";"Запуск в режиме рассылки"
"2016-08-03 10:00:02";"Запрос на запуск хрона"
"2016-08-03 10:00:02";"Запуск в режиме обслуживания"
"2016-08-03 10:00:02";"Запуск в режиме рассылки"
"2016-08-03 21:00:01";"Запрос на запуск хрона"
"2016-08-03 21:00:01";"Запуск в режиме рассылки"
"2016-08-04 09:00:01";"Запрос на запуск хрона"
"2016-08-04 09:00:01";"Запуск в режиме обслуживания"
"2016-08-04 09:00:01";"Запуск в режиме рассылки"
"2016-08-04 10:00:00";"Запрос на запуск хрона"
"2016-08-04 10:00:00";"Запуск в режиме рассылки"
"2016-08-04 11:00:00";"Запрос на запуск хрона"
"2016-08-04 11:00:00";"Запуск в режиме рассылки"
"2016-08-04 12:00:00";"Запрос на запуск хрона"
"2016-08-04 12:00:00";"Запуск в режиме рассылки"
"2016-08-04 13:00:00";"Запрос на запуск хрона"
"2016-08-04 13:00:00";"Запуск в режиме рассылки"
"2016-08-04 14:00:00";"Запрос на запуск хрона"
"2016-08-04 14:00:00";"Запуск в режиме рассылки"
"2016-08-04 15:00:01";"Запрос на запуск хрона"
"2016-08-04 15:00:01";"Запуск в режиме рассылки"
"2016-08-04 16:00:00";"Запрос на запуск хрона"
"2016-08-04 16:00:00";"Запуск в режиме рассылки"
"2016-08-04 17:00:01";"Запрос на запуск хрона"
"2016-08-04 17:00:01";"Запуск в режиме рассылки"
"2016-08-04 18:00:00";"Запрос на запуск хрона"
"2016-08-04 18:00:00";"Запуск в режиме рассылки"
"2016-08-04 19:00:01";"Запрос на запуск хрона"
"2016-08-04 19:00:01";"Запуск в режиме рассылки"
"2016-08-04 20:00:01";"Запрос на запуск хрона"
"2016-08-04 20:00:01";"Запуск в режиме рассылки"
"2016-08-04 21:00:00";"Запрос на запуск хрона"
"2016-08-04 21:00:00";"Запуск в режиме рассылки"
"2016-08-04 22:00:01";"Запрос на запуск хрона"
"2016-08-04 22:00:01";"Запуск в режиме рассылки"
"2016-08-06 09:00:02";"Запрос на запуск хрона"
"2016-08-06 09:00:02";"Запуск в режиме обслуживания"
"2016-08-06 09:00:02";"Запуск в режиме рассылки"
"2016-08-06 10:00:01";"Запрос на запуск хрона"
"2016-08-06 10:00:01";"Запуск в режиме рассылки"
"2016-08-06 11:00:01";"Запрос на запуск хрона"
"2016-08-06 11:00:01";"Запуск в режиме рассылки"
"2016-08-06 12:00:01";"Запрос на запуск хрона"
"2016-08-06 12:00:01";"Запуск в режиме рассылки"
"2016-08-06 13:00:01";"Запрос на запуск хрона"
"2016-08-06 13:00:01";"Запуск в режиме рассылки"
"2016-08-06 14:00:00";"Запрос на запуск хрона"
"2016-08-06 14:00:00";"Запуск в режиме рассылки"
"2016-08-06 15:00:00";"Запрос на запуск хрона"
"2016-08-06 15:00:00";"Запуск в режиме рассылки"
"2016-08-06 16:00:01";"Запрос на запуск хрона"
"2016-08-06 16:00:01";"Запуск в режиме рассылки"
"2016-08-06 17:00:01";"Запрос на запуск хрона"
"2016-08-06 17:00:01";"Запуск в режиме рассылки"
"2016-08-06 18:00:01";"Запрос на запуск хрона"
"2016-08-06 18:00:01";"Запуск в режиме рассылки"
"2016-08-06 19:00:01";"Запрос на запуск хрона"
"2016-08-06 19:00:01";"Запуск в режиме рассылки"
"2016-08-06 20:00:01";"Запрос на запуск хрона"
"2016-08-06 20:00:01";"Запуск в режиме рассылки"
"2016-08-06 21:00:01";"Запрос на запуск хрона"
"2016-08-06 21:00:01";"Запуск в режиме рассылки"
"2016-08-06 22:00:01";"Запрос на запуск хрона"
"2016-08-06 22:00:01";"Запуск в режиме рассылки"
"2016-08-06 23:00:00";"Запрос на запуск хрона"
"2016-08-06 23:00:00";"Запуск в режиме рассылки"
"2016-08-07 09:00:01";"Запрос на запуск хрона"
"2016-08-07 09:00:01";"Запуск в режиме обслуживания"
"2016-08-07 09:00:01";"Запуск в режиме рассылки"
"2016-08-07 10:00:01";"Запрос на запуск хрона"
"2016-08-07 10:00:01";"Запуск в режиме рассылки"
"2016-08-07 11:00:00";"Запрос на запуск хрона"
"2016-08-07 11:00:00";"Запуск в режиме рассылки"
"2016-08-07 12:00:00";"Запрос на запуск хрона"
"2016-08-07 12:00:00";"Запуск в режиме рассылки"
"2016-08-07 13:00:00";"Запрос на запуск хрона"
"2016-08-07 13:00:00";"Запуск в режиме рассылки"
"2016-08-07 14:00:00";"Запрос на запуск хрона"
"2016-08-07 14:00:00";"Запуск в режиме рассылки"
"2016-08-07 15:00:00";"Запрос на запуск хрона"
"2016-08-07 15:00:00";"Запуск в режиме рассылки"
"2016-08-07 16:00:01";"Запрос на запуск хрона"
"2016-08-07 16:00:01";"Запуск в режиме рассылки"
"2016-08-07 17:00:01";"Запрос на запуск хрона"
"2016-08-07 17:00:01";"Запуск в режиме рассылки"
"2016-08-07 18:00:01";"Запрос на запуск хрона"
"2016-08-07 18:00:01";"Запуск в режиме рассылки"
"2016-08-07 19:00:01";"Запрос на запуск хрона"
"2016-08-07 19:00:01";"Запуск в режиме рассылки"
"2016-08-07 20:00:00";"Запрос на запуск хрона"
"2016-08-07 20:00:00";"Запуск в режиме рассылки"
"2016-08-07 21:00:00";"Запрос на запуск хрона"
"2016-08-07 21:00:00";"Запуск в режиме рассылки"
"2016-08-07 22:00:00";"Запрос на запуск хрона"
"2016-08-07 22:00:00";"Запуск в режиме рассылки"
"2016-08-07 23:00:01";"Запрос на запуск хрона"
"2016-08-07 23:00:01";"Запуск в режиме рассылки"
"2016-08-08 10:00:01";"Запрос на запуск хрона"
"2016-08-08 10:00:01";"Запуск в режиме обслуживания"
"2016-08-08 10:00:01";"Запуск в режиме рассылки"
"2016-08-08 11:00:00";"Запрос на запуск хрона"
"2016-08-08 11:00:00";"Запуск в режиме рассылки"
"2016-08-08 12:00:00";"Запрос на запуск хрона"
"2016-08-08 12:00:00";"Запуск в режиме рассылки"
"2016-08-08 13:00:01";"Запрос на запуск хрона"
"2016-08-08 13:00:01";"Запуск в режиме рассылки"
"2016-08-08 14:00:01";"Запрос на запуск хрона"
"2016-08-08 14:00:01";"Запуск в режиме рассылки"
"2016-08-08 15:00:00";"Запрос на запуск хрона"
"2016-08-08 15:00:00";"Запуск в режиме рассылки"
"2016-08-08 16:00:00";"Запрос на запуск хрона"
"2016-08-08 16:00:00";"Запуск в режиме рассылки"
"2016-08-08 17:00:00";"Запрос на запуск хрона"
"2016-08-08 17:00:00";"Запуск в режиме рассылки"
"2016-08-08 18:00:01";"Запрос на запуск хрона"
"2016-08-08 18:00:01";"Запуск в режиме рассылки"
"2016-08-08 19:00:01";"Запрос на запуск хрона"
"2016-08-08 19:00:01";"Запуск в режиме рассылки"
"2016-08-08 20:00:01";"Запрос на запуск хрона"
"2016-08-08 20:00:01";"Запуск в режиме рассылки"
"2016-08-08 21:00:01";"Запрос на запуск хрона"
"2016-08-08 21:00:01";"Запуск в режиме рассылки"
"2016-08-09 10:00:01";"Запрос на запуск хрона"
"2016-08-09 10:00:01";"Запуск в режиме обслуживания"
"2016-08-09 10:00:01";"Запуск в режиме рассылки"
"2016-08-09 11:00:01";"Запрос на запуск хрона"
"2016-08-09 11:00:01";"Запуск в режиме рассылки"
"2016-08-09 12:00:01";"Запрос на запуск хрона"
"2016-08-09 12:00:01";"Запуск в режиме рассылки"
"2016-08-09 13:00:01";"Запрос на запуск хрона"
"2016-08-09 13:00:01";"Запуск в режиме рассылки"
"2016-08-09 14:00:00";"Запрос на запуск хрона"
"2016-08-09 14:00:00";"Запуск в режиме рассылки"
"2016-08-09 15:00:00";"Запрос на запуск хрона"
"2016-08-09 15:00:00";"Запуск в режиме рассылки"
"2016-08-09 16:00:00";"Запрос на запуск хрона"
"2016-08-09 16:00:00";"Запуск в режиме рассылки"
"2016-08-09 17:00:01";"Запрос на запуск хрона"
"2016-08-09 17:00:01";"Запуск в режиме рассылки"
"2016-08-09 18:00:01";"Запрос на запуск хрона"
"2016-08-09 18:00:01";"Запуск в режиме рассылки"
"2016-08-09 19:00:01";"Запрос на запуск хрона"
"2016-08-09 19:00:01";"Запуск в режиме рассылки"
"2016-08-09 20:00:01";"Запрос на запуск хрона"
"2016-08-09 20:00:01";"Запуск в режиме рассылки"
"2016-08-09 21:00:01";"Запрос на запуск хрона"
"2016-08-09 21:00:01";"Запуск в режиме рассылки"
"2016-08-09 22:00:11";"Запрос на запуск хрона"
"2016-08-09 22:00:14";"Запуск в режиме рассылки"
"2016-08-10 11:00:02";"Запрос на запуск хрона"
"2016-08-10 11:00:02";"Запуск в режиме обслуживания"
"2016-08-10 11:00:02";"Запуск в режиме рассылки"
"2016-08-10 12:00:01";"Запрос на запуск хрона"
"2016-08-10 12:00:01";"Запуск в режиме рассылки"
"2016-08-10 13:00:00";"Запрос на запуск хрона"
"2016-08-10 13:00:00";"Запуск в режиме рассылки"
"2016-08-10 14:00:00";"Запрос на запуск хрона"
"2016-08-10 14:00:00";"Запуск в режиме рассылки"
"2016-08-10 15:00:05";"Запрос на запуск хрона"
"2016-08-10 15:00:06";"Запуск в режиме рассылки"
"2016-08-10 16:00:00";"Запрос на запуск хрона"
"2016-08-10 16:00:00";"Запуск в режиме рассылки"
"2016-08-10 17:00:01";"Запрос на запуск хрона"
"2016-08-10 17:00:01";"Запуск в режиме рассылки"
"2016-08-10 18:00:01";"Запрос на запуск хрона"
"2016-08-10 18:00:01";"Запуск в режиме рассылки"
"2016-08-10 19:00:01";"Запрос на запуск хрона"
"2016-08-10 19:00:01";"Запуск в режиме рассылки"
"2016-08-10 20:00:00";"Запрос на запуск хрона"
"2016-08-10 20:00:00";"Запуск в режиме рассылки"
"2016-08-10 21:00:00";"Запрос на запуск хрона"
"2016-08-10 21:00:00";"Запуск в режиме рассылки"
"2016-09-15 17:00:00";"Запрос на запуск хрона"
"2016-09-15 17:00:00";"Запуск в режиме обслуживания"
"2016-09-15 17:00:00";"Запуск в режиме рассылки"
"2016-09-15 17:00:00";"Запуск в режиме архивации журналов"
