"2017-02-01 10:00:00";"Запрос на запуск хрона"
"2017-02-01 10:00:00";"Запуск в режиме рассылки"
"2017-02-01 11:00:00";"Запрос на запуск хрона"
"2017-02-01 11:00:00";"Запуск в режиме рассылки"
"2017-02-01 12:00:00";"Запрос на запуск хрона"
"2017-02-01 12:00:00";"Запуск в режиме рассылки"
"2017-02-01 13:00:00";"Запрос на запуск хрона"
"2017-02-01 13:00:00";"Запуск в режиме рассылки"
"2017-02-01 14:00:00";"Запрос на запуск хрона"
"2017-02-01 14:00:00";"Запуск в режиме рассылки"
"2017-02-01 15:00:01";"Запрос на запуск хрона"
"2017-02-01 15:00:01";"Запуск в режиме рассылки"
"2017-02-01 16:00:01";"Запрос на запуск хрона"
"2017-02-01 16:00:01";"Запуск в режиме рассылки"
"2017-02-01 17:00:01";"Запрос на запуск хрона"
"2017-02-01 17:00:01";"Запуск в режиме рассылки"
"2017-02-01 18:00:00";"Запрос на запуск хрона"
"2017-02-01 18:00:00";"Запуск в режиме рассылки"
"2017-02-01 19:00:00";"Запрос на запуск хрона"
"2017-02-01 19:00:00";"Запуск в режиме рассылки"
"2017-02-01 20:00:00";"Запрос на запуск хрона"
"2017-02-01 20:00:00";"Запуск в режиме рассылки"
"2017-02-01 21:00:01";"Запрос на запуск хрона"
"2017-02-01 21:00:01";"Запуск в режиме рассылки"
"2017-02-01 22:00:01";"Запрос на запуск хрона"
"2017-02-01 22:00:01";"Запуск в режиме рассылки"
"2017-02-02 08:00:02";"Запрос на запуск хрона"
"2017-02-02 08:00:02";"Запуск в режиме обслуживания"
"2017-02-02 08:00:02";"Обслуживание. Добавлено писем в рассылочную базу - 2 шт."
"2017-02-02 08:00:02";"Запуск в режиме рассылки"
"2017-02-02 08:00:07";"Рассылка. Разослано писем - 2 шт."
"2017-02-02 09:00:00";"Запрос на запуск хрона"
"2017-02-02 09:00:00";"Запуск в режиме рассылки"
"2017-02-02 10:00:00";"Запрос на запуск хрона"
"2017-02-02 10:00:00";"Запуск в режиме рассылки"
"2017-02-02 11:00:01";"Запрос на запуск хрона"
"2017-02-02 11:00:01";"Запуск в режиме рассылки"
"2017-02-02 12:00:01";"Запрос на запуск хрона"
"2017-02-02 12:00:01";"Запуск в режиме рассылки"
"2017-02-02 13:00:01";"Запрос на запуск хрона"
"2017-02-02 13:00:01";"Запуск в режиме рассылки"
"2017-02-02 14:00:00";"Запрос на запуск хрона"
"2017-02-02 14:00:00";"Запуск в режиме рассылки"
"2017-02-02 15:00:00";"Запрос на запуск хрона"
"2017-02-02 15:00:00";"Запуск в режиме рассылки"
"2017-02-02 16:00:01";"Запрос на запуск хрона"
"2017-02-02 16:00:01";"Запуск в режиме рассылки"
"2017-02-02 17:00:01";"Запрос на запуск хрона"
"2017-02-02 17:00:01";"Запуск в режиме рассылки"
"2017-02-02 18:00:00";"Запрос на запуск хрона"
"2017-02-02 18:00:00";"Запуск в режиме рассылки"
"2017-02-02 19:00:00";"Запрос на запуск хрона"
"2017-02-02 19:00:00";"Запуск в режиме рассылки"
"2017-02-02 20:00:00";"Запрос на запуск хрона"
"2017-02-02 20:00:00";"Запуск в режиме рассылки"
"2017-02-02 21:00:00";"Запрос на запуск хрона"
"2017-02-02 21:00:00";"Запуск в режиме рассылки"
"2017-02-02 22:00:01";"Запрос на запуск хрона"
"2017-02-02 22:00:01";"Запуск в режиме рассылки"
"2017-02-03 10:00:01";"Запрос на запуск хрона"
"2017-02-03 10:00:01";"Запуск в режиме обслуживания"
"2017-02-03 10:00:02";"Обслуживание. Добавлено писем в рассылочную базу - 2 шт."
"2017-02-03 10:00:02";"Запуск в режиме рассылки"
"2017-02-03 10:00:06";"Рассылка. Разослано писем - 2 шт."
"2017-02-03 11:00:01";"Запрос на запуск хрона"
"2017-02-03 11:00:01";"Запуск в режиме рассылки"
"2017-02-03 12:00:00";"Запрос на запуск хрона"
"2017-02-03 12:00:00";"Запуск в режиме рассылки"
"2017-02-03 13:00:00";"Запрос на запуск хрона"
"2017-02-03 13:00:00";"Запуск в режиме рассылки"
"2017-02-03 14:00:01";"Запрос на запуск хрона"
"2017-02-03 14:00:01";"Запуск в режиме рассылки"
"2017-02-03 15:00:01";"Запрос на запуск хрона"
"2017-02-03 15:00:01";"Запуск в режиме рассылки"
"2017-02-03 16:00:00";"Запрос на запуск хрона"
"2017-02-03 16:00:00";"Запуск в режиме рассылки"
"2017-02-03 17:00:01";"Запрос на запуск хрона"
"2017-02-03 17:00:01";"Запуск в режиме рассылки"
"2017-02-03 18:00:01";"Запрос на запуск хрона"
"2017-02-03 18:00:01";"Запуск в режиме рассылки"
"2017-02-04 10:00:02";"Запрос на запуск хрона"
"2017-02-04 10:00:02";"Запуск в режиме обслуживания"
"2017-02-04 10:00:02";"Запуск в режиме рассылки"
"2017-02-04 11:00:01";"Запрос на запуск хрона"
"2017-02-04 11:00:01";"Запуск в режиме рассылки"
"2017-02-04 12:00:01";"Запрос на запуск хрона"
"2017-02-04 12:00:01";"Запуск в режиме рассылки"
"2017-02-04 13:00:01";"Запрос на запуск хрона"
"2017-02-04 13:00:01";"Запуск в режиме рассылки"
"2017-02-04 14:00:04";"Запрос на запуск хрона"
"2017-02-04 14:00:04";"Запуск в режиме рассылки"
"2017-02-04 15:00:01";"Запрос на запуск хрона"
"2017-02-04 15:00:01";"Запуск в режиме рассылки"
"2017-02-04 16:00:01";"Запрос на запуск хрона"
"2017-02-04 16:00:01";"Запуск в режиме рассылки"
"2017-02-04 17:00:01";"Запрос на запуск хрона"
"2017-02-04 17:00:01";"Запуск в режиме рассылки"
"2017-02-04 18:00:00";"Запрос на запуск хрона"
"2017-02-04 18:00:00";"Запуск в режиме рассылки"
"2017-02-04 19:00:00";"Запрос на запуск хрона"
"2017-02-04 19:00:00";"Запуск в режиме рассылки"
"2017-02-05 08:00:01";"Запрос на запуск хрона"
"2017-02-05 08:00:01";"Запуск в режиме обслуживания"
"2017-02-05 08:00:01";"Запуск в режиме рассылки"
"2017-02-05 09:00:00";"Запрос на запуск хрона"
"2017-02-05 09:00:00";"Запуск в режиме рассылки"
"2017-02-05 10:00:01";"Запрос на запуск хрона"
"2017-02-05 10:00:01";"Запуск в режиме рассылки"
"2017-02-05 11:00:02";"Запрос на запуск хрона"
"2017-02-05 11:00:02";"Запуск в режиме рассылки"
"2017-02-05 12:00:01";"Запрос на запуск хрона"
"2017-02-05 12:00:01";"Запуск в режиме рассылки"
"2017-02-05 13:00:01";"Запрос на запуск хрона"
"2017-02-05 13:00:01";"Запуск в режиме рассылки"
"2017-02-05 14:00:01";"Запрос на запуск хрона"
"2017-02-05 14:00:01";"Запуск в режиме рассылки"
"2017-02-05 15:00:01";"Запрос на запуск хрона"
"2017-02-05 15:00:01";"Запуск в режиме рассылки"
"2017-02-05 16:00:01";"Запрос на запуск хрона"
"2017-02-05 16:00:01";"Запуск в режиме рассылки"
"2017-02-05 17:00:01";"Запрос на запуск хрона"
"2017-02-05 17:00:01";"Запуск в режиме рассылки"
"2017-02-05 18:00:01";"Запрос на запуск хрона"
"2017-02-05 18:00:01";"Запуск в режиме рассылки"
"2017-02-05 19:00:01";"Запрос на запуск хрона"
"2017-02-05 19:00:01";"Запуск в режиме рассылки"
"2017-02-05 20:00:01";"Запрос на запуск хрона"
"2017-02-05 20:00:01";"Запуск в режиме рассылки"
"2017-02-05 21:00:00";"Запрос на запуск хрона"
"2017-02-05 21:00:00";"Запуск в режиме рассылки"
"2017-02-05 22:00:00";"Запрос на запуск хрона"
"2017-02-05 22:00:00";"Запуск в режиме рассылки"
"2017-02-05 23:00:00";"Запрос на запуск хрона"
"2017-02-05 23:00:00";"Запуск в режиме рассылки"
"2017-02-06 08:00:01";"Запрос на запуск хрона"
"2017-02-06 08:00:01";"Запуск в режиме обслуживания"
"2017-02-06 08:00:01";"Запуск в режиме рассылки"
"2017-02-06 09:00:01";"Запрос на запуск хрона"
"2017-02-06 09:00:01";"Запуск в режиме рассылки"
"2017-02-06 10:00:01";"Запрос на запуск хрона"
"2017-02-06 10:00:01";"Запуск в режиме рассылки"
"2017-02-06 11:00:01";"Запрос на запуск хрона"
"2017-02-06 11:00:01";"Запуск в режиме рассылки"
"2017-02-06 12:00:01";"Запрос на запуск хрона"
"2017-02-06 12:00:01";"Запуск в режиме рассылки"
"2017-02-06 13:00:01";"Запрос на запуск хрона"
"2017-02-06 13:00:01";"Запуск в режиме рассылки"
"2017-02-06 14:00:01";"Запрос на запуск хрона"
"2017-02-06 14:00:01";"Запуск в режиме рассылки"
"2017-02-06 15:00:01";"Запрос на запуск хрона"
"2017-02-06 15:00:01";"Запуск в режиме рассылки"
"2017-02-06 16:00:00";"Запрос на запуск хрона"
"2017-02-06 16:00:00";"Запуск в режиме рассылки"
"2017-02-06 17:00:01";"Запрос на запуск хрона"
"2017-02-06 17:00:01";"Запуск в режиме рассылки"
"2017-02-06 18:00:00";"Запрос на запуск хрона"
"2017-02-06 18:00:00";"Запуск в режиме рассылки"
"2017-02-06 19:00:00";"Запрос на запуск хрона"
"2017-02-06 19:00:00";"Запуск в режиме рассылки"
"2017-02-06 20:00:00";"Запрос на запуск хрона"
"2017-02-06 20:00:00";"Запуск в режиме рассылки"
"2017-02-06 21:00:00";"Запрос на запуск хрона"
"2017-02-06 21:00:00";"Запуск в режиме рассылки"
"2017-02-07 10:00:01";"Запрос на запуск хрона"
"2017-02-07 10:00:01";"Запуск в режиме обслуживания"
"2017-02-07 10:00:01";"Запуск в режиме рассылки"
"2017-02-07 11:00:01";"Запрос на запуск хрона"
"2017-02-07 11:00:01";"Запуск в режиме рассылки"
"2017-02-07 12:00:01";"Запрос на запуск хрона"
"2017-02-07 12:00:01";"Запуск в режиме рассылки"
"2017-02-07 13:00:01";"Запрос на запуск хрона"
"2017-02-07 13:00:01";"Запуск в режиме рассылки"
"2017-02-07 14:00:01";"Запрос на запуск хрона"
"2017-02-07 14:00:01";"Запуск в режиме рассылки"
"2017-02-07 15:00:01";"Запрос на запуск хрона"
"2017-02-07 15:00:01";"Запуск в режиме рассылки"
"2017-02-07 16:00:00";"Запрос на запуск хрона"
"2017-02-07 16:00:00";"Запуск в режиме рассылки"
"2017-02-07 17:00:00";"Запрос на запуск хрона"
"2017-02-07 17:00:00";"Запуск в режиме рассылки"
"2017-02-07 18:00:00";"Запрос на запуск хрона"
"2017-02-07 18:00:00";"Запуск в режиме рассылки"
"2017-02-07 19:00:00";"Запрос на запуск хрона"
"2017-02-07 19:00:00";"Запуск в режиме рассылки"
"2017-02-07 20:00:00";"Запрос на запуск хрона"
"2017-02-07 20:00:00";"Запуск в режиме рассылки"
"2017-02-07 21:00:00";"Запрос на запуск хрона"
"2017-02-07 21:00:00";"Запуск в режиме рассылки"
"2017-02-08 09:00:01";"Запрос на запуск хрона"
"2017-02-08 09:00:01";"Запуск в режиме обслуживания"
"2017-02-08 09:00:02";"Запуск в режиме рассылки"
"2017-02-08 10:00:00";"Запрос на запуск хрона"
"2017-02-08 10:00:00";"Запуск в режиме рассылки"
"2017-02-08 11:00:00";"Запрос на запуск хрона"
"2017-02-08 11:00:00";"Запуск в режиме рассылки"
"2017-02-08 12:00:00";"Запрос на запуск хрона"
"2017-02-08 12:00:00";"Запуск в режиме рассылки"
"2017-02-08 13:00:01";"Запрос на запуск хрона"
"2017-02-08 13:00:01";"Запуск в режиме рассылки"
"2017-02-08 14:00:01";"Запрос на запуск хрона"
"2017-02-08 14:00:01";"Запуск в режиме рассылки"
"2017-02-08 15:00:01";"Запрос на запуск хрона"
"2017-02-08 15:00:01";"Запуск в режиме рассылки"
"2017-02-08 16:00:00";"Запрос на запуск хрона"
"2017-02-08 16:00:00";"Запуск в режиме рассылки"
"2017-02-08 17:00:00";"Запрос на запуск хрона"
"2017-02-08 17:00:00";"Запуск в режиме рассылки"
"2017-02-08 18:00:01";"Запрос на запуск хрона"
"2017-02-08 18:00:01";"Запуск в режиме рассылки"
"2017-02-08 19:00:01";"Запрос на запуск хрона"
"2017-02-08 19:00:01";"Запуск в режиме рассылки"
"2017-02-08 20:00:01";"Запрос на запуск хрона"
"2017-02-08 20:00:01";"Запуск в режиме рассылки"
"2017-02-08 21:00:00";"Запрос на запуск хрона"
"2017-02-08 21:00:00";"Запуск в режиме рассылки"
"2017-02-09 10:00:01";"Запрос на запуск хрона"
"2017-02-09 10:00:01";"Запуск в режиме обслуживания"
"2017-02-09 10:00:01";"Запуск в режиме рассылки"
"2017-02-09 11:00:01";"Запрос на запуск хрона"
"2017-02-09 11:00:01";"Запуск в режиме рассылки"
"2017-02-09 12:00:00";"Запрос на запуск хрона"
"2017-02-09 12:00:00";"Запуск в режиме рассылки"
"2017-02-09 13:00:00";"Запрос на запуск хрона"
"2017-02-09 13:00:00";"Запуск в режиме рассылки"
"2017-02-09 14:00:00";"Запрос на запуск хрона"
"2017-02-09 14:00:00";"Запуск в режиме рассылки"
"2017-02-09 15:00:00";"Запрос на запуск хрона"
"2017-02-09 15:00:00";"Запуск в режиме рассылки"
"2017-02-09 16:00:00";"Запрос на запуск хрона"
"2017-02-09 16:00:00";"Запуск в режиме рассылки"
"2017-02-09 17:00:00";"Запрос на запуск хрона"
"2017-02-09 17:00:00";"Запуск в режиме рассылки"
"2017-02-09 18:00:00";"Запрос на запуск хрона"
"2017-02-09 18:00:00";"Запуск в режиме рассылки"
"2017-02-09 19:00:00";"Запрос на запуск хрона"
"2017-02-09 19:00:00";"Запуск в режиме рассылки"
"2017-02-09 20:00:00";"Запрос на запуск хрона"
"2017-02-09 20:00:00";"Запуск в режиме рассылки"
"2017-02-10 09:00:01";"Запрос на запуск хрона"
"2017-02-10 09:00:01";"Запуск в режиме обслуживания"
"2017-02-10 09:00:01";"Запуск в режиме рассылки"
"2017-02-10 10:00:01";"Запрос на запуск хрона"
"2017-02-10 10:00:01";"Запуск в режиме рассылки"
"2017-02-10 11:00:00";"Запрос на запуск хрона"
"2017-02-10 11:00:00";"Запуск в режиме рассылки"
"2017-02-10 12:00:00";"Запрос на запуск хрона"
"2017-02-10 12:00:00";"Запуск в режиме рассылки"
"2017-02-10 13:00:00";"Запрос на запуск хрона"
"2017-02-10 13:00:00";"Запуск в режиме рассылки"
"2017-02-10 14:00:00";"Запрос на запуск хрона"
"2017-02-10 14:00:00";"Запуск в режиме рассылки"
"2017-02-10 15:00:00";"Запрос на запуск хрона"
"2017-02-10 15:00:00";"Запуск в режиме рассылки"
"2017-02-10 16:00:00";"Запрос на запуск хрона"
"2017-02-10 16:00:00";"Запуск в режиме рассылки"
"2017-02-10 17:00:01";"Запрос на запуск хрона"
"2017-02-10 17:00:01";"Запуск в режиме рассылки"
"2017-02-10 18:00:01";"Запрос на запуск хрона"
"2017-02-10 18:00:01";"Запуск в режиме рассылки"
"2017-02-10 19:00:01";"Запрос на запуск хрона"
"2017-02-10 19:00:01";"Запуск в режиме рассылки"
"2017-02-10 20:00:01";"Запрос на запуск хрона"
"2017-02-10 20:00:01";"Запуск в режиме рассылки"
"2017-02-10 21:00:00";"Запрос на запуск хрона"
"2017-02-10 21:00:00";"Запуск в режиме рассылки"
"2017-02-11 09:00:02";"Запрос на запуск хрона"
"2017-02-11 09:00:02";"Запуск в режиме обслуживания"
"2017-02-11 09:00:02";"Запуск в режиме рассылки"
"2017-02-11 10:00:01";"Запрос на запуск хрона"
"2017-02-11 10:00:01";"Запуск в режиме рассылки"
"2017-02-11 11:00:01";"Запрос на запуск хрона"
"2017-02-11 11:00:01";"Запуск в режиме рассылки"
"2017-02-11 12:00:01";"Запрос на запуск хрона"
"2017-02-11 12:00:01";"Запуск в режиме рассылки"
"2017-02-11 13:00:00";"Запрос на запуск хрона"
"2017-02-11 13:00:00";"Запуск в режиме рассылки"
"2017-02-11 14:00:01";"Запрос на запуск хрона"
"2017-02-11 14:00:01";"Запуск в режиме рассылки"
"2017-02-11 15:00:01";"Запрос на запуск хрона"
"2017-02-11 15:00:01";"Запуск в режиме рассылки"
"2017-02-11 16:00:00";"Запрос на запуск хрона"
"2017-02-11 16:00:00";"Запуск в режиме рассылки"
"2017-02-11 17:00:00";"Запрос на запуск хрона"
"2017-02-11 17:00:00";"Запуск в режиме рассылки"
"2017-02-11 18:00:01";"Запрос на запуск хрона"
"2017-02-11 18:00:01";"Запуск в режиме рассылки"
"2017-02-11 19:00:01";"Запрос на запуск хрона"
"2017-02-11 19:00:01";"Запуск в режиме рассылки"
"2017-02-11 20:00:00";"Запрос на запуск хрона"
"2017-02-11 20:00:00";"Запуск в режиме рассылки"
"2017-02-11 21:00:00";"Запрос на запуск хрона"
"2017-02-11 21:00:00";"Запуск в режиме рассылки"
"2017-02-11 22:00:01";"Запрос на запуск хрона"
"2017-02-11 22:00:01";"Запуск в режиме рассылки"
"2017-02-12 09:00:01";"Запрос на запуск хрона"
"2017-02-12 09:00:01";"Запуск в режиме обслуживания"
"2017-02-12 09:00:01";"Запуск в режиме рассылки"
"2017-02-12 10:00:01";"Запрос на запуск хрона"
"2017-02-12 10:00:01";"Запуск в режиме рассылки"
"2017-02-12 11:00:01";"Запрос на запуск хрона"
"2017-02-12 11:00:01";"Запуск в режиме рассылки"
"2017-02-12 12:00:00";"Запрос на запуск хрона"
"2017-02-12 12:00:00";"Запуск в режиме рассылки"
"2017-02-12 13:00:01";"Запрос на запуск хрона"
"2017-02-12 13:00:01";"Запуск в режиме рассылки"
"2017-02-12 14:00:01";"Запрос на запуск хрона"
"2017-02-12 14:00:01";"Запуск в режиме рассылки"
"2017-02-12 15:00:00";"Запрос на запуск хрона"
"2017-02-12 15:00:00";"Запуск в режиме рассылки"
"2017-02-12 16:00:00";"Запрос на запуск хрона"
"2017-02-12 16:00:00";"Запуск в режиме рассылки"
"2017-02-12 17:00:00";"Запрос на запуск хрона"
"2017-02-12 17:00:00";"Запуск в режиме рассылки"
"2017-02-12 18:00:01";"Запрос на запуск хрона"
"2017-02-12 18:00:01";"Запуск в режиме рассылки"
"2017-02-12 19:00:01";"Запрос на запуск хрона"
"2017-02-12 19:00:01";"Запуск в режиме рассылки"
"2017-02-12 20:00:01";"Запрос на запуск хрона"
"2017-02-12 20:00:01";"Запуск в режиме рассылки"
"2017-02-12 21:00:00";"Запрос на запуск хрона"
"2017-02-12 21:00:00";"Запуск в режиме рассылки"
"2017-02-13 09:00:01";"Запрос на запуск хрона"
"2017-02-13 09:00:01";"Запуск в режиме обслуживания"
"2017-02-13 09:00:01";"Запуск в режиме рассылки"
"2017-02-13 10:00:01";"Запрос на запуск хрона"
"2017-02-13 10:00:01";"Запуск в режиме рассылки"
"2017-02-13 11:00:00";"Запрос на запуск хрона"
"2017-02-13 11:00:00";"Запуск в режиме рассылки"
"2017-02-13 12:00:00";"Запрос на запуск хрона"
"2017-02-13 12:00:00";"Запуск в режиме рассылки"
"2017-02-13 13:00:00";"Запрос на запуск хрона"
"2017-02-13 13:00:00";"Запуск в режиме рассылки"
"2017-02-13 14:00:01";"Запрос на запуск хрона"
"2017-02-13 14:00:01";"Запуск в режиме рассылки"
"2017-02-13 15:00:02";"Запрос на запуск хрона"
"2017-02-13 15:00:02";"Запуск в режиме рассылки"
"2017-02-13 16:00:01";"Запрос на запуск хрона"
"2017-02-13 16:00:01";"Запуск в режиме рассылки"
"2017-02-13 17:00:01";"Запрос на запуск хрона"
"2017-02-13 17:00:01";"Запуск в режиме рассылки"
"2017-02-13 18:00:01";"Запрос на запуск хрона"
"2017-02-13 18:00:01";"Запуск в режиме рассылки"
"2017-02-13 19:00:00";"Запрос на запуск хрона"
"2017-02-13 19:00:00";"Запуск в режиме рассылки"
"2017-02-13 20:00:00";"Запрос на запуск хрона"
"2017-02-13 20:00:00";"Запуск в режиме рассылки"
"2017-02-13 21:00:00";"Запрос на запуск хрона"
"2017-02-13 21:00:00";"Запуск в режиме рассылки"
"2017-02-13 22:00:00";"Запрос на запуск хрона"
"2017-02-13 22:00:00";"Запуск в режиме рассылки"
"2017-02-14 10:00:02";"Запрос на запуск хрона"
"2017-02-14 10:00:02";"Запуск в режиме обслуживания"
"2017-02-14 10:00:02";"Запуск в режиме рассылки"
"2017-02-14 11:00:00";"Запрос на запуск хрона"
"2017-02-14 11:00:00";"Запуск в режиме рассылки"
"2017-02-14 12:00:00";"Запрос на запуск хрона"
"2017-02-14 12:00:00";"Запуск в режиме рассылки"
"2017-02-14 13:00:00";"Запрос на запуск хрона"
"2017-02-14 13:00:00";"Запуск в режиме рассылки"
"2017-02-14 14:00:00";"Запрос на запуск хрона"
"2017-02-14 14:00:00";"Запуск в режиме рассылки"
"2017-02-14 15:00:01";"Запрос на запуск хрона"
"2017-02-14 15:00:01";"Запуск в режиме рассылки"
"2017-02-14 16:00:01";"Запрос на запуск хрона"
"2017-02-14 16:00:01";"Запуск в режиме рассылки"
"2017-02-14 17:00:00";"Запрос на запуск хрона"
"2017-02-14 17:00:00";"Запуск в режиме рассылки"
"2017-02-14 18:00:00";"Запрос на запуск хрона"
"2017-02-14 18:00:00";"Запуск в режиме рассылки"
"2017-02-14 19:00:00";"Запрос на запуск хрона"
"2017-02-14 19:00:00";"Запуск в режиме рассылки"
"2017-02-14 20:00:00";"Запрос на запуск хрона"
"2017-02-14 20:00:00";"Запуск в режиме рассылки"
"2017-02-15 09:00:01";"Запрос на запуск хрона"
"2017-02-15 09:00:01";"Запуск в режиме обслуживания"
"2017-02-15 09:00:01";"Запуск в режиме рассылки"
"2017-02-15 10:00:00";"Запрос на запуск хрона"
"2017-02-15 10:00:00";"Запуск в режиме рассылки"
"2017-02-15 11:00:00";"Запрос на запуск хрона"
"2017-02-15 11:00:00";"Запуск в режиме рассылки"
"2017-02-15 12:00:01";"Запрос на запуск хрона"
"2017-02-15 12:00:01";"Запуск в режиме рассылки"
"2017-02-15 13:00:01";"Запрос на запуск хрона"
"2017-02-15 13:00:01";"Запуск в режиме рассылки"
"2017-02-15 14:00:00";"Запрос на запуск хрона"
"2017-02-15 14:00:00";"Запуск в режиме рассылки"
"2017-02-15 15:00:00";"Запрос на запуск хрона"
"2017-02-15 15:00:00";"Запуск в режиме рассылки"
"2017-02-15 16:00:01";"Запрос на запуск хрона"
"2017-02-15 16:00:01";"Запуск в режиме рассылки"
"2017-02-15 17:00:01";"Запрос на запуск хрона"
"2017-02-15 17:00:01";"Запуск в режиме рассылки"
"2017-02-15 18:00:01";"Запрос на запуск хрона"
"2017-02-15 18:00:01";"Запуск в режиме рассылки"
"2017-02-15 19:00:01";"Запрос на запуск хрона"
"2017-02-15 19:00:01";"Запуск в режиме рассылки"
"2017-02-15 20:00:00";"Запрос на запуск хрона"
"2017-02-15 20:00:00";"Запуск в режиме рассылки"
"2017-02-15 21:00:00";"Запрос на запуск хрона"
"2017-02-15 21:00:00";"Запуск в режиме рассылки"
"2017-02-15 22:00:01";"Запрос на запуск хрона"
"2017-02-15 22:00:01";"Запуск в режиме рассылки"
"2017-02-16 09:00:01";"Запрос на запуск хрона"
"2017-02-16 09:00:01";"Запуск в режиме обслуживания"
"2017-02-16 09:00:01";"Запуск в режиме рассылки"
"2017-02-16 10:00:00";"Запрос на запуск хрона"
"2017-02-16 10:00:00";"Запуск в режиме рассылки"
"2017-02-16 11:00:01";"Запрос на запуск хрона"
"2017-02-16 11:00:01";"Запуск в режиме рассылки"
"2017-02-16 12:00:01";"Запрос на запуск хрона"
"2017-02-16 12:00:01";"Запуск в режиме рассылки"
"2017-02-16 13:00:01";"Запрос на запуск хрона"
"2017-02-16 13:00:01";"Запуск в режиме рассылки"
"2017-02-16 14:00:00";"Запрос на запуск хрона"
"2017-02-16 14:00:00";"Запуск в режиме рассылки"
"2017-02-16 15:00:00";"Запрос на запуск хрона"
"2017-02-16 15:00:00";"Запуск в режиме рассылки"
"2017-02-16 16:00:00";"Запрос на запуск хрона"
"2017-02-16 16:00:00";"Запуск в режиме рассылки"
"2017-02-16 17:00:00";"Запрос на запуск хрона"
"2017-02-16 17:00:01";"Запуск в режиме рассылки"
"2017-02-16 18:00:01";"Запрос на запуск хрона"
"2017-02-16 18:00:01";"Запуск в режиме рассылки"
"2017-02-16 19:00:01";"Запрос на запуск хрона"
"2017-02-16 19:00:01";"Запуск в режиме рассылки"
"2017-02-16 20:00:01";"Запрос на запуск хрона"
"2017-02-16 20:00:01";"Запуск в режиме рассылки"
"2017-02-17 09:00:01";"Запрос на запуск хрона"
"2017-02-17 09:00:01";"Запуск в режиме обслуживания"
"2017-02-17 09:00:01";"Обслуживание. Добавлено писем в рассылочную базу - 1 шт."
"2017-02-17 09:00:01";"Запуск в режиме рассылки"
"2017-02-17 09:00:03";"Рассылка. Разослано писем - 1 шт."
"2017-02-17 10:00:00";"Запрос на запуск хрона"
"2017-02-17 10:00:00";"Запуск в режиме рассылки"
"2017-02-17 11:00:03";"Запрос на запуск хрона"
"2017-02-17 11:00:03";"Запуск в режиме рассылки"
"2017-02-17 12:00:01";"Запрос на запуск хрона"
"2017-02-17 12:00:01";"Запуск в режиме рассылки"
"2017-02-17 13:00:01";"Запрос на запуск хрона"
"2017-02-17 13:00:01";"Запуск в режиме рассылки"
"2017-02-17 14:00:01";"Запрос на запуск хрона"
"2017-02-17 14:00:01";"Запуск в режиме рассылки"
"2017-02-17 15:00:01";"Запрос на запуск хрона"
"2017-02-17 15:00:01";"Запуск в режиме рассылки"
"2017-02-17 16:00:00";"Запрос на запуск хрона"
"2017-02-17 16:00:00";"Запуск в режиме рассылки"
"2017-02-17 17:00:00";"Запрос на запуск хрона"
"2017-02-17 17:00:00";"Запуск в режиме рассылки"
"2017-02-17 18:00:01";"Запрос на запуск хрона"
"2017-02-17 18:00:01";"Запуск в режиме рассылки"
"2017-02-17 19:00:01";"Запрос на запуск хрона"
"2017-02-17 19:00:01";"Запуск в режиме рассылки"
"2017-02-17 20:00:01";"Запрос на запуск хрона"
"2017-02-17 20:00:01";"Запуск в режиме рассылки"
"2017-02-17 21:00:00";"Запрос на запуск хрона"
"2017-02-17 21:00:00";"Запуск в режиме рассылки"
"2017-02-17 22:00:00";"Запрос на запуск хрона"
"2017-02-17 22:00:00";"Запуск в режиме рассылки"
"2017-02-18 09:00:01";"Запрос на запуск хрона"
"2017-02-18 09:00:01";"Запуск в режиме обслуживания"
"2017-02-18 09:00:02";"Обслуживание. Добавлено писем в рассылочную базу - 1 шт."
"2017-02-18 09:00:02";"Запуск в режиме рассылки"
"2017-02-18 09:00:03";"Рассылка. Разослано писем - 1 шт."
"2017-02-18 10:00:01";"Запрос на запуск хрона"
"2017-02-18 10:00:01";"Запуск в режиме рассылки"
"2017-02-18 11:00:00";"Запрос на запуск хрона"
"2017-02-18 11:00:00";"Запуск в режиме рассылки"
"2017-02-18 12:00:00";"Запрос на запуск хрона"
"2017-02-18 12:00:00";"Запуск в режиме рассылки"
"2017-02-18 13:00:00";"Запрос на запуск хрона"
"2017-02-18 13:00:00";"Запуск в режиме рассылки"
"2017-02-18 14:00:01";"Запрос на запуск хрона"
"2017-02-18 14:00:01";"Запуск в режиме рассылки"
"2017-02-18 15:00:01";"Запрос на запуск хрона"
"2017-02-18 15:00:01";"Запуск в режиме рассылки"
"2017-02-18 16:00:00";"Запрос на запуск хрона"
"2017-02-18 16:00:00";"Запуск в режиме рассылки"
"2017-02-18 17:00:00";"Запрос на запуск хрона"
"2017-02-18 17:00:00";"Запуск в режиме рассылки"
"2017-02-18 18:00:01";"Запрос на запуск хрона"
"2017-02-18 18:00:01";"Запуск в режиме рассылки"
"2017-02-18 19:00:01";"Запрос на запуск хрона"
"2017-02-18 19:00:01";"Запуск в режиме рассылки"
"2017-02-18 20:00:01";"Запрос на запуск хрона"
"2017-02-18 20:00:01";"Запуск в режиме рассылки"
"2017-02-18 21:00:00";"Запрос на запуск хрона"
"2017-02-18 21:00:00";"Запуск в режиме рассылки"
"2017-02-19 09:00:01";"Запрос на запуск хрона"
"2017-02-19 09:00:01";"Запуск в режиме обслуживания"
"2017-02-19 09:00:01";"Запуск в режиме рассылки"
"2017-02-19 10:00:01";"Запрос на запуск хрона"
"2017-02-19 10:00:01";"Запуск в режиме рассылки"
"2017-02-19 11:00:00";"Запрос на запуск хрона"
"2017-02-19 11:00:00";"Запуск в режиме рассылки"
"2017-02-19 12:00:00";"Запрос на запуск хрона"
"2017-02-19 12:00:00";"Запуск в режиме рассылки"
"2017-02-19 13:00:00";"Запрос на запуск хрона"
"2017-02-19 13:00:00";"Запуск в режиме рассылки"
"2017-02-19 14:00:01";"Запрос на запуск хрона"
"2017-02-19 14:00:01";"Запуск в режиме рассылки"
"2017-02-19 15:00:01";"Запрос на запуск хрона"
"2017-02-19 15:00:01";"Запуск в режиме рассылки"
"2017-02-19 16:00:01";"Запрос на запуск хрона"
"2017-02-19 16:00:01";"Запуск в режиме рассылки"
"2017-02-19 17:00:01";"Запрос на запуск хрона"
"2017-02-19 17:00:01";"Запуск в режиме рассылки"
"2017-02-19 18:00:01";"Запрос на запуск хрона"
"2017-02-19 18:00:01";"Запуск в режиме рассылки"
"2017-02-19 19:00:00";"Запрос на запуск хрона"
"2017-02-19 19:00:00";"Запуск в режиме рассылки"
"2017-02-19 20:00:00";"Запрос на запуск хрона"
"2017-02-19 20:00:00";"Запуск в режиме рассылки"
"2017-02-19 21:00:00";"Запрос на запуск хрона"
"2017-02-19 21:00:00";"Запуск в режиме рассылки"
"2017-02-20 09:00:01";"Запрос на запуск хрона"
"2017-02-20 09:00:01";"Запуск в режиме обслуживания"
"2017-02-20 09:00:01";"Запуск в режиме рассылки"
"2017-02-20 10:00:00";"Запрос на запуск хрона"
"2017-02-20 10:00:00";"Запуск в режиме рассылки"
"2017-02-20 11:00:00";"Запрос на запуск хрона"
"2017-02-20 11:00:00";"Запуск в режиме рассылки"
"2017-02-20 12:00:01";"Запрос на запуск хрона"
"2017-02-20 12:00:01";"Запуск в режиме рассылки"
"2017-02-20 13:00:00";"Запрос на запуск хрона"
"2017-02-20 13:00:00";"Запуск в режиме рассылки"
"2017-02-20 14:00:00";"Запрос на запуск хрона"
"2017-02-20 14:00:00";"Запуск в режиме рассылки"
"2017-02-20 15:00:00";"Запрос на запуск хрона"
"2017-02-20 15:00:00";"Запуск в режиме рассылки"
"2017-02-20 16:00:00";"Запрос на запуск хрона"
"2017-02-20 16:00:00";"Запуск в режиме рассылки"
"2017-02-20 17:00:00";"Запрос на запуск хрона"
"2017-02-20 17:00:00";"Запуск в режиме рассылки"
"2017-02-20 18:00:01";"Запрос на запуск хрона"
"2017-02-20 18:00:01";"Запуск в режиме рассылки"
"2017-02-20 19:00:01";"Запрос на запуск хрона"
"2017-02-20 19:00:01";"Запуск в режиме рассылки"
"2017-02-20 20:00:01";"Запрос на запуск хрона"
"2017-02-20 20:00:01";"Запуск в режиме рассылки"
"2017-02-20 21:00:01";"Запрос на запуск хрона"
"2017-02-20 21:00:01";"Запуск в режиме рассылки"
"2017-02-21 09:00:01";"Запрос на запуск хрона"
"2017-02-21 09:00:01";"Запуск в режиме обслуживания"
"2017-02-21 09:00:01";"Запуск в режиме рассылки"
"2017-02-21 10:00:01";"Запрос на запуск хрона"
"2017-02-21 10:00:01";"Запуск в режиме рассылки"
"2017-02-21 11:00:00";"Запрос на запуск хрона"
"2017-02-21 11:00:00";"Запуск в режиме рассылки"
"2017-02-21 12:00:00";"Запрос на запуск хрона"
"2017-02-21 12:00:00";"Запуск в режиме рассылки"
"2017-02-21 13:00:01";"Запрос на запуск хрона"
"2017-02-21 13:00:01";"Запуск в режиме рассылки"
"2017-02-21 14:00:01";"Запрос на запуск хрона"
"2017-02-21 14:00:01";"Запуск в режиме рассылки"
"2017-02-21 15:00:01";"Запрос на запуск хрона"
"2017-02-21 15:00:01";"Запуск в режиме рассылки"
"2017-02-21 16:00:00";"Запрос на запуск хрона"
"2017-02-21 16:00:00";"Запуск в режиме рассылки"
"2017-02-21 17:00:00";"Запрос на запуск хрона"
"2017-02-21 17:00:00";"Запуск в режиме рассылки"
"2017-02-21 18:00:01";"Запрос на запуск хрона"
"2017-02-21 18:00:01";"Запуск в режиме рассылки"
"2017-02-21 19:00:00";"Запрос на запуск хрона"
"2017-02-21 19:00:01";"Запуск в режиме рассылки"
"2017-02-21 20:00:01";"Запрос на запуск хрона"
"2017-02-21 20:00:01";"Запуск в режиме рассылки"
"2017-02-21 21:00:01";"Запрос на запуск хрона"
"2017-02-21 21:00:01";"Запуск в режиме рассылки"
"2017-02-21 22:00:00";"Запрос на запуск хрона"
"2017-02-21 22:00:00";"Запуск в режиме рассылки"
"2017-02-22 09:00:01";"Запрос на запуск хрона"
"2017-02-22 09:00:01";"Запуск в режиме обслуживания"
"2017-02-22 09:00:01";"Запуск в режиме рассылки"
"2017-02-22 10:00:00";"Запрос на запуск хрона"
"2017-02-22 10:00:00";"Запуск в режиме рассылки"
"2017-02-22 11:00:00";"Запрос на запуск хрона"
"2017-02-22 11:00:00";"Запуск в режиме рассылки"
"2017-02-22 12:00:00";"Запрос на запуск хрона"
"2017-02-22 12:00:00";"Запуск в режиме рассылки"
"2017-02-22 13:00:00";"Запрос на запуск хрона"
"2017-02-22 13:00:00";"Запуск в режиме рассылки"
"2017-02-22 14:00:00";"Запрос на запуск хрона"
"2017-02-22 14:00:00";"Запуск в режиме рассылки"
"2017-02-22 15:00:01";"Запрос на запуск хрона"
"2017-02-22 15:00:01";"Запуск в режиме рассылки"
"2017-02-22 16:00:01";"Запрос на запуск хрона"
"2017-02-22 16:00:01";"Запуск в режиме рассылки"
"2017-02-22 17:00:00";"Запрос на запуск хрона"
"2017-02-22 17:00:00";"Запуск в режиме рассылки"
"2017-02-22 18:00:00";"Запрос на запуск хрона"
"2017-02-22 18:00:00";"Запуск в режиме рассылки"
"2017-02-22 19:00:00";"Запрос на запуск хрона"
"2017-02-22 19:00:00";"Запуск в режиме рассылки"
"2017-02-22 20:00:01";"Запрос на запуск хрона"
"2017-02-22 20:00:01";"Запуск в режиме рассылки"
"2017-02-23 17:00:01";"Запрос на запуск хрона"
"2017-02-23 17:00:01";"Запуск в режиме обслуживания"
"2017-02-23 17:00:01";"Обслуживание. Добавлено писем в рассылочную базу - 2 шт."
"2017-02-23 17:00:01";"Запуск в режиме рассылки"
"2017-02-23 17:00:04";"Рассылка. Разослано писем - 2 шт."
"2017-02-23 18:00:01";"Запрос на запуск хрона"
"2017-02-23 18:00:01";"Запуск в режиме рассылки"
"2017-02-23 19:00:00";"Запрос на запуск хрона"
"2017-02-23 19:00:00";"Запуск в режиме рассылки"
"2017-02-23 20:00:01";"Запрос на запуск хрона"
"2017-02-23 20:00:01";"Запуск в режиме рассылки"
"2017-02-23 21:00:01";"Запрос на запуск хрона"
"2017-02-23 21:00:01";"Запуск в режиме рассылки"
"2017-02-24 09:00:01";"Запрос на запуск хрона"
"2017-02-24 09:00:01";"Запуск в режиме обслуживания"
"2017-02-24 09:00:02";"Обслуживание. Добавлено писем в рассылочную базу - 2 шт."
"2017-02-24 09:00:02";"Запуск в режиме рассылки"
"2017-02-24 09:00:05";"Рассылка. Разослано писем - 2 шт."
"2017-02-24 10:00:01";"Запрос на запуск хрона"
"2017-02-24 10:00:01";"Запуск в режиме рассылки"
"2017-02-24 19:00:01";"Запрос на запуск хрона"
"2017-02-24 19:00:01";"Запуск в режиме рассылки"
"2017-02-24 20:00:00";"Запрос на запуск хрона"
"2017-02-24 20:00:00";"Запуск в режиме рассылки"
"2017-02-24 21:00:01";"Запрос на запуск хрона"
"2017-02-24 21:00:01";"Запуск в режиме рассылки"
"2017-02-24 22:00:01";"Запрос на запуск хрона"
"2017-02-24 22:00:01";"Запуск в режиме рассылки"
"2017-02-24 23:00:00";"Запрос на запуск хрона"
"2017-02-24 23:00:00";"Запуск в режиме рассылки"
"2017-02-25 00:00:00";"Запрос на запуск хрона"
"2017-02-25 00:00:00";"Запуск в режиме рассылки"
"2017-02-25 01:00:00";"Запрос на запуск хрона"
"2017-02-25 01:00:00";"Запуск в режиме рассылки"
"2017-02-25 02:00:00";"Запрос на запуск хрона"
"2017-02-25 02:00:00";"Запуск в режиме рассылки"
"2017-02-25 03:00:01";"Запрос на запуск хрона"
"2017-02-25 03:00:01";"Запуск в режиме рассылки"
"2017-02-25 04:00:01";"Запрос на запуск хрона"
"2017-02-25 04:00:01";"Запуск в режиме рассылки"
"2017-02-25 05:00:01";"Запрос на запуск хрона"
"2017-02-25 05:00:01";"Запуск в режиме рассылки"
"2017-02-25 06:00:01";"Запрос на запуск хрона"
"2017-02-25 06:00:01";"Запуск в режиме рассылки"
"2017-02-25 07:00:01";"Запрос на запуск хрона"
"2017-02-25 07:00:01";"Запуск в режиме рассылки"
"2017-02-25 08:00:01";"Запрос на запуск хрона"
"2017-02-25 08:00:01";"Запуск в режиме обслуживания"
"2017-02-25 08:00:01";"Запуск в режиме рассылки"
"2017-02-25 09:00:01";"Запрос на запуск хрона"
"2017-02-25 09:00:01";"Запуск в режиме рассылки"
"2017-02-25 10:00:00";"Запрос на запуск хрона"
"2017-02-25 10:00:00";"Запуск в режиме рассылки"
"2017-02-25 11:00:00";"Запрос на запуск хрона"
"2017-02-25 11:00:00";"Запуск в режиме рассылки"
"2017-02-25 12:00:00";"Запрос на запуск хрона"
"2017-02-25 12:00:00";"Запуск в режиме рассылки"
"2017-02-25 13:00:00";"Запрос на запуск хрона"
"2017-02-25 13:00:00";"Запуск в режиме рассылки"
"2017-02-25 14:00:00";"Запрос на запуск хрона"
"2017-02-25 14:00:00";"Запуск в режиме рассылки"
"2017-02-25 15:00:01";"Запрос на запуск хрона"
"2017-02-25 15:00:01";"Запуск в режиме рассылки"
"2017-02-25 16:00:01";"Запрос на запуск хрона"
"2017-02-25 16:00:01";"Запуск в режиме рассылки"
"2017-02-25 17:00:01";"Запрос на запуск хрона"
"2017-02-25 17:00:01";"Запуск в режиме рассылки"
"2017-02-25 18:00:00";"Запрос на запуск хрона"
"2017-02-25 18:00:00";"Запуск в режиме рассылки"
"2017-02-25 19:00:00";"Запрос на запуск хрона"
"2017-02-25 19:00:00";"Запуск в режиме рассылки"
"2017-02-25 20:00:00";"Запрос на запуск хрона"
"2017-02-25 20:00:00";"Запуск в режиме рассылки"
"2017-02-25 21:00:01";"Запрос на запуск хрона"
"2017-02-25 21:00:01";"Запуск в режиме рассылки"
"2017-02-25 22:00:01";"Запрос на запуск хрона"
"2017-02-25 22:00:01";"Запуск в режиме рассылки"
"2017-02-26 07:00:01";"Запрос на запуск хрона"
"2017-02-26 07:00:01";"Запуск в режиме рассылки"
"2017-02-26 08:00:01";"Запрос на запуск хрона"
"2017-02-26 08:00:01";"Запуск в режиме обслуживания"
"2017-02-26 08:00:01";"Запуск в режиме рассылки"
"2017-02-26 09:00:01";"Запрос на запуск хрона"
"2017-02-26 09:00:01";"Запуск в режиме рассылки"
"2017-02-26 10:00:01";"Запрос на запуск хрона"
"2017-02-26 10:00:01";"Запуск в режиме рассылки"
"2017-02-26 11:00:01";"Запрос на запуск хрона"
"2017-02-26 11:00:01";"Запуск в режиме рассылки"
"2017-02-26 12:00:01";"Запрос на запуск хрона"
"2017-02-26 12:00:01";"Запуск в режиме рассылки"
"2017-02-26 13:00:00";"Запрос на запуск хрона"
"2017-02-26 13:00:00";"Запуск в режиме рассылки"
"2017-02-26 14:00:00";"Запрос на запуск хрона"
"2017-02-26 14:00:00";"Запуск в режиме рассылки"
"2017-02-26 15:00:00";"Запрос на запуск хрона"
"2017-02-26 15:00:00";"Запуск в режиме рассылки"
"2017-02-26 16:00:00";"Запрос на запуск хрона"
"2017-02-26 16:00:00";"Запуск в режиме рассылки"
"2017-02-26 17:00:01";"Запрос на запуск хрона"
"2017-02-26 17:00:01";"Запуск в режиме рассылки"
"2017-02-26 18:00:00";"Запрос на запуск хрона"
"2017-02-26 18:00:00";"Запуск в режиме рассылки"
"2017-02-26 19:00:00";"Запрос на запуск хрона"
"2017-02-26 19:00:00";"Запуск в режиме рассылки"
"2017-02-26 20:00:00";"Запрос на запуск хрона"
"2017-02-26 20:00:00";"Запуск в режиме рассылки"
"2017-02-26 21:00:01";"Запрос на запуск хрона"
"2017-02-26 21:00:01";"Запуск в режиме рассылки"
"2017-02-27 09:00:01";"Запрос на запуск хрона"
"2017-02-27 09:00:01";"Запуск в режиме обслуживания"
"2017-02-27 09:00:01";"Запуск в режиме рассылки"
"2017-02-27 10:00:00";"Запрос на запуск хрона"
"2017-02-27 10:00:00";"Запуск в режиме рассылки"
"2017-02-27 11:00:00";"Запрос на запуск хрона"
"2017-02-27 11:00:00";"Запуск в режиме рассылки"
"2017-02-27 12:00:01";"Запрос на запуск хрона"
"2017-02-27 12:00:01";"Запуск в режиме рассылки"
"2017-02-27 13:00:01";"Запрос на запуск хрона"
"2017-02-27 13:00:01";"Запуск в режиме рассылки"
"2017-02-27 14:00:01";"Запрос на запуск хрона"
"2017-02-27 14:00:01";"Запуск в режиме рассылки"
"2017-02-27 15:00:01";"Запрос на запуск хрона"
"2017-02-27 15:00:01";"Запуск в режиме рассылки"
"2017-02-27 16:00:01";"Запрос на запуск хрона"
"2017-02-27 16:00:01";"Запуск в режиме рассылки"
"2017-02-27 17:00:01";"Запрос на запуск хрона"
"2017-02-27 17:00:01";"Запуск в режиме рассылки"
"2017-02-27 18:00:01";"Запрос на запуск хрона"
"2017-02-27 18:00:01";"Запуск в режиме рассылки"
"2017-02-27 19:00:01";"Запрос на запуск хрона"
"2017-02-27 19:00:01";"Запуск в режиме рассылки"
"2017-02-27 20:00:01";"Запрос на запуск хрона"
"2017-02-27 20:00:01";"Запуск в режиме рассылки"
"2017-02-27 21:00:01";"Запрос на запуск хрона"
"2017-02-27 21:00:01";"Запуск в режиме рассылки"
"2017-02-28 09:00:01";"Запрос на запуск хрона"
"2017-02-28 09:00:01";"Запуск в режиме обслуживания"
"2017-02-28 09:00:01";"Запуск в режиме рассылки"
"2017-02-28 10:00:01";"Запрос на запуск хрона"
"2017-02-28 10:00:01";"Запуск в режиме рассылки"
"2017-02-28 11:00:00";"Запрос на запуск хрона"
"2017-02-28 11:00:00";"Запуск в режиме рассылки"
"2017-02-28 12:00:00";"Запрос на запуск хрона"
"2017-02-28 12:00:00";"Запуск в режиме рассылки"
"2017-02-28 13:00:00";"Запрос на запуск хрона"
"2017-02-28 13:00:00";"Запуск в режиме рассылки"
"2017-02-28 14:00:01";"Запрос на запуск хрона"
"2017-02-28 14:00:01";"Запуск в режиме рассылки"
"2017-02-28 15:00:01";"Запрос на запуск хрона"
"2017-02-28 15:00:01";"Запуск в режиме рассылки"
"2017-02-28 16:00:01";"Запрос на запуск хрона"
"2017-02-28 16:00:01";"Запуск в режиме рассылки"
"2017-02-28 17:00:00";"Запрос на запуск хрона"
"2017-02-28 17:00:00";"Запуск в режиме рассылки"
"2017-02-28 18:00:01";"Запрос на запуск хрона"
"2017-02-28 18:00:01";"Запуск в режиме рассылки"
"2017-02-28 19:00:01";"Запрос на запуск хрона"
"2017-02-28 19:00:01";"Запуск в режиме рассылки"
"2017-02-28 20:00:01";"Запрос на запуск хрона"
"2017-02-28 20:00:01";"Запуск в режиме рассылки"
"2017-02-28 21:00:01";"Запрос на запуск хрона"
"2017-02-28 21:00:01";"Запуск в режиме рассылки"
"2017-03-01 08:00:01";"Запрос на запуск хрона"
"2017-03-01 08:00:01";"Запуск в режиме обслуживания"
"2017-03-01 08:00:01";"Запуск в режиме рассылки"
"2017-03-01 08:00:01";"Запуск в режиме архивации журналов"
