"2017-02-02 08:00:04";dm84ya08@yandex.ru;robot@raznosilka.ru;"Не забудьте проставить оплаты"
"2017-02-02 08:00:07";dm84ya08@yandex.ru;robot@raznosilka.ru;"Возможно, вы забыли проставить оплаты"
"2017-02-03 10:00:04";dm84ya08@yandex.ru;robot@raznosilka.ru;"Возможно, вы забыли проставить оплаты"
"2017-02-03 10:00:06";dm84ya08@yandex.ru;robot@raznosilka.ru;"Возможно, вы забыли проставить оплаты"
"2017-02-12 11:31:24";dm84ya08@yandex.ru;robot@raznosilka.ru;"Разносилка. Новый аккаунт."
"2017-02-12 11:31:26";dm84ya08@yandex.ru;robot@raznosilka.ru;"Разносилка. Добро пожаловать."
"2017-02-12 11:38:49";dm84ya08@yandex.ru;robot@raznosilka.ru;"Разносилка. Новый аккаунт."
"2017-02-12 11:38:50";dm84ya08@yandex.ru;robot@raznosilka.ru;"Разносилка. Активация аккаунта."
"2017-02-12 12:47:44";dm84ya08@yandex.ru;robot@raznosilka.ru;"Разносилка. Активация аккаунта."
"2017-02-12 11:53:29";dm84ya08@yandex.ru;robot@raznosilka.ru;"Разносилка. Новый аккаунт."
"2017-02-12 11:53:30";dm84ya08@yandex.ru;robot@raznosilka.ru;"Разносилка. Активация аккаунта."
"2017-02-12 11:54:33";dm84ya08@yandex.ru;robot@raznosilka.ru;"Разносилка. Новый аккаунт."
"2017-02-12 11:54:34";dm84ya08@yandex.ru;robot@raznosilka.ru;"Разносилка. Активация аккаунта."
"2017-02-12 13:28:30";dm84ya08@yandex.ru;robot@raznosilka.ru;"Разносилка. Активация аккаунта."
"2017-02-12 12:30:02";dm84ya08@yandex.ru;robot@raznosilka.ru;"Разносилка. Добро пожаловать."
"2017-02-12 13:32:14";dm84ya08@yandex.ru;robot@raznosilka.ru;"Разносилка. Добро пожаловать."
"2017-02-12 13:52:34";dm84ya08@yandex.ru;robot@raznosilka.ru;"Разносилка. Смена e-mail."
"2017-02-12 15:45:55";dm84ya08@yandex.ru;robot@raznosilka.ru;"Разносилка. Пробный период получен."
"2017-02-12 16:14:35";dm84ya08@yandex.ru;robot@raznosilka.ru;"Разносилка. Неопределённые SMS."
"2017-02-12 19:12:39";dm84ya08@yandex.ru;robot@raznosilka.ru;"Разносилка. Новый аккаунт."
"2017-02-12 19:12:41";dm84ya08@yandex.ru;robot@raznosilka.ru;"Разносилка. Активация аккаунта."
"2017-02-12 20:26:54";dm84ya08@yandex.ru;robot@raznosilka.ru;"Разносилка. Добро пожаловать."
"2017-02-12 21:04:58";dm84ya08@yandex.ru;robot@raznosilka.ru;"Разносилка. Добро пожаловать."
"2017-02-12 21:06:36";dm84ya08@yandex.ru;robot@raznosilka.ru;"Разносилка. Добро пожаловать."
"2017-02-13 13:10:22";dm84ya08@yandex.ru;robot@raznosilka.ru;"Разносилка. Пробный период получен."
"2017-02-13 13:23:19";dm84ya08@yandex.ru;robot@raznosilka.ru;"Разносилка. Неопределённые SMS."
"2017-02-15 13:26:43";dm84ya08@yandex.ru;robot@raznosilka.ru;"Разносилка. Новый аккаунт."
"2017-02-15 13:26:44";dm84ya08@yandex.ru;robot@raznosilka.ru;"Разносилка. Активация аккаунта."
"2017-02-15 14:28:36";dm84ya08@yandex.ru;robot@raznosilka.ru;"Разносилка. Добро пожаловать."
"2017-02-15 14:32:39";dm84ya08@yandex.ru;robot@raznosilka.ru;"Разносилка. Пробный период получен."
"2017-02-15 14:32:55";dm84ya08@yandex.ru;robot@raznosilka.ru;"Разносилка. Неопределённые SMS."
"2017-02-17 09:00:03";dm84ya08@yandex.ru;robot@raznosilka.ru;"Не забудьте проставить оплаты"
"2017-02-18 09:00:03";dm84ya08@yandex.ru;robot@raznosilka.ru;"Возможно, вы забыли проставить оплаты"
"2017-02-23 17:00:03";dm84ya08@yandex.ru;robot@raznosilka.ru;"Не забудьте проставить оплаты"
"2017-02-23 17:00:04";dm84ya08@yandex.ru;robot@raznosilka.ru;"Не забудьте проставить оплаты"
"2017-02-24 09:00:03";dm84ya08@yandex.ru;robot@raznosilka.ru;"Возможно, вы забыли проставить оплаты"
"2017-02-24 09:00:05";dm84ya08@yandex.ru;robot@raznosilka.ru;"Возможно, вы забыли проставить оплаты"
